customer_id,full_name,ssn,email,account_number,account_balance,credit_score,has_defaulted
CUST_000001,Alyssa Gonzalez,667908929,lrobinson@example.com,UDAX43321819600133,47776.72,325.0,0
CUST_000002,Andrew Stevens,128-49-1292,,ZAYZ26542351161559,55420.41,389.0,0
CUST_000003,Melinda Jones,651-22-8752,frankgray@example.net,GWCB34131647525534,44952.41,503.0,0
CUST_000004,Maria Thomas,143-32-9198,julie69@example.com,WRHV50305641395376,20503.4,306.0,0
CUST_000005,Juan Dunlap,697-93-1877,kayla51@example.com,LHEQ71012269166978,15756.19,644.0,0
CUST_000006,Linda Burns,115-47-5039,brianhumphrey@example.org,NFOA48281489325288,19471.33,344.0,0
CUST_000007,Michael Brooks,530-58-1983,jeffreymorgan@example.net,CXPC82278248963834,41179.07,670.0,0
CUST_000008,Timothy Duncan,485-32-7750,glee@example.net,RHSH01031051834738,21348.79,381.0,0
CUST_000009,Joel Baxter,078-57-9017,williamsyvette@example.org,NLNN70106513338726,62475.34,466.0,0
CUST_000010,Monica Logan,678-92-7974,jamesrobinson@example.org,CYHF67736026064746,48426.67,475.0,0
CUST_000011,Scott Powell,584-32-9486,harveyrobert@example.net,SXRB50097882081219,69367.03,524.0,0
CUST_000012,Angel Lewis MD,358-09-4003,justin78@example.net,SQKI35346247510799,1923.57,623.0,0
CUST_000013,Grant Watts,874-34-8281,dking@example.org,JTZU80841241182449,53702.53,517.0,0
CUST_000014,Jacob Tran,441-17-0686,michael05@example.org,UNIB05242786801128,19498.45,552.0,0
CUST_000015,Richard Rodriguez,894057712,jamessellers@example.com,VHVD58692322602563,43556.74,670.0,0
CUST_000016,Debbie Carpenter,272-05-1777,yreed@example.com,JZHH03654145868501,3057.29,412.0,0
CUST_000017,Mary Martinez,308655068,snguyen@example.com,NTQD69340608835615,28549.93,779.0,0
CUST_000018,Julie Ramos,219-66-7753,donnacampbell@example.net,REGN62994680443699,53914.5,849.0,0
CUST_000019,Michael Snyder,250-19-0091,osbornejeffery@example.net,UTKC34332003791769,11440.91,303.0,1
CUST_000020,Christopher Hensley,461-34-4051,katie87@example.net,QOBR31727889579868,12988.22,408.0,0
CUST_000021,Gary Owens,064276884,lstein@example.net,HIOC43455812236231,11039.36,465.0,0
CUST_000022,Mr. Michael Yates,742-22-7658,tinaferguson@example.com,AYSM70546688937346,23973.78,319.0,0
CUST_000023,Trevor Fisher,855-11-7706,currybrett@example.com,SSVA16272046537556,17578.65,546.0,0
CUST_000024,Pamela Jackson,622-96-1877,tamirodriguez@example.org,HUCY00330923271937,4725.55,845.0,0
CUST_000025,Andrea Holland,013-54-8032,hamiltonmichael@example.com,JSVM63193149190586,19511.78,733.0,1
CUST_000026,John Bishop,389-44-0471,lrosales@example.com,WENF84987769453147,53327.65,708.0,1
CUST_000027,Maria Henry,812-03-1525,,GLZI54948083136783,8635.82,530.0,0
CUST_000028,Joshua Gill,190253546,lhill@example.net,SLPR85685574443135,42.91,360.0,0
CUST_000029,Nicole Garcia,013-74-4659,vmendoza@example.org,TJDG43524082400842,17469.35,797.0,0
CUST_000030,Lisa Gibbs,232-67-6233,tkerr@example.net,BIPD16719022941318,35186.66,784.0,0
CUST_000031,Michael Harrison,034-30-4721,jacqueline71@example.net,NJST09133412328120,31480.19,778.0,0
CUST_000032,Laura Roberts,128-60-4983,gbender@example.net,HIZZ93618324210249,4076.26,647.0,0
CUST_000033,Casey Stone,453-36-2974,fwalters@example.org,POCT06594013990490,10083.76,487.0,0
CUST_000034,Wayne Powell,527-01-8890,mgutierrez@example.net,PLNK51256746807154,64531.86,400.0,0
CUST_000035,Adam Russell,231-15-7561,hollanderic@example.net,LTYP70348247710932,69440.71,542.0,0
CUST_000036,Sarah Morgan,807-65-4378,campbellkenneth@example.net,JQWI67737826398214,3926.97,688.0,0
CUST_000037,Reginald Williams,763-61-6247,ymcneil@example.net,SVPE78755886753396,21036.32,798.0,0
CUST_000038,Deborah Hanson,408-84-1316,melissa86@example.com,EPBE89517187026217,40435.74,621.0,0
CUST_000039,Amber Flynn,301-46-6142,hthomas@example.com,UWYP80913431611724,11386.17,820.0,0
CUST_000040,Adam Ballard,295878956,charleslandry@example.net,SVZF22196937923747,17257.89,422.0,1
CUST_000041,Ronald Foster,009-73-0804,swall@example.org,JUNW47436713695944,5689.75,835.0,0
CUST_000042,Jason Gonzalez,806-70-5995,maria47@example.com,TZLH39421047095214,19553.9,434.0,0
CUST_000043,Paul Baker,391-82-6087,leonardthomas@example.net,XKZD71236851604817,4977.01,769.0,0
CUST_000044,Jesse Santiago,761-90-8851,umatthews@example.org,RKTH17461200471138,37694.29,435.0,1
CUST_000045,Donald Donaldson,869591502,darleneharper@example.org,NUDP96405377351585,11409.89,609.0,0
CUST_000046,Brianna Anderson,257-23-1802,andersonmichael@example.org,BZKH29318393352904,61191.36,606.0,1
CUST_000047,Theresa Williams,803-85-8544,stephen00@example.com,SKAF40268117758917,66673.31,459.0,0
CUST_000048,Kyle Phillips,518787049,mcguiredanny@example.net,MNVD77115921249985,47384.97,570.0,0
CUST_000049,Christian Leblanc,069-12-1399,reynoldsjulie@example.com,UYRX36736576615654,47388.48,583.0,0
CUST_000050,Christy Douglas,230145737,danny49@example.org,ZERB98851656049451,11699.44,,0
CUST_000051,Kylie Morales,146950503,reesejason@example.com,ZNRY99809402445502,66174.53,452.0,0
CUST_000052,Mr. Donald Fischer,117457044,campbellerika@example.com,OKFL45991022901476,9122.14,615.0,0
CUST_000053,Jeffrey Anderson MD,236-65-9155,charles06@example.org,QVJB36900343244510,26514.6,555.0,0
CUST_000054,Brian Graham,411-68-1289,vharrell@example.com,OCKS69664160529751,73024.7,458.0,1
CUST_000055,Christian Malone,078-23-8096,wwebster@example.net,HKYF18188355231243,12867.45,722.0,0
CUST_000056,Joel Johnson,378-37-1258,gilbertwilliam@example.com,OVSU95527177449058,60068.75,554.0,0
CUST_000057,Carrie Wright,449-57-8587,michaelhardin@example.com,SRZX07935978207151,64323.79,527.0,0
CUST_000058,Brenda Bailey,672-90-6422,brookehurley@example.com,NYKV90515186449251,65284.89,528.0,0
CUST_000059,Zachary Moore,303-13-8318,stanleynancy@example.net,RMUZ52816850542357,72500.13,585.0,0
CUST_000060,Emily Stokes,481-25-6027,smurray@example.com,ETME22927065379473,24501.82,328.0,0
CUST_000061,Taylor Hernandez,448-12-3638,bwilkerson@example.com,QQNF39240758181412,19542.71,411.0,0
CUST_000062,Brenda Thornton,460-79-0087,smithjason@example.org,BMQL36153051522047,73809.81,418.0,0
CUST_000063,Alexis Robertson,248-92-2353,ruben95@example.org,RXTQ61434103697117,-372.31,501.0,0
CUST_000064,Mrs. Alexis Kramer,354-31-1699,dennis58@example.com,SNFV18518888806706,23200.63,427.0,0
CUST_000065,Virginia Daniels,260-05-3132,michael05@example.com,UFYV77221704303054,29881.23,602.0,0
CUST_000066,Samantha Gardner,329141312,donna47@example.net,DZLN67652775841616,55984.16,478.0,0
CUST_000067,Brenda Lawson,801-57-0571,carlososborne@example.com,WNFW75705964016582,21161.99,740.0,0
CUST_000068,Brian Fitzgerald,512676341,greenjorge@example.com,LMSB92755719285654,50509.86,823.0,0
CUST_000069,Elijah Moore,727-90-2853,william13@example.org,GTJW73121727155188,5902.06,827.0,0
CUST_000070,Jason Andrews,129-41-1216,howens@example.com,HZPA58957829114678,17232.58,,0
CUST_000071,Todd Jacobson,867-11-4106,cynthiapierce@example.org,EYRU92268018242253,35372.79,374.0,0
CUST_000072,Martin Ray,667-27-9374,bmontgomery@example.com,UJTR18299229959001,28490.37,,0
CUST_000073,Charles Hensley,327-94-5659,xanderson@example.net,URJU47364710276773,57638.49,409.0,0
CUST_000074,Taylor Griffith,195-98-2611,dferrell@example.com,RDKH71473210469632,34573.52,555.0,1
CUST_000075,Sarah Jordan,271-94-5993,zdiaz@example.org,JPAC68733950047974,39600.46,624.0,1
CUST_000076,William Grant,375-97-2364,carriemorales@example.org,SRGL84168784991216,37610.75,756.0,1
CUST_000077,Elizabeth Rogers,849-66-8722,terickson@example.com,BBEW57872982595269,18166.6,583.0,0
CUST_000078,Mark Harvey,862492422,anthonyvaughan@example.org,ALKV16940974993097,5349.99,592.0,0
CUST_000079,Mrs. Jamie Frye DDS,546-44-8951,erica49@example.com,GAOK62636897028385,10887.71,692.0,0
CUST_000080,Jamie Baird,839-45-2400,bobby15@example.com,GHIR43443757584419,40467.14,725.0,0
CUST_000081,David Garcia,339927740,maldonadoderrick@example.net,UIXP33848421993308,70927.68,320.0,0
CUST_000082,Amanda Huff,807-64-3053,nancy04@example.net,FNUP73454019380262,26057.79,699.0,0
CUST_000083,Alexis Rogers,303-73-3165,cherylfowler@example.com,TDKJ78872874315274,40732.99,525.0,0
CUST_000084,Nathan Smith,670-47-3872,contrerassteven@example.org,NQKC61227530463745,49999.96,714.0,0
CUST_000085,Susan Todd,822-86-3579,erinlarson@example.org,MVQW41459332727956,39826.33,703.0,0
CUST_000086,Michael Love,501-12-8362,dstokes@example.org,QOQW51910883982258,64947.28,486.0,0
CUST_000087,Kimberly Brown,071-61-0520,robert26@example.com,QNOS08740640391065,56972.84,688.0,0
CUST_000088,Nathan Coleman,389-30-4056,rreed@example.org,MOMM18251286823004,35008.17,353.0,1
CUST_000089,David Robinson,885082296,jim95@example.net,XYDB69033119079030,48707.48,,1
CUST_000090,William David DDS,805-68-5223,trussell@example.com,TYVK34283644089268,9029.68,417.0,0
CUST_000091,Gary Miller,461-48-1515,brettbennett@example.net,FYRP33427086688263,12168.08,417.0,0
CUST_000092,Jennifer Allen,330-37-6237,wferguson@example.com,TBCG98373540331739,69630.98,684.0,0
CUST_000093,Lauren Cortez,303-20-3215,jerry93@example.com,ILQP71753556093204,46856.8,404.0,0
CUST_000094,Ryan Landry,685-07-0105,otaylor@example.org,RUVK47772522872808,59615.15,342.0,0
CUST_000095,Joseph Hill,294-03-8229,ldrake@example.org,CWEA38750997700886,25262.95,730.0,0
CUST_000096,Ronald Miller,879-84-0520,sullivannicholas@example.com,DQEH39845461567933,62067.4,456.0,0
CUST_000097,Benjamin Frost,557-73-0540,sarahedwards@example.org,BUAW21765918033974,60519.04,795.0,0
CUST_000098,Haley Davis,238-10-5581,unovak@example.org,SEYW61429396856218,18034.89,388.0,0
CUST_000099,Christian Dawson,650-20-6384,michael10@example.com,UIZO73586629619431,49948.23,644.0,0
CUST_000100,Linda Mueller,885-50-0203,robert18@example.org,OLYI12126788861015,59736.34,648.0,0
CUST_000101,Mr. David Wright,641-64-9729,stephentaylor@example.org,SQFV62244472126464,38505.36,495.0,0
CUST_000102,Doris Neal,503-74-3972,,MKTM57569245937526,51641.01,802.0,0
CUST_000103,Michelle Mccormick,076-58-9797,iaguilar@example.net,SGSR28073741672434,17869.54,677.0,0
CUST_000104,Brett Walker,765679143,seanmyers@example.net,WNRB58911352909656,24474.74,764.0,0
CUST_000105,Hannah Davis,740-90-7413,carlos01@example.org,SWQE50714611254573,8526.38,848.0,1
CUST_000106,Jessica Johnson,629-26-7366,tprice@example.org,KUDV23828258673622,20375.72,837.0,0
CUST_000107,Lisa Matthews,357-46-7502,lisamccarthy@example.com,GIYW19182553714785,26746.52,609.0,0
CUST_000108,Jenny Tucker,551892839,tracytaylor@example.com,TSCV25134125286692,41278.6,429.0,0
CUST_000109,Andre Juarez,300-05-4504,amandajackson@example.com,OTBL07236887676772,20967.62,790.0,0
CUST_000110,Ashley Greer PhD,305057369,michael17@example.org,SXYY78819148580783,35568.55,366.0,0
CUST_000111,Caroline Werner,300-38-9384,stephanie81@example.org,YZHG95962923309584,10764.42,611.0,0
CUST_000112,Mark Beard,096-52-8448,heather57@example.com,YZNB42232536729466,44507.58,531.0,0
CUST_000113,Bianca Phelps,808-44-0794,garciakristen@example.com,KSAY17518636374545,43933.65,739.0,0
CUST_000114,Mario Barber,774-30-7033,padillaaaron@example.com,ADFO70632424154152,71043.06,512.0,0
CUST_000115,Jacob Evans,392-97-2182,caseyelliott@example.net,CESH87005162713611,41175.41,460.0,0
CUST_000116,Charles Hill,087-32-9067,kimberly04@example.org,UFOL32697311219656,16976.46,589.0,0
CUST_000117,Bonnie Valencia,583-54-5987,kathrynbest@example.org,QTQG64037613791805,58981.02,502.0,0
CUST_000118,Diamond Collins,524-27-2546,peter14@example.net,ASCA43006848666188,61910.65,373.0,0
CUST_000119,Troy Mills,802-93-4248,nathanbrady@example.com,NXHB31617990421020,69050.04,749.0,0
CUST_000120,Carol Moore,792-14-9403,perezwilliam@example.org,XDYA56481491778507,37285.65,805.0,0
CUST_000121,Barbara Nunez,054-23-3657,finleycasey@example.com,AHBP56220863536541,45080.38,326.0,0
CUST_000122,Yolanda Parsons,751-70-4017,adamortiz@example.org,JYJK18705349493759,71284.36,575.0,0
CUST_000123,Thomas Merritt,533-53-6103,fvillegas@example.net,RLUW05064138367024,32888.32,584.0,0
CUST_000124,David Harding,140999580,moorefrank@example.com,DQEU61990623445655,6388.8,656.0,0
CUST_000125,Michael Schmitt,406-66-0803,jorge20@example.com,KNDR53747411249035,30579.2,807.0,0
CUST_000126,Deanna Hess,023-09-3240,flamb@example.com,ORXR31712100323651,33839.36,622.0,0
CUST_000127,Charles Mendez,632324836,jjenkins@example.com,DBOB29667066253244,61782.0,301.0,0
CUST_000128,Jasmine White,327-77-3589,huangkimberly@example.org,BCIM26383806578759,26814.34,810.0,0
CUST_000129,Kevin Drake,715-46-9693,warnermichael@example.net,ZPQL93213348039652,69539.29,,1
CUST_000130,Thomas Harris,134-44-2908,,SESG78427010393087,59848.19,462.0,0
CUST_000131,Wayne Steele,629-46-3658,nicholasgross@example.com,EYDQ51569154522675,63026.13,416.0,0
CUST_000132,Cynthia Haas,172-82-1454,sean43@example.org,EFXA96902959391725,53603.55,821.0,0
CUST_000133,Rachel Lane,777-88-3696,shannonlloyd@example.org,WCLI10067626765861,33987.38,448.0,0
CUST_000134,Matthew Lawson,445-21-0878,riveraterri@example.com,JAKI11526218159970,64734.03,582.0,0
CUST_000135,Brandon Colon,641-77-7870,collinclark@example.net,WRXX84443106987205,19671.54,302.0,0
CUST_000136,Jeremiah Baker,858-35-9245,hernandezheather@example.org,JCPD46774186256527,36467.85,452.0,0
CUST_000137,James Nash,036-65-9359,davidtodd@example.org,CVLZ86938068687937,27979.36,629.0,0
CUST_000138,Gabriel Hill,470-02-9627,jrodriguez@example.org,FGZG20616329451168,64128.98,720.0,0
CUST_000139,Donald Thomas,624-88-6582,,SSSY11914856467997,28648.95,455.0,0
CUST_000140,Jason Brewer,193573464,wfigueroa@example.net,HBXP45054447132475,65162.37,,0
CUST_000141,Anthony Ward,204-36-6036,owagner@example.org,LBQZ21486289023303,65255.44,458.0,0
CUST_000142,Christopher Armstrong,220-29-3689,josephortiz@example.org,VAHL79727985524140,29509.99,382.0,0
CUST_000143,John Byrd,845-80-6507,,YYVA72290349446657,23407.92,799.0,0
CUST_000144,Stephanie Trujillo,822-77-6621,erin07@example.com,RUTT44171545444328,69030.15,532.0,0
CUST_000145,John Figueroa,743-72-3000,destiny35@example.org,INMM09935387584282,65379.73,,0
CUST_000146,Kathryn Dillon,391-68-4889,jbrown@example.org,XJNZ55494717099917,3737.0,667.0,0
CUST_000147,Caroline Duran,502-98-1443,christinaschultz@example.com,GKNS72521752500743,59335.22,474.0,0
CUST_000148,James Chapman,172-09-0750,stacy78@example.net,NPMA08350583003354,37073.88,446.0,0
CUST_000149,Barbara Dawson,812-05-6148,kelsey90@example.net,QKNV25753260332309,67367.59,776.0,1
CUST_000150,Brian Meyer,638-78-2248,grivas@example.net,BVDU00167618472304,25590.2,606.0,0
CUST_000151,Susan Watts,493-43-3843,smithchristopher@example.org,XTDJ11739348356420,14540.88,693.0,0
CUST_000152,Heather Rhodes,437951899,yorkpamela@example.org,SVPE18114374470120,21838.37,602.0,0
CUST_000153,Melissa Mendoza,432-84-2733,andersonjessica@example.org,EVUF55794155216674,64812.59,350.0,1
CUST_000154,Dennis Edwards,722-87-8599,tiffanysantiago@example.com,DNSP97296590277167,58068.44,535.0,0
CUST_000155,Sarah Booth,077-97-8056,john40@example.net,QQWW91637562890028,50671.22,440.0,0
CUST_000156,Jason Hawkins,001-12-9900,pamela83@example.net,HRUM63177971775170,32782.15,673.0,0
CUST_000157,Ronald Brandt,299-71-8553,jacqueline02@example.com,VOKL03758997571130,12760.83,435.0,0
CUST_000158,Mark Powers,127-99-7382,gbarrett@example.org,EWXX61493316373516,20075.81,468.0,0
CUST_000159,Kathy Cruz,624-89-4068,raymond54@example.com,PAQX08697829221699,55865.23,646.0,0
CUST_000160,Melissa Morris,119-98-5772,qaguilar@example.net,ZEEN98485833394522,16533.91,706.0,1
CUST_000161,Brianna Brown,804-38-3343,howardshaun@example.net,NVXR46081062003424,550.86,849.0,0
CUST_000162,Sean Dalton,454-29-6026,kimberlybrandt@example.com,VXRH86384066658004,28267.43,,0
CUST_000163,John Pineda,041-20-5286,ayalacolleen@example.net,OFVC22816064842294,41886.26,526.0,0
CUST_000164,Gregory Ware,680-43-5425,kelly98@example.com,JPZS85158328182688,48517.58,419.0,0
CUST_000165,Allison Black,789-48-8427,stucker@example.net,RYUA15739930561648,6838.0,850.0,0
CUST_000166,Brittany Stevens,340-05-1434,brownlaura@example.net,GKQC12880133613861,70921.04,729.0,0
CUST_000167,Ryan Howard,515-14-4749,catherine47@example.com,CSHI66766506180919,62443.83,717.0,1
CUST_000168,Aaron Carlson,551-71-1395,jason53@example.com,MVAP28326842450882,33074.54,541.0,0
CUST_000169,Danielle Gonzalez,595-63-5421,david31@example.com,UQEF23943129087814,73327.11,667.0,0
CUST_000170,Richard Joseph,657564534,dennis57@example.com,TCGK77594929955620,61726.43,393.0,0
CUST_000171,Lynn Hess,593-52-9668,rebeccaarnold@example.net,OLYJ78129142834110,58902.99,549.0,1
CUST_000172,David Maynard,629-88-2718,seanwhite@example.net,RPUY25639427881658,41342.69,521.0,0
CUST_000173,Thomas Keith,041-84-5310,padillaadrienne@example.com,VEXX75037314530385,44496.61,583.0,0
CUST_000174,Haley Sparks,619-01-8223,scotthall@example.net,XISR92665918463865,12674.53,326.0,0
CUST_000175,Roy Johnson,045-17-9397,dennishunt@example.net,UIGE22591365177739,691.47,571.0,0
CUST_000176,Jason Thomas,597-99-2980,gary57@example.net,EBFI28699041379772,35456.57,670.0,0
CUST_000177,Sherry Schmidt,771-16-1527,mhopkins@example.net,SCHM62103886291279,2774.06,833.0,0
CUST_000178,David Cannon,880114642,ascott@example.net,AYVU68650863765991,63471.04,736.0,0
CUST_000179,Joshua Cunningham,627-36-6512,robertbowers@example.com,XZAS81806356512694,5599.68,451.0,0
CUST_000180,George Pierce,714-88-0853,paulfields@example.org,FLRR74495621372138,24051.5,843.0,0
CUST_000181,Raymond Thompson,507-57-0176,melissagalvan@example.net,EPTN11435190669849,8138.26,520.0,0
CUST_000182,James Willis,531-02-1125,dunnjessica@example.net,JGBZ98839205302146,29604.13,397.0,0
CUST_000183,Gina Wilson,526338814,heather69@example.com,SLLI39376904268181,51354.99,785.0,0
CUST_000184,Alexandra Collier,255-37-1524,vnunez@example.org,YHYK77907141633565,55279.1,433.0,0
CUST_000185,Sara Kelly,798-14-1965,loweelizabeth@example.net,RFPK53942373334333,8728.46,662.0,0
CUST_000186,Joseph Henderson,554-05-8233,phillip27@example.org,AYRB75957947284639,3384.18,594.0,0
CUST_000187,Tyler Cooper,189646946,robertgoodwin@example.com,WQOK00369155942843,49083.59,529.0,0
CUST_000188,Cassandra Porter,870-81-8471,kristen44@example.net,MIOF92931438663227,20531.9,531.0,0
CUST_000189,Jason Bell,696783260,tiffanymitchell@example.com,SBMD20347175455884,45824.78,326.0,0
CUST_000190,Greg Edwards,669384383,cnelson@example.com,VQPY71694722569961,20131.91,616.0,1
CUST_000191,Kara Brown,790-51-8585,garciachristine@example.org,XSQO62202341326111,49129.52,371.0,0
CUST_000192,Kimberly Taylor,715-70-2901,owelch@example.net,UMJH34722820055778,15742.53,729.0,0
CUST_000193,Joseph Chang,140454699,snichols@example.com,NQUU84578317456424,70576.26,386.0,1
CUST_000194,Maria Clayton,226-34-1298,hgarrett@example.net,YPJA64930853686632,5659.41,753.0,0
CUST_000195,Katherine Flores,156-07-8765,lopezcurtis@example.com,ZWVI48463122417974,56498.21,416.0,0
CUST_000196,Ryan Lynn,058356430,danielshunter@example.com,EWOX03120735647570,39283.53,615.0,0
CUST_000197,Nicholas Garner,563672002,timothy43@example.com,MADY36730371837645,22257.16,516.0,0
CUST_000198,Brittney Townsend,255-21-8191,parksmatthew@example.net,BVGD36502491630097,37052.59,740.0,0
CUST_000199,Danielle Williams,724579160,amy73@example.net,BBLU28127358573065,62418.24,662.0,0
CUST_000200,Mark Gray,190-03-5966,malikbrown@example.net,FRLK74982182744857,69047.76,620.0,0
CUST_000201,Andre Rodriguez,197-13-0522,hbarrett@example.net,MGQV78294565118102,8195.59,321.0,1
CUST_000202,Amy Jensen,542-06-1154,christian38@example.org,WSIB53910371705865,51565.56,670.0,0
CUST_000203,Jessica Garcia,812-24-9011,qwagner@example.org,DXHR63383928861957,39059.17,705.0,0
CUST_000204,Dawn Nixon,459-51-0004,birdcaitlin@example.net,RTOL58556659398368,5266.64,416.0,0
CUST_000205,Charles Richardson,597-32-3818,lisa19@example.com,EJAJ33504888992107,71845.86,451.0,0
CUST_000206,Robert Butler,889-16-3715,walterscrystal@example.org,SGXC57279194096105,56896.25,377.0,0
CUST_000207,Dylan Foster,136-44-1353,dduncan@example.net,JQBK89258320679981,56870.72,759.0,0
CUST_000208,Benjamin Frank,332-88-9438,rodriguezrobert@example.com,MICM86227837693898,23902.22,623.0,0
CUST_000209,Nicholas Miller,758073983,mistywilkins@example.org,LGKL90425979270335,20237.86,357.0,0
CUST_000210,Wendy Neal,685-03-6171,scottbrian@example.org,KWZD47705383388487,27339.69,593.0,0
CUST_000211,Ariana Stewart,888778710,lopezvincent@example.com,ZWTI07016451046368,37783.62,773.0,0
CUST_000212,Antonio Scott,397049093,jeremiah56@example.net,RWAB38457620555438,68133.27,492.0,0
CUST_000213,Charles Weaver,820262263,haley82@example.com,ECXM89363926495782,7314.39,651.0,1
CUST_000214,Timothy Shannon,757-36-2490,daniellopez@example.net,YEUS25188125205664,52925.44,749.0,0
CUST_000215,James Wells,168-25-3708,ortiztanya@example.com,TITS93933051728975,28749.95,646.0,0
CUST_000216,Jamie Edwards,627-96-9371,meyershannon@example.org,NHXV33127975736609,24391.65,695.0,0
CUST_000217,Thomas Vaughn,146-60-7401,sharpdaniel@example.net,HQRM08680347644726,65432.61,641.0,0
CUST_000218,Michael Walters,088-68-6293,nicholasjames@example.org,WREM65702793714521,49032.13,701.0,0
CUST_000219,Dawn Ellis,876-64-8905,franklintrevor@example.org,KSVE22206447421230,48083.74,636.0,0
CUST_000220,Matthew Johnson,875059472,mark10@example.org,SVPO67199038498302,51248.79,839.0,0
CUST_000221,Samantha Chang,864-71-1064,thomas14@example.com,NFFV49998279501455,22819.39,519.0,0
CUST_000222,Whitney Gomez,133-79-9219,ostone@example.com,QNQG39019817946954,11198.36,602.0,0
CUST_000223,Robert Lewis,656-26-4615,kristy44@example.net,PZFT34301071396605,66218.0,338.0,0
CUST_000224,Karen Burton,886695491,abowers@example.net,RKYA15569902355770,11146.08,485.0,0
CUST_000225,Sarah Duncan,399-24-9752,hancockkaren@example.net,BQJS58803955124056,32544.34,720.0,0
CUST_000226,Susan Wallace,026-62-8193,jamesmclean@example.net,KWBI61735743842150,56305.53,759.0,0
CUST_000227,Felicia Small,106-67-5120,lanelarry@example.org,QJYK21823076810409,67750.06,498.0,0
CUST_000228,Joshua Dunn,278194642,georgecollins@example.com,KGGJ48571422410988,20773.77,691.0,0
CUST_000229,Gary Gonzalez,777-86-8741,beltrankatelyn@example.com,ROBE07016016629979,45152.09,556.0,0
CUST_000230,Mary Mccormick,333-59-7988,jonesdaniel@example.com,SECZ71747733294562,53210.77,828.0,0
CUST_000231,Jason Oliver,562-21-7904,njones@example.net,OFJY59928161581487,67850.62,450.0,0
CUST_000232,Jeremy Parker,416-09-9802,jenningscandace@example.com,SNZN95832197199758,66289.55,327.0,0
CUST_000233,Daniel Rich,307-73-4990,wrobbins@example.org,KPUV01329022784699,5661.21,529.0,0
CUST_000234,Kevin Garrett,729-49-6653,ngraham@example.net,SATQ62405800851403,59249.24,440.0,0
CUST_000235,Brandy Taylor,826-54-7472,,FPEG86562422010276,56792.51,780.0,0
CUST_000236,William Carroll,722481855,fnixon@example.org,NROM53269097384689,62539.71,840.0,0
CUST_000237,Greg Osborne,481-59-8400,vberry@example.com,XXQY47818913718949,17502.18,768.0,0
CUST_000238,John Martinez,079-36-4130,christinahill@example.com,LZJJ20949407929049,47212.6,,0
CUST_000239,Linda Underwood,858646766,cyoung@example.net,AXDT29275243728051,42585.11,491.0,0
CUST_000240,Jeanette Baker,544-56-0195,sara76@example.net,UFGS50410276747836,39217.49,,0
CUST_000241,Nicole Navarro,603-99-3194,erica25@example.net,KQVB18569454414967,2786.85,,1
CUST_000242,Todd Douglas,856289821,ericksondavid@example.net,AVAC06181753443009,25532.59,406.0,0
CUST_000243,Destiny Brown,398-43-0985,stephanie42@example.com,EMVY92124471746542,40724.04,479.0,0
CUST_000244,Kenneth King,457-03-8155,denisesmith@example.org,CPGT62712863917410,13261.99,438.0,0
CUST_000245,Sabrina Olson,581-69-5881,evelyn60@example.net,VMIE56908776618306,2807.37,504.0,1
CUST_000246,Dr. Jeffrey Lopez,037-25-0416,tracybrown@example.net,UCLR51743280634615,61063.16,784.0,0
CUST_000247,Crystal Jones,754-19-8011,ruizsamantha@example.org,UJPR70050506138782,58453.54,639.0,0
CUST_000248,Connie Brock,437-44-6587,david98@example.org,HWUE02041792911179,32700.12,695.0,0
CUST_000249,Kevin Anderson,811-81-6163,alexistucker@example.org,KZGY09251142625827,59695.46,573.0,0
CUST_000250,Linda Love,627-12-4935,robert83@example.org,AFCW94672324876329,61586.77,600.0,0
CUST_000251,Thomas Brown,373-37-3434,nking@example.com,DQDT58837340312772,44997.93,736.0,0
CUST_000252,Michael Nguyen,798155344,coreyrojas@example.org,BDXB82207811379956,68326.35,745.0,0
CUST_000253,Vanessa Harris,131059318,ramirezdaniel@example.com,MHCP97062397265273,47632.2,672.0,0
CUST_000254,Cindy Wells,474-36-0238,pfitzgerald@example.org,ONFY53492929831687,63574.53,748.0,0
CUST_000255,Melissa Garcia,508-31-1362,steelerichard@example.org,KNSH92906007806867,28405.51,333.0,0
CUST_000256,Jacqueline Marshall,649-01-1159,vbarry@example.net,ELJH10742799077262,57112.88,440.0,0
CUST_000257,Manuel Diaz,180-83-9156,castrokim@example.org,BJNY49893195085016,8065.37,490.0,0
CUST_000258,Jonathan Gallegos,482-91-8715,shannon51@example.org,KHRD79335548640155,19151.88,756.0,0
CUST_000259,Michael Huynh,486-45-6884,brojas@example.com,OCCM24112412723804,14613.46,438.0,0
CUST_000260,Stephanie Parker,809-34-3716,swatson@example.org,GCAZ38569557988774,6128.2,627.0,0
CUST_000261,David Lopez,576-91-0569,tiffany25@example.com,ELJO29284222231059,22146.73,461.0,0
CUST_000262,Tracy Webster,588-86-2410,hmorgan@example.net,RFRJ10672752088547,37911.06,424.0,1
CUST_000263,Courtney Walls,285-26-0370,ryansean@example.net,PBEV81406937515093,26747.69,677.0,0
CUST_000264,Gregory Madden,896-72-1436,jessicawallace@example.com,CQMG75998056265650,4463.98,707.0,1
CUST_000265,Ann Ortiz,280-54-2866,wpage@example.org,ZOJF66299123478519,61662.12,375.0,0
CUST_000266,Martin Fields,128844714,swhite@example.net,GFMJ87049478730024,38560.68,431.0,0
CUST_000267,Alicia Green,596-08-2395,steven25@example.org,HADY47195979647158,72452.98,743.0,0
CUST_000268,Samantha Cohen,309-35-5940,fergusonmichael@example.org,BILN50448183219285,22461.4,465.0,0
CUST_000269,Michelle Park,822156838,hmoon@example.org,AEQJ57652132833898,67066.91,380.0,0
CUST_000270,Daniel Zavala,436-89-1831,smithtodd@example.com,APLJ52798524013223,22363.26,846.0,0
CUST_000271,Christina Lambert,030122385,stacy55@example.org,BGDB89071401401193,12425.65,645.0,0
CUST_000272,Annette Lewis,517-91-7778,helen27@example.net,QYXT38911908334280,2932.37,571.0,0
CUST_000273,Kristin Williams,336-64-1896,mcampbell@example.net,DFLM63836151718275,37101.87,596.0,0
CUST_000274,Megan Wilson,405-52-9676,figueroapatricia@example.org,JVOH86463175207167,30159.99,764.0,0
CUST_000275,Tiffany Archer,524-36-2415,qrodriguez@example.com,CLGK39613674994657,14903.74,447.0,0
CUST_000276,Billy Walton,786-64-7636,kellyjimenez@example.net,PHUE01017026952499,73140.75,433.0,0
CUST_000277,Matthew Chan,724-22-8053,ttaylor@example.com,IRKZ88006167567700,8750.4,760.0,0
CUST_000278,Lisa Gomez,292-42-1007,garzadavid@example.com,PYDS78897782806479,45961.0,554.0,1
CUST_000279,Susan Jones,313-15-5532,andrewnguyen@example.com,LZXS05616556503334,53945.2,494.0,0
CUST_000280,Michael Rogers,515-98-5564,christinacox@example.com,VNSQ64079056965917,22794.81,323.0,0
CUST_000281,Denise Knight,544-61-6998,michaeljones@example.com,GPUZ18344049639191,43542.48,349.0,0
CUST_000282,Christy Hayden,761-60-4390,umichael@example.net,QZJN85366498782082,35029.31,849.0,0
CUST_000283,Kyle Sullivan,117203145,sanchezmargaret@example.com,BQGL72324665136442,27116.21,712.0,0
CUST_000284,Angela Guzman,888-09-6669,emily16@example.net,PRNN03242044820700,41268.33,375.0,0
CUST_000285,Renee Manning,434-28-2364,thompsontara@example.com,EHDS81898471391559,46554.74,421.0,0
CUST_000286,Alisha Rasmussen,621-05-0896,johnnycruz@example.net,NISB78515867342575,41616.3,674.0,0
CUST_000287,Lynn Suarez,786836657,hillchristopher@example.com,WLZV18376064413432,2920.4,440.0,0
CUST_000288,Catherine Ramos,657-18-0051,tgonzalez@example.com,PXNK61248156985700,66931.44,443.0,0
CUST_000289,Jason White,898-49-9346,andrewjohnson@example.net,SCDF38296577242954,55318.61,606.0,0
CUST_000290,Keith Smith,539-56-7434,twilson@example.org,UTUH17342069694215,42000.78,786.0,0
CUST_000291,Dennis Williamson,255-48-9551,emiller@example.org,GZIJ76263934362620,43569.51,327.0,0
CUST_000292,Teresa Coffey DDS,767-06-0088,william64@example.com,KWMV36694118005375,43174.81,533.0,0
CUST_000293,Bruce Williams,131-64-4604,sara44@example.net,VLER09242875721586,46290.05,689.0,0
CUST_000294,Christopher Mcdonald,119-64-0669,tkelly@example.net,YIQK62572870320320,7797.11,319.0,0
CUST_000295,Mrs. Pamela White DVM,253998162,clayanthony@example.net,POPD21513422849939,37387.37,782.0,0
CUST_000296,Tiffany Nguyen,750-94-9326,jasonwilliams@example.net,VDML91520177749050,15154.3,632.0,1
CUST_000297,James Holland,670-20-1976,travis64@example.net,JKZB18961642361032,34204.6,845.0,0
CUST_000298,Lisa Hamilton,437-12-0663,teresa32@example.com,TELV15837767499616,48069.84,570.0,0
CUST_000299,Kristen Lowery,526-14-8367,dgutierrez@example.net,QUUQ14761742243864,16477.46,604.0,0
CUST_000300,Nathaniel Todd,461-80-4343,tammy23@example.org,XSIL49180172260164,35725.16,580.0,0
CUST_000301,Robert Jensen,708-87-6472,christopher20@example.org,CXTI16800610277697,29287.2,653.0,1
CUST_000302,Christopher Hernandez,720-57-7948,csmith@example.net,DAWG03723683147276,53417.67,654.0,1
CUST_000303,Jose Hardy,695-63-3800,ricerobert@example.com,HGJS60501667998407,62010.35,577.0,1
CUST_000304,Jordan Matthews,702-44-9865,sanderson@example.net,RCIU67179576024375,43805.7,548.0,0
CUST_000305,Jason Chaney,311313432,kiddmichael@example.com,WMNV57293417223297,7064.95,638.0,0
CUST_000306,Patricia Carrillo,571-35-2477,mccarthysara@example.com,LVFF80156193183745,41051.62,461.0,0
CUST_000307,Pamela Jimenez,892132528,matthew21@example.org,ZOYD19918081213524,14558.93,594.0,0
CUST_000308,Kendra Cobb,142-55-6774,hvillanueva@example.net,ONYY03754821456532,42847.07,847.0,0
CUST_000309,Mark Reeves,677-67-4846,,LAOE08115562606029,31050.32,480.0,1
CUST_000310,Stacy Harrington,415264941,,RJXX55048926738997,13566.53,596.0,0
CUST_000311,Ronnie Torres,433-65-1810,skinnerjordan@example.net,XXEQ84318848520089,73716.04,591.0,0
CUST_000312,Michael Briggs,587872294,pstone@example.org,LDBY17490753998935,9632.1,816.0,0
CUST_000313,Michael Powell,573-67-6469,,KQSG57126611062737,34148.04,563.0,0
CUST_000314,Jaclyn Crane,617-53-1808,woodkeith@example.net,PXNF28277288137702,50417.29,497.0,0
CUST_000315,Katherine Martinez,358-09-0733,tolson@example.net,EDLJ54470229604432,38403.69,388.0,0
CUST_000316,Steven Morgan,047-86-7260,debbie20@example.net,OKZM79228777251996,70154.82,306.0,0
CUST_000317,Alicia Barrett,545-24-0311,kristin39@example.com,UZYW48181398909837,22296.91,311.0,0
CUST_000318,Brian Garcia,173-37-2360,jonathandavis@example.com,CZRT56907056260856,34637.32,463.0,0
CUST_000319,Stephanie Williams,246-97-9782,trevorgoodwin@example.com,NVFB95200461526546,22978.84,420.0,0
CUST_000320,Marisa Martinez,582-53-7307,mathisvincent@example.org,DIBK78617063048913,71780.72,789.0,0
CUST_000321,David Frazier,360-81-3486,brandon89@example.org,LRFZ38687007942007,40967.21,782.0,0
CUST_000322,Erica Clark,614-43-0261,deborahsmith@example.com,JCMW12846398554743,50865.81,383.0,0
CUST_000323,Christopher Tate,714-02-2045,mwood@example.com,AAVF68768118071569,7971.76,817.0,0
CUST_000324,Craig Nicholson,406-15-4545,mjackson@example.net,AHXA45319433750479,32858.96,510.0,0
CUST_000325,Allison Booker,695-69-4144,bsmith@example.net,XSVV99219212493843,3700.5,435.0,0
CUST_000326,Emily Myers,343-11-9369,mooneyjeremiah@example.net,VUBK66418775803046,60422.11,322.0,0
CUST_000327,Tyler Wall,842-43-8515,sherryparsons@example.net,NCHG25411076095431,2919.38,652.0,0
CUST_000328,Jessica Garcia,058-72-0856,melissa61@example.net,OYDU79110065120704,73953.36,783.0,0
CUST_000329,Ashley Smith,731-09-9714,rebeccamartinez@example.net,YNHT90767699150785,73364.16,730.0,0
CUST_000330,Kimberly Thomas,481-40-9885,kelly08@example.net,ILNP97232002496854,28000.97,382.0,0
CUST_000331,Erin Lane,344-79-4910,gmurphy@example.com,VVEB38806533315377,25756.63,482.0,1
CUST_000332,Benjamin Johnson,118-19-4761,llee@example.com,ZBPH03379337563620,62529.03,323.0,1
CUST_000333,Michael Gray,807-15-5545,kevinallen@example.com,BAGG42342583230241,28135.37,535.0,0
CUST_000334,Dana Williams,631-76-3099,kristine53@example.org,VFQZ96112233865596,54239.31,415.0,0
CUST_000335,Cassidy Marquez,539-89-7919,lwells@example.com,UZIE89731791286857,66622.62,546.0,0
CUST_000336,Bradley Walton,303-57-8501,,UZSU03337363466925,52598.11,349.0,0
CUST_000337,Bradley Kirby,526-70-1281,sara11@example.org,TKNO76657546027341,56456.12,357.0,0
CUST_000338,Rachel Powell,416-75-0195,wvaldez@example.org,LBRG53544439284044,42996.33,628.0,0
CUST_000339,Jerry Hansen,384-18-9462,kevinrojas@example.com,MHHX37389877515366,30723.8,581.0,0
CUST_000340,Rebecca Mcintyre,588-51-6248,,ZVLK36668459090225,46762.48,737.0,0
CUST_000341,Victor Campbell,239-38-8592,gibsonmiguel@example.org,GPDK97412182097023,28277.17,837.0,0
CUST_000342,Kenneth Collins,208657520,james27@example.org,FKNM21286716323467,56458.42,784.0,0
CUST_000343,Rhonda Thompson,256237080,qcruz@example.org,MTZH85977790147546,34458.4,359.0,0
CUST_000344,Kathy Chan,420-58-2701,jared07@example.org,WSDM03248413768151,17835.82,508.0,0
CUST_000345,Bradley Sandoval,731572298,khoover@example.org,CUWV76563600412577,39940.48,495.0,0
CUST_000346,Kim Ramos,049-82-8567,myerskyle@example.org,ATDF41862104275230,4995.22,522.0,0
CUST_000347,Stephen Robles,851-86-2751,bradleyhunt@example.com,TABY63353310600531,657.69,494.0,1
CUST_000348,Alexandra Lewis,226-09-4563,bradley36@example.com,KRUG93866133155206,17815.79,509.0,0
CUST_000349,Lee Richards,392-66-3809,hallchristina@example.org,YTPD89241956252571,34701.91,667.0,0
CUST_000350,Linda Bautista,757-43-2200,lonnie08@example.com,JHXN39102574326303,60112.65,780.0,0
CUST_000351,Aaron Kane,072-25-0854,,UJYA35533803396852,2951.52,526.0,0
CUST_000352,Jerome Reid,279-62-1311,raymond27@example.com,SRZG38167423362934,53860.9,602.0,0
CUST_000353,Eric Campbell,576-78-7879,cookjennifer@example.org,NQTX62706614982824,37197.26,645.0,0
CUST_000354,Belinda Frederick MD,782-56-4183,william75@example.net,EGAA85766656749160,36539.97,472.0,0
CUST_000355,Mary Martin,120-99-1513,lsanders@example.org,BUMN33705024972439,13395.61,360.0,0
CUST_000356,Daniel Goodman,716-40-0106,lisasmith@example.org,QGNF64488694611952,3162.84,306.0,0
CUST_000357,Christy Harris,768-24-3144,tonya67@example.net,YWNQ64622522372817,190.18,817.0,0
CUST_000358,Derek Moses,682750686,clarklatoya@example.com,TDUF14161415093771,68412.73,799.0,0
CUST_000359,Henry Rivera,103-01-7487,,TQYI77596555535669,54025.55,848.0,1
CUST_000360,Cynthia Washington,757791334,ronnie71@example.net,TDQI35797863050505,60365.66,483.0,0
CUST_000361,Mr. David Jackson,676-90-1466,grahamjennifer@example.org,MJTG28980271487271,39247.43,662.0,0
CUST_000362,Mitchell Fitzgerald,391-84-9207,ostokes@example.com,KMYI34712871539915,42157.66,531.0,0
CUST_000363,Cheryl Price,434415981,aprilguzman@example.org,DJCD15931952569040,48567.03,332.0,0
CUST_000364,William Martinez,869-91-9404,nwelch@example.com,DMAR75243772942095,213.49,475.0,0
CUST_000365,John Bailey,401-51-1177,justin38@example.com,JWMB52330276420865,73288.36,397.0,1
CUST_000366,Alexa Barber,590-14-2419,bclements@example.net,DEKY90472927742333,51767.72,786.0,0
CUST_000367,Eric Carlson,177-84-6151,stricklandmichelle@example.net,FBDL72018596263013,40498.82,,0
CUST_000368,Michael Davis,608-24-6291,scooke@example.com,MIUU75011117830999,10386.46,707.0,1
CUST_000369,Sabrina Pearson,772-97-3400,whitecarol@example.org,JSED51826068887189,63632.9,639.0,0
CUST_000370,Vincent Jackson,674-01-4069,brandon84@example.net,AROZ51029321840118,5421.29,654.0,0
CUST_000371,Ronnie Bernard,617-71-3540,joshua96@example.org,ROES75859883103032,57559.93,706.0,1
CUST_000372,Samantha Jacobs,430-20-5184,mgray@example.org,RIIM26714628314359,33516.54,533.0,0
CUST_000373,Wayne Gray,108162880,brianna71@example.net,CIDR18615155423401,49380.73,387.0,0
CUST_000374,Cameron Smith,526-92-2548,douglasbradley@example.com,LWSJ84910256258896,19731.89,689.0,0
CUST_000375,Scott Meza,417995124,walterschase@example.org,BXUL39672757844683,7544.59,305.0,1
CUST_000376,Connor Guerra,008926963,john89@example.org,CFSB14870682778816,6090.94,741.0,0
CUST_000377,Gail Shelton,852701932,kevin44@example.org,TOFV83215285067625,26220.53,395.0,0
CUST_000378,Brian Bailey,740-24-6588,alan67@example.org,AXUS63480797050975,30742.66,386.0,0
CUST_000379,Debra Mayo,673572652,michaelhamilton@example.com,CQQE61702437654562,38843.39,689.0,0
CUST_000380,Rebecca Klein,333-97-6552,ganderson@example.org,WGDG40266502374167,12124.16,582.0,0
CUST_000381,Christian Dixon,256-36-1885,virginia36@example.org,EELQ03056906744716,18117.55,807.0,0
CUST_000382,Jessica Jensen,094-07-6232,swarren@example.net,PWZZ18923923126043,71136.17,640.0,0
CUST_000383,Catherine Smith,677-96-5270,justinramirez@example.net,HHKN70860414545635,32011.52,439.0,0
CUST_000384,Cynthia Hill,599-50-1430,andersonjulia@example.org,DNFI75541108255598,12911.61,707.0,1
CUST_000385,Joshua King,899-98-9181,patricia71@example.com,BSUG37118954738202,42978.89,548.0,0
CUST_000386,Valerie Martin,769-66-6294,rmorales@example.org,CPNQ80294240903678,69871.07,504.0,0
CUST_000387,Angel Allen,041-82-2428,sara40@example.net,FAFS39087884434481,71451.85,772.0,1
CUST_000388,Alexandra Kelly,749-36-2896,teresa89@example.org,HGRD05955184269450,4721.48,718.0,0
CUST_000389,Jessica Hernandez,491-12-8126,stephenochoa@example.org,XXWM49837354396273,11137.81,733.0,0
CUST_000390,Matthew Powell,742682250,morrisonnicholas@example.org,GSPX24042269312163,29760.78,818.0,1
CUST_000391,Peter Stafford,836-21-5037,timothy30@example.net,DAYU02314290018513,72616.32,849.0,0
CUST_000392,Charles Rios,232-88-6304,,WIUR10018418620303,49684.39,470.0,0
CUST_000393,Brittany Contreras,309-80-4703,nancy47@example.net,DJLC95151092268592,29671.14,,1
CUST_000394,Frank Anderson,786-50-5778,troy76@example.net,LIZW10225267711964,38056.06,831.0,0
CUST_000395,Kelsey Frank,831-96-3594,youngaaron@example.org,ZUKE36687887883619,34461.27,812.0,0
CUST_000396,Autumn Dominguez,147-49-0432,swatson@example.org,LRPE10552472863330,69001.34,387.0,0
CUST_000397,Charles Rose,307-61-6743,scott04@example.org,VSCP92025213109622,33877.61,511.0,0
CUST_000398,Christopher Dudley,535-49-2051,richardbrown@example.com,EBUB92820667849843,33659.76,368.0,0
CUST_000399,Larry Bradford,029-31-4624,amberjones@example.net,FXRT17756620563411,48421.73,468.0,1
CUST_000400,Eric Hooper,770376524,leonardmyers@example.com,AYJG83034199097005,24489.72,736.0,1
CUST_000401,Joel Mcclure,096-92-3795,lindseypena@example.net,EWVD56818209679042,47856.16,742.0,0
CUST_000402,Lisa Rubio DDS,510-13-0245,katiecollins@example.org,FQQX98572545960633,31931.24,304.0,0
CUST_000403,Pamela Ramos,144169319,swilliams@example.com,PDOK24214955112747,4223.56,404.0,0
CUST_000404,Danielle Nicholson,009-20-1726,nicholas96@example.org,NTVE75895516874090,8103.6,801.0,0
CUST_000405,Evan Davies,498-28-7803,ramirezbenjamin@example.org,HMOV15778711216636,43818.86,656.0,0
CUST_000406,Mark Miller,071366637,evansjennifer@example.com,PEUG59096056730306,59946.31,386.0,0
CUST_000407,Jessica Gaines,585-50-0163,christiancontreras@example.net,QGVI20165423567782,27684.61,444.0,0
CUST_000408,Margaret Lane,038-28-3075,xhorton@example.org,EKVX50272751648072,13524.4,850.0,0
CUST_000409,Harold Daniels,536-98-5503,housestephen@example.com,TMGL33905504481776,36467.97,443.0,0
CUST_000410,Paul Hanson,558-13-7277,contrerasmelissa@example.org,FRTF86646491111096,71364.07,796.0,0
CUST_000411,Matthew Parker,815543958,mcculloughrobert@example.org,HYOR61371576605384,36870.22,803.0,0
CUST_000412,Laura Anderson,652502847,hstrong@example.org,AEZL89552963863960,1829.98,525.0,0
CUST_000413,Randy Hernandez,633-91-8908,armstronganthony@example.net,NHDW28196482531106,34027.76,807.0,0
CUST_000414,Margaret Riley,106-15-7523,rodriguezjustin@example.org,EOUU52334383640412,61657.85,675.0,0
CUST_000415,Catherine Smith,183-85-9295,wilsonmatthew@example.com,CCPL36170617136657,15999.92,735.0,0
CUST_000416,Ashley Robinson,336-18-3601,lunashelby@example.com,PTTR02841390808823,74948.11,760.0,0
CUST_000417,Ricky Matthews,170-27-7993,bandrade@example.net,IPGC58477686342346,8362.65,542.0,0
CUST_000418,Elaine Serrano,661-68-5772,ljohnson@example.com,XIKT19663955172084,45574.77,738.0,0
CUST_000419,Erica Hall,068-50-4647,alisongarcia@example.com,NZFL31355251050537,3981.52,659.0,0
CUST_000420,Jesse Guzman,606-50-3874,mitchelldawn@example.net,WTZV19665533077046,21593.92,573.0,1
CUST_000421,Jennifer Hawkins,321640772,devans@example.com,AOJE60880501716445,9736.96,721.0,1
CUST_000422,Kimberly Smith,705-07-4255,rodriguezstacey@example.org,UDLT10300215632135,64888.95,555.0,0
CUST_000423,Cynthia Woods,502-36-5275,qperez@example.com,IKWT64229712529671,29148.91,445.0,0
CUST_000424,Robert Gill,527-41-5109,grios@example.org,WCLR33117030376371,47338.9,395.0,0
CUST_000425,Brian Rodriguez,017-59-3065,,EHLM79836314624912,33829.52,799.0,0
CUST_000426,James Reilly,199-38-3104,rthompson@example.net,IDRC56326868507451,54685.36,769.0,0
CUST_000427,Stephen Lyons,415-51-6438,robinsonmadison@example.net,TPQN10313100943181,29527.55,739.0,0
CUST_000428,Benjamin Lopez,467-19-0209,bpatterson@example.org,IPGF35494012897432,40821.95,433.0,0
CUST_000429,Kelly Jackson,151-13-1639,linda57@example.com,ICFV09579073710094,3154.9,,0
CUST_000430,Alicia Irwin,877-29-2321,tyler39@example.net,XLRI74570545897148,11427.76,767.0,0
CUST_000431,Xavier Parker,043-75-8521,mary16@example.com,WNLG13614878245569,9459.44,609.0,0
CUST_000432,Robert Smith,042-28-4637,brownkevin@example.com,SZZL41072728498247,18404.39,680.0,0
CUST_000433,Andrew Fitzpatrick,255-87-6329,gross@example.com,LVAB42548821423691,54312.12,539.0,0
CUST_000434,Timothy Murray,188-49-7159,taylorscott@example.com,JTJF96592342683441,5384.37,,0
CUST_000435,Rachel Carpenter,383178901,brian62@example.com,QVWL75676670806129,8604.83,732.0,0
CUST_000436,Barbara Richards,524-95-0869,zacharyhart@example.com,VAOZ87010415914975,60349.74,405.0,0
CUST_000437,Dan Wells,853-65-7272,hbrown@example.com,EHVU24407931102918,56363.41,436.0,0
CUST_000438,Kimberly Alvarez,297381639,rrichardson@example.com,MPFH84979162022328,45579.1,468.0,0
CUST_000439,Stephanie Harvey,044-46-2283,dkhan@example.com,MWZD76620471960940,30584.1,753.0,0
CUST_000440,Phillip Turner,404-09-7926,mestes@example.net,AFLQ83586812259572,44012.83,693.0,0
CUST_000441,Maurice Porter,696-61-5303,tinastokes@example.net,FSWQ84259959961002,48168.85,554.0,0
CUST_000442,Michael Gray,653-74-9118,jameshenry@example.net,ZHDF66109410175902,51630.94,608.0,0
CUST_000443,Sharon Peterson,699-94-8654,nlee@example.net,JHGX26831901302056,48285.82,545.0,0
CUST_000444,David Guzman,339-03-3671,sandra46@example.net,PQLL98217661912841,39385.63,312.0,1
CUST_000445,Thomas Baker,031-05-5539,vgreen@example.org,LCFJ18938984690819,42412.72,674.0,0
CUST_000446,Karen Anderson,741-06-1705,crawfordjeffrey@example.com,EGRX50371990516991,5010.88,369.0,0
CUST_000447,Jessica Simmons,142-15-7176,princetoni@example.com,NPJZ30003896087066,29547.11,593.0,0
CUST_000448,Cameron White,045415729,whitneyanderson@example.com,LGKN03319036890030,5723.3,849.0,0
CUST_000449,Debra Wolfe,516-14-0885,rachel97@example.com,PVDV11483753745843,69029.83,459.0,0
CUST_000450,Debra Chapman,308-11-0979,melissa67@example.org,CGEQ34831520377107,50919.7,367.0,0
CUST_000451,Susan Patrick,606-28-0449,jessica96@example.com,MMOB33626804085095,17958.22,744.0,0
CUST_000452,Willie Allen,016364496,lutzkelsey@example.com,ZXXY01864876998426,49182.95,479.0,0
CUST_000453,Jeremiah Owens,368-62-9120,rickyriley@example.org,KSMB94544901495427,71452.72,835.0,0
CUST_000454,Andrew Cohen,882-57-9501,bobby30@example.net,ITRK17244472322903,56108.12,575.0,0
CUST_000455,Kelly Calderon,698541170,jliu@example.org,IIAV58093511871813,31914.0,836.0,0
CUST_000456,Daniel Edwards,733958327,shelby69@example.org,KTZL56574902504290,33867.43,668.0,0
CUST_000457,Kelly Stewart,200-74-4802,marklloyd@example.com,VXEM11398986818097,57886.34,418.0,0
CUST_000458,Jason Hudson,847-17-8809,kimberlyrussell@example.net,HOKX13765158815793,17963.63,783.0,0
CUST_000459,Bryan Baker,568-92-7699,martinezaustin@example.com,VETI45511668297327,2169.95,729.0,0
CUST_000460,Lisa Mcknight,047-10-5816,olozano@example.com,AWFC28866526834155,61862.77,681.0,0
CUST_000461,Jordan Chapman,792-13-3806,trevor09@example.net,XNJY72298120995765,38440.95,347.0,1
CUST_000462,Dustin Wilson,281-63-7192,nicoleroberts@example.com,QSQN45652203684995,63285.91,635.0,0
CUST_000463,Rodney Wood IV,585-55-7289,mariahphillips@example.org,TYDH42138820908830,58730.29,548.0,0
CUST_000464,Jesse Moss,689-10-5158,hamiltonsarah@example.net,WWDO67412415131528,14254.39,,0
CUST_000465,Craig Liu,529-93-3510,,KGRV00329633472727,47513.61,309.0,1
CUST_000466,Mark Harper MD,303-13-3587,mccartypenny@example.com,GWFB64969357824347,54404.74,406.0,0
CUST_000467,Derek Lewis,872-53-0997,jose56@example.com,NOKH61275156277963,72928.22,445.0,0
CUST_000468,Mario Gould,629-79-5402,cassidysmith@example.net,ZONM40473504763928,38741.82,681.0,0
CUST_000469,Christopher Brooks,424-28-9060,shelbyjohnson@example.org,AZMC55810835832863,47609.78,703.0,0
CUST_000470,Patrick Nelson,087-10-1211,vsmith@example.net,YQDQ67024403304166,17376.27,567.0,0
CUST_000471,Matthew Ruiz,299-55-1525,tammyhoffman@example.com,TEDX96394568044731,24131.99,763.0,0
CUST_000472,John Rodriguez,319432356,davisgary@example.com,JWRQ36076581739063,43645.46,459.0,0
CUST_000473,Keith Russell,006353428,ugardner@example.net,SHCE69789307464520,26550.7,512.0,0
CUST_000474,Sergio Wilson,435-64-2798,jtaylor@example.com,HKOW78811616202812,60473.57,611.0,0
CUST_000475,Jacqueline Munoz,484603451,sara22@example.net,MAJD64485959224839,24248.42,393.0,0
CUST_000476,John Moore,359-82-9162,michaelsmith@example.org,WPAK62271043318751,22062.47,478.0,0
CUST_000477,Justin Martinez,535766275,barbara99@example.com,IJNS45964883192134,18363.87,773.0,0
CUST_000478,Wayne Taylor,827-57-6970,gmurphy@example.org,ZXTV73203319222705,58462.48,527.0,0
CUST_000479,Katherine Mccormick,702169141,lpearson@example.org,HRMM67548581932426,48173.72,565.0,1
CUST_000480,Kevin Murphy,378338238,lawsonarthur@example.com,LOYV56398365203758,48272.01,431.0,0
CUST_000481,Louis Reeves,723-95-2899,christopherflowers@example.org,UPMB44090797727810,70642.19,351.0,0
CUST_000482,Matthew Butler,684-86-1008,leekathleen@example.org,BOUW05184390552958,1725.91,736.0,0
CUST_000483,Keith Horton,580-60-1445,hardinian@example.org,XICF70493862044851,66198.5,335.0,0
CUST_000484,Cassandra Taylor,324533703,joshuagonzalez@example.com,FKSU02035713432406,66149.78,790.0,0
CUST_000485,Wendy Hamilton,662884730,matthewschmitt@example.net,IWOI17595587209628,66291.26,838.0,0
CUST_000486,Justin Barrett,035-42-1714,misty02@example.com,XZIC83437401827279,28378.61,667.0,0
CUST_000487,Monica Wells,250-33-6115,timothy64@example.org,PKKU12542782079799,23781.13,576.0,0
CUST_000488,Laura Taylor,680-43-0882,parkerkatie@example.com,HYQD66496902824983,58279.64,359.0,0
CUST_000489,Sarah Brooks,489-21-5648,ruizgloria@example.net,OMFO02324412336132,17073.54,463.0,0
CUST_000490,John Yang,601-04-3633,katrinawood@example.com,GPVM73162526546968,68753.09,357.0,0
CUST_000491,Dustin Hughes,841-62-0571,susan62@example.org,QATT61327303461562,28825.9,477.0,0
CUST_000492,Dr. James Wise,311554238,munozleah@example.com,MVQD71516025298670,68505.49,328.0,0
CUST_000493,Robert Luna,466560796,hcampbell@example.com,QLYP58512686120594,71101.82,804.0,0
CUST_000494,Mark Larson,366-94-0600,,OLBT54654084245607,44925.54,320.0,0
CUST_000495,Lee Cummings,832136258,morgandana@example.com,DEXE76457938970155,9351.96,481.0,1
CUST_000496,Cindy Walls,282-96-3043,walter09@example.com,NMAF41613944988305,43788.99,445.0,0
CUST_000497,Frederick Brown,295-94-9984,omatthews@example.net,FVJI06306244795133,27706.1,705.0,0
CUST_000498,Andrew Phelps,081817972,christopher85@example.com,KRMP80555572773826,54792.58,747.0,0
CUST_000499,Wanda Brooks,551-17-6201,davisjeffery@example.org,JYKO70299295966048,72640.09,665.0,0
CUST_000500,Courtney Powell,775-60-4691,,SJFF68653694551588,51481.63,430.0,0
CUST_000501,Yvonne Greene,750-53-0375,chelsea29@example.net,JARK72169666309329,63732.15,333.0,0
CUST_000502,Austin Johnson,592-60-7524,gabrielawallace@example.org,PVCL09688327532735,47793.33,406.0,1
CUST_000503,Tina Ware,551-16-9945,gonzalesmaria@example.org,ZFOQ19523710068761,73669.66,471.0,0
CUST_000504,Gerald Durham,815623443,colton17@example.net,JZMX05687611249125,54561.09,643.0,0
CUST_000505,Daniel Wood,372-92-4772,,PYHY45475749490228,18877.67,410.0,0
CUST_000506,Deanna Griffith,764676650,kmontgomery@example.com,JPWO42229464303942,12058.55,723.0,0
CUST_000507,Daniel Hernandez,624-94-1960,michaelstevens@example.net,UESQ58567287276015,35701.44,530.0,0
CUST_000508,Tracy Brown,581-67-4063,jonathanstevenson@example.net,AXZZ83350615814888,23563.13,407.0,0
CUST_000509,David Gill,489-60-1611,florescynthia@example.org,UHHW72094841312840,40801.99,395.0,0
CUST_000510,Jessica Day,604-82-7476,kingrichard@example.com,PDOC73189397490961,32064.91,468.0,0
CUST_000511,Peter White,007-41-8349,lsimpson@example.org,PUFK87844483548847,73067.08,719.0,0
CUST_000512,Michael Pennington,216-74-2533,eric62@example.org,YNVJ17582313348458,20754.99,543.0,0
CUST_000513,Emily Parker,577-51-6835,gillrichard@example.com,TVFK87964347452455,3615.12,303.0,0
CUST_000514,Christina Lewis,516-57-4489,jonesethan@example.net,LUZE74033445056658,14575.45,326.0,0
CUST_000515,Thomas Rodriguez,138-96-1213,tiffany62@example.org,PXSP06734996010548,8220.92,707.0,0
CUST_000516,Melissa Stevenson,874-47-7305,jackmcdonald@example.com,SJSG81735984884021,28758.3,679.0,1
CUST_000517,Keith Forbes,517-42-8828,vcampbell@example.net,LKGV44902166670808,34611.88,531.0,0
CUST_000518,Steve Gamble,156-84-5414,whitebarbara@example.com,CXCS18182819793164,6801.05,652.0,0
CUST_000519,Daniel Craig,335-69-7500,kaylaandrews@example.com,QYWX60694096003562,4104.27,696.0,0
CUST_000520,Tanya Barrett,207-39-2676,oritter@example.org,WSEG23421089028515,35349.24,541.0,0
CUST_000521,Belinda Costa,519758463,martinjason@example.com,YLAE71607360776336,37408.66,829.0,0
CUST_000522,Jason Nixon,103465905,mary64@example.org,XTLX56331857481700,56667.75,477.0,1
CUST_000523,John Williams,611-27-4802,christina26@example.org,WCUU67045023290282,2722.03,380.0,1
CUST_000524,Erin Oneal,036952365,ywilliams@example.net,FQEX25120734654950,62475.16,564.0,0
CUST_000525,Rhonda Smith,488614209,marcusfernandez@example.net,XQFF10531611776872,41505.5,633.0,0
CUST_000526,Darrell Lopez,676-39-5385,hbarnett@example.net,VWDP79323822311649,52381.12,835.0,0
CUST_000527,Frank Armstrong,496-45-3077,nhayes@example.com,SIYE56529060320203,43492.12,402.0,1
CUST_000528,Richard Simmons,027-70-2069,perezstephen@example.org,TIRO14855245787158,39940.33,652.0,0
CUST_000529,Christina Garner,539-77-2487,mcbridemichael@example.org,DRWJ25476818268323,35215.02,476.0,0
CUST_000530,Joseph Fisher,488-60-5275,,WQFL21293289634064,2428.08,639.0,0
CUST_000531,Jeanne Lee,855-45-1156,tabithahill@example.com,IWRV43991062272362,27619.27,645.0,0
CUST_000532,Jeffrey Short,555-96-9995,whernandez@example.net,DXXS23724501848197,52061.8,400.0,1
CUST_000533,Daisy Horn,507907086,gbrown@example.com,KIBM41769274381199,57939.33,628.0,0
CUST_000534,Derek Osborn,847-91-7994,qobrien@example.com,XXII85645101739739,15459.98,716.0,0
CUST_000535,Kelly Bentley,833-81-7075,robinsonhenry@example.net,BTDS19113599660577,38402.86,462.0,0
CUST_000536,Randy Kelley,330956576,kimberly27@example.org,KDJN07455534705742,39083.61,329.0,0
CUST_000537,Robert Huang,773-21-2762,allen39@example.com,KLTR35411659726347,1996.86,351.0,1
CUST_000538,Kim Sanders,395-14-4816,nguyenjeffrey@example.org,QWUR48826913119642,37637.04,426.0,0
CUST_000539,Karen Gonzales,570-71-9308,robertabbott@example.net,HREV40733337320430,72019.29,785.0,0
CUST_000540,Lauren Davis,804-65-7795,daniel93@example.net,MUSM45465535851253,56046.57,392.0,0
CUST_000541,Jerry Santos,356-62-2423,flemingcameron@example.net,LWWU83749079779612,72351.28,526.0,0
CUST_000542,Katie Russell,785-70-9616,michelle90@example.net,ISIX09762637484539,1013.95,309.0,0
CUST_000543,Brandon Powell,718-88-6348,ejames@example.org,YLSD19186233922071,16394.64,612.0,0
CUST_000544,Brandon Scott,621-08-9128,flemingcody@example.org,KFDJ52647124633515,63794.76,770.0,0
CUST_000545,Anne Vega,159-77-6131,patriciamccarthy@example.org,QAAK64099512397283,29485.02,404.0,0
CUST_000546,Christopher Austin,346-59-8979,hbowers@example.net,QEOA90814415298217,41890.01,589.0,0
CUST_000547,Erica Rose,589-90-8716,psherman@example.org,RCKH52373605079181,47864.9,583.0,0
CUST_000548,Elizabeth Gay,790-37-0904,lopezchristopher@example.net,JKEO34666617071587,10819.66,546.0,1
CUST_000549,Katie Maldonado,046-28-1617,ododson@example.net,XSRF50800463580688,49370.04,443.0,0
CUST_000550,Dr. Jacqueline Monroe,046-20-2322,christyscott@example.com,KCWG73990063140352,31101.71,697.0,0
CUST_000551,Jennifer Dominguez,460-17-3654,walshdarius@example.com,VSWU43460666437490,25409.11,527.0,0
CUST_000552,Kathleen Martinez,037617845,rodriguezbenjamin@example.com,CFRK24648449411631,26566.53,607.0,0
CUST_000553,Adrian Hernandez,881-33-2876,steven06@example.com,FCYW13695727908335,6869.03,431.0,0
CUST_000554,Victor Brown,702-09-6717,montgomerygeoffrey@example.com,EJQC32357071398482,70992.72,643.0,0
CUST_000555,Roger Alvarez,586836326,gina67@example.net,LBED30609069130981,31245.68,639.0,0
CUST_000556,Isabel Smith,825-39-2360,stevensjennifer@example.net,HVPT45772785324264,3552.61,372.0,0
CUST_000557,Joseph Sanchez,730-25-9313,stacydaniel@example.net,HMEU53666777675556,39502.81,723.0,0
CUST_000558,George Wu,676508479,cwhite@example.org,LORY65436271874960,30393.98,768.0,0
CUST_000559,Timothy Salazar,753-81-0579,buchananchristopher@example.org,WGMS24926932657327,24613.52,481.0,0
CUST_000560,Brian Hoffman,156-21-6803,patelchristine@example.org,BKCK53234159597752,57902.44,462.0,0
CUST_000561,Victoria Cox,452-75-9371,sethsmith@example.com,RRUP43127102676720,47328.31,,0
CUST_000562,William Simpson,637766845,michaelking@example.net,VSLK15122946213541,54664.76,314.0,1
CUST_000563,Bianca Good,640029399,turnerjames@example.com,IQAP52034476504715,-188.65,554.0,0
CUST_000564,Bradley Cole,688-11-5221,johnsondavid@example.org,MMBW46558665254837,37501.9,613.0,0
CUST_000565,Erin Ortega,628-16-0921,jamesreese@example.org,HCFL12931100591297,54451.31,836.0,0
CUST_000566,Julie Dennis,607-08-7251,williammiller@example.org,FCWC06330165837379,67554.48,667.0,0
CUST_000567,Colleen King,354-95-3945,penatammy@example.com,IERS31132532694968,943.92,529.0,0
CUST_000568,Lisa Chung,583-34-5228,zhoward@example.com,JYFC01750961701595,12258.35,675.0,0
CUST_000569,Steven Hayes,146-95-6318,,LPJY75833920567756,57729.35,349.0,0
CUST_000570,Alex Myers,311-71-4550,jameslawson@example.com,MUEM50622923106724,3141.75,418.0,0
CUST_000571,Tyler Welch MD,319-88-7029,georgealyssa@example.com,NNFP05115794238736,11061.1,309.0,0
CUST_000572,Stephanie Alvarez,288-72-5583,holly25@example.net,XLZW25971075633535,45225.39,440.0,0
CUST_000573,John Morrison,746-35-1097,mprice@example.com,SHWS93379705816295,20844.36,408.0,0
CUST_000574,Miss Kimberly Holloway,662-25-9791,phillipsbruce@example.org,WELY07330559782457,72970.54,666.0,0
CUST_000575,Theodore Hernandez,641-49-9098,,QZQJ36604432400615,15180.9,792.0,0
CUST_000576,Ronnie Brooks,027-81-7115,randall59@example.org,IOIG97429250105875,62560.03,805.0,0
CUST_000577,Isaac Kelly,084-53-5630,vasquezamy@example.net,UJKS90802711221823,7147.43,562.0,0
CUST_000578,Melissa Mendoza,044-29-3812,stephanietaylor@example.com,NUZM28137214330800,3281.05,478.0,0
CUST_000579,John Bailey,083-75-6032,randyhernandez@example.org,KMYU60847068103903,31662.64,418.0,0
CUST_000580,Dustin Johnson,618-84-8386,hharris@example.org,UXTJ48586239453546,49583.3,474.0,0
CUST_000581,Emily Robinson,186-43-3381,yarroyo@example.net,MZDX33943945703943,54846.63,681.0,0
CUST_000582,Theresa Conrad,311-57-6250,coltonrichardson@example.net,KOMT27789431910090,20023.4,694.0,0
CUST_000583,Tara Thompson,116123848,lkane@example.net,GNXL14604014247310,12091.79,435.0,0
CUST_000584,Adam Merritt,673-09-4602,jennifer34@example.org,RIIA97123166007676,30910.09,794.0,0
CUST_000585,John Martin,675-48-9028,malikfowler@example.com,VIGH70096873045195,26574.22,329.0,0
CUST_000586,Maria Hayes,553-88-2692,coopersamantha@example.net,FSML75427865619425,35972.51,799.0,0
CUST_000587,Timothy Ortega,169-95-3716,tracy55@example.net,ETKR29236161880819,23224.96,837.0,0
CUST_000588,Melissa Parker,774-52-4963,amberdavis@example.org,MQVM39561372308172,50073.25,646.0,0
CUST_000589,James Torres,635-76-7839,sheltontiffany@example.com,AAAJ13211471656094,54362.22,793.0,0
CUST_000590,Joshua Miller,742-92-1541,vjames@example.org,KLAI76816995706071,41654.99,355.0,0
CUST_000591,Julie Terry,398-69-0799,brenda87@example.org,TPBK48739610290871,36935.54,469.0,0
CUST_000592,Amanda White,349889562,cperez@example.net,OJFB49561213773062,3301.48,528.0,0
CUST_000593,Douglas Grant,433-09-1068,bakerstacy@example.com,DDFE29907756085816,33036.26,758.0,0
CUST_000594,Richard Lopez,424159170,halldylan@example.org,PMQH21021923785847,55765.54,318.0,0
CUST_000595,Rebecca Lopez,487-62-7844,coryhughes@example.net,XWMA50801849804253,6362.61,611.0,1
CUST_000596,Jennifer Goodwin,044-42-6466,leejessica@example.com,URZC22821781923653,25234.49,355.0,0
CUST_000597,Austin Miller,796-19-0655,joshua47@example.net,MOTH27986239847169,44796.31,672.0,0
CUST_000598,Michael Hester,546-67-1032,crystal44@example.net,ZKJR95478769899927,25272.46,598.0,0
CUST_000599,Stephanie Taylor,789-89-4834,gloriaward@example.net,QHKK39354358644963,36677.87,719.0,0
CUST_000600,Mitchell Randolph,471-69-5594,jonathanjones@example.org,RKGZ79821433952753,29163.68,768.0,0
CUST_000601,Miss Katherine Rodriguez,448-50-5131,taylordavid@example.org,MRMA13477894896340,3010.78,426.0,0
CUST_000602,Diane Allen,226-80-9891,sarah53@example.org,BCID88421630900159,9665.02,810.0,0
CUST_000603,Ryan Walker,471792714,samantharamirez@example.org,ARSK32638902199471,43676.61,820.0,0
CUST_000604,Allison Hubbard,211-87-8054,hclarke@example.com,HVJN99673311677269,61050.93,406.0,0
CUST_000605,Jared Wright,298-30-6217,ryu@example.net,KAPQ96793521962633,28542.03,554.0,0
CUST_000606,Darryl Richardson,267-62-2591,jeffreyrichards@example.net,HUWC70695560767616,9569.57,722.0,0
CUST_000607,Jody Carter,880-56-4564,jeremycollins@example.net,TQZG06503121980418,40859.35,621.0,0
CUST_000608,Debra Logan,547-16-7579,jennifer28@example.org,CHCT09248762303911,46624.65,597.0,0
CUST_000609,Lee Richardson,802367577,spencermckinney@example.net,HZAK24808806220722,73126.05,482.0,0
CUST_000610,Matthew Stone,806-78-9462,hwalton@example.com,HFUT01620478768868,26093.95,791.0,0
CUST_000611,Craig Smith,446-82-2412,ygrimes@example.net,FQPE03195419666450,66986.88,846.0,0
CUST_000612,Tyler Sanchez,150-82-1660,nathaniel57@example.com,EUZJ63203747677537,1408.05,448.0,0
CUST_000613,Brian Garner,576-35-0982,hickscrystal@example.com,UNCT45887071553482,73756.7,556.0,0
CUST_000614,Amanda Maxwell,747-96-9280,lutzeric@example.com,AOMK97595450891776,40358.49,667.0,0
CUST_000615,Cheyenne Hudson,428-20-6995,veronica30@example.org,KVWO42231964630040,64795.53,698.0,0
CUST_000616,Kimberly Valenzuela,760-43-5350,elizabethconley@example.net,FBIX71372711759574,49669.26,690.0,0
CUST_000617,Scott Rodriguez,152-72-3664,nicolewright@example.org,QVIZ93306745847609,41185.41,313.0,0
CUST_000618,Amy Sullivan,443-20-6787,vgood@example.com,DWRQ56669541329715,32951.32,530.0,1
CUST_000619,James Miller,085110140,ambervasquez@example.org,DJHP76936634392529,40769.44,501.0,0
CUST_000620,Erin Williams,597110648,underwoodjames@example.org,ZZWU20072024559102,51040.74,491.0,1
CUST_000621,Lawrence Barker,033-51-5549,heatherpatrick@example.com,MPDI94981942179428,20572.97,570.0,0
CUST_000622,Brittany Bolton,130-20-1204,kaylee59@example.org,QJJU66345337220109,53081.54,458.0,0
CUST_000623,Samuel King,192-64-7595,ubowers@example.com,WPNN18943705263510,46715.18,608.0,0
CUST_000624,Larry Krueger,208932958,ajohnson@example.net,EKXW65920246175202,23498.35,525.0,1
CUST_000625,Joseph Garza,627-26-7127,gibsonjennifer@example.net,LWKZ95501783325848,40502.55,713.0,0
CUST_000626,Courtney Baker,668-05-3760,ralph08@example.org,JRYO04506917679935,26740.24,523.0,1
CUST_000627,Kevin Ferguson MD,799-15-3848,vcastro@example.org,BHOH60601488608490,56286.1,309.0,0
CUST_000628,Christina Martin,100-98-4732,whitney81@example.org,RUGA61537012424462,68854.85,549.0,1
CUST_000629,Bradley Mccormick,362-23-6356,amywright@example.org,EDAH14217518878179,70846.57,,0
CUST_000630,Jessica Aguirre,795-52-3480,jameswalsh@example.net,TZZY11225288375056,57672.32,826.0,0
CUST_000631,William Peck,665-44-6809,montesmichelle@example.org,XWCX37876553007309,14034.69,826.0,0
CUST_000632,Rodney Carter,880-14-0900,elizabeth24@example.com,EDTQ81927788519053,39757.04,367.0,0
CUST_000633,Tara Morrison,873-13-5940,davisjoseph@example.com,EIKN18517446004521,62592.71,510.0,0
CUST_000634,Mary Garcia,414-97-0668,samantha61@example.net,KDFS39130448818984,48315.37,373.0,0
CUST_000635,Todd Jacobson,254-11-5474,jacobhull@example.net,KIXB21190170756814,6107.83,355.0,0
CUST_000636,Jeffrey Austin,398258648,max69@example.com,DUZA73228360849378,68279.49,717.0,0
CUST_000637,Martin Wilson,688-32-2171,halljohn@example.org,SJIH91649701693429,50334.05,847.0,0
CUST_000638,Nathaniel Floyd,890-48-5327,hgray@example.net,XCVM23419031061537,2936.52,374.0,0
CUST_000639,Antonio Small,062-96-7517,james14@example.org,IOVG23653377460406,45295.72,588.0,0
CUST_000640,John Kim,137-03-3841,jcruz@example.net,JIFN07819754373476,35286.07,846.0,0
CUST_000641,David Rosario,570-79-9412,courtneymadden@example.org,UEDI58414846019134,21770.87,447.0,0
CUST_000642,James Wilkinson,617739241,cody79@example.org,EAKY86950732146449,48419.52,311.0,0
CUST_000643,Sean Harris,423-69-1190,beckertheresa@example.com,HKBK57385736801192,44547.44,850.0,0
CUST_000644,Thomas Carr,096339803,bradleybarker@example.net,WEHX33510409614973,54308.27,516.0,0
CUST_000645,Taylor Mullins,570-90-2692,rodgerstina@example.net,FVYW07365118939406,16169.49,558.0,0
CUST_000646,Amanda Swanson,742-27-6008,mary62@example.net,AVIG22302333247073,63779.77,772.0,0
CUST_000647,Dave Hess,273-92-8524,olivia29@example.net,CFPM02508261123126,14405.03,798.0,1
CUST_000648,Julie Davis,596-15-2078,hallisabella@example.org,VSGO62974549303646,21027.85,371.0,1
CUST_000649,Juan Morgan,551-12-4255,martin22@example.org,RPMU92082832308981,22578.5,456.0,0
CUST_000650,Gail Johnson MD,028-86-0397,millerfrederick@example.net,NPGE31829716815724,-135.19,552.0,0
CUST_000651,Rebecca Gordon,297-97-4787,erik82@example.net,ZUSC13717850902556,26641.19,639.0,0
CUST_000652,Julie Williams,051-01-4281,nicholasfields@example.org,VSRP47812248905670,41151.22,479.0,0
CUST_000653,Holly Underwood,804746150,tranbenjamin@example.com,LXQI82669136248355,66792.93,501.0,0
CUST_000654,Anthony Martinez,402-33-8661,zamorarose@example.net,BNGH69987950982210,906.59,819.0,0
CUST_000655,Michael Thomas,410-80-4836,aimeebrewer@example.net,AIUX42877383638164,15563.43,337.0,0
CUST_000656,Samantha Carter,647-50-2567,sophia54@example.org,XJNJ20362586314417,58027.39,674.0,0
CUST_000657,Toni Moreno,024-99-3701,richardsonangela@example.net,FMZH55824301764644,9608.04,813.0,0
CUST_000658,Joseph Matthews,726-16-6468,lindsayshaffer@example.org,QFIK27905040433335,63522.63,469.0,0
CUST_000659,Frank Perez,417-05-1259,hullcheryl@example.net,DWTO87180933913732,42218.85,449.0,0
CUST_000660,Jason Dunn,858-77-8584,sancheznicholas@example.com,PYKM17868800230091,36316.98,364.0,0
CUST_000661,Benjamin Martinez,539-82-9422,daniel43@example.org,UWPI49160936595201,59255.26,697.0,0
CUST_000662,George Barnes,095-33-0598,david86@example.net,MQPK09263223998213,23967.37,833.0,0
CUST_000663,Shelly Brown,209-47-6400,fwilkerson@example.org,BLUA53766608112600,42547.09,685.0,0
CUST_000664,Brian Sims,497-55-9198,christineriggs@example.com,MEVO15312345506882,38508.05,685.0,1
CUST_000665,Daniel Brewer,630-93-2034,,JXBD34808735437882,25549.94,793.0,1
CUST_000666,Kyle Armstrong,641-54-9384,qkane@example.com,WATB85991449207492,16864.3,826.0,0
CUST_000667,Elizabeth Barton,318733186,pamelarodriguez@example.org,RUTY97184285969325,53656.35,421.0,0
CUST_000668,Valerie Johnson,453233538,anna38@example.net,JYEY66980690872617,50479.82,790.0,0
CUST_000669,Gloria Dunn,870196656,amy26@example.net,HKVV95382804056129,2757.4,464.0,0
CUST_000670,Emily Rogers,769-16-4128,kimberlyross@example.org,ICZR69656130876123,12058.77,484.0,0
CUST_000671,Jean Murillo,120-98-6344,charlesbarnett@example.net,HSZY48400273008696,65827.43,590.0,1
CUST_000672,Kelly Wiggins,454-83-6737,brentrichardson@example.net,KABC68094149150762,35865.96,524.0,0
CUST_000673,Justin Davis,894-63-7769,kleblanc@example.net,IIAP77946207266292,13232.25,823.0,0
CUST_000674,Emily Espinoza,176-26-5649,irodriguez@example.org,WTCY40688413337312,44090.0,,0
CUST_000675,Kenneth Cooper Jr.,224-58-1218,kurt90@example.net,OAGF11920613638527,68155.11,729.0,0
CUST_000676,Jennifer Ferguson,146608187,rosejones@example.org,FSKB26480164403734,44785.94,844.0,0
CUST_000677,Jeffery Mckenzie,896-70-3982,charlesgregory@example.net,UCPS82134862985797,45062.34,301.0,1
CUST_000678,Kathleen Mccullough,531-19-0254,kathy68@example.org,KNAK39707986617706,27463.5,344.0,0
CUST_000679,Morgan Mills,789-23-1192,marksanders@example.com,CVFF35521650587146,57534.71,658.0,0
CUST_000680,Rebecca Bean,709943766,mproctor@example.net,YTBR98436998480220,6877.63,437.0,0
CUST_000681,Robert Durham,712847232,,WIQJ24959881145788,44671.07,718.0,0
CUST_000682,Janice Hernandez,639-74-7152,jhiggins@example.org,MOMP38209746191779,38951.82,832.0,0
CUST_000683,Jeanette Luna,340-88-7482,johnsondavid@example.com,KQSG70858062350405,26851.37,458.0,0
CUST_000684,Mark Walters,137-88-8728,kristine33@example.net,RFYX55442867963259,42132.6,582.0,1
CUST_000685,Kevin Oneill,228-44-8680,curtis81@example.net,SDKM24152857256292,41595.98,483.0,0
CUST_000686,Eric Hanson,899-87-8394,housedaniel@example.com,WMLL07846850957443,25498.9,707.0,0
CUST_000687,Brian Carey,208-14-3549,michaelmercado@example.com,TPFB38593401536415,33217.91,465.0,0
CUST_000688,James Moreno,125909695,mhoffman@example.net,PXQD36750094214105,45858.92,,0
CUST_000689,Tyler Shields,598-65-6808,rryan@example.com,EYPA45238885622586,10472.3,745.0,0
CUST_000690,Tyler Lozano,085-89-7015,anthony00@example.org,FEPW58548596559428,54199.35,710.0,0
CUST_000691,Mr. Mark Simmons,756-24-1645,kevin88@example.net,EZJL39313215513055,70901.55,479.0,0
CUST_000692,Dr. Tamara Roberts,072-68-3579,jasminemorton@example.org,MMST72736774620258,60195.2,592.0,0
CUST_000693,John Harris,567605653,patelkatie@example.com,XEGC23920491060183,45946.84,336.0,0
CUST_000694,Kenneth Johnson,146-80-1479,qreyes@example.net,QWCV72257754584726,20333.23,709.0,0
CUST_000695,Tracy Frye,030-42-2979,ericmoses@example.net,HXDM08271721733739,55137.88,370.0,1
CUST_000696,Dana Lane,554275247,joseph17@example.net,GXNF16591438823255,43511.4,655.0,1
CUST_000697,Audrey Barry,619757190,lopezgrant@example.org,UOXX73264309544979,69693.39,304.0,0
CUST_000698,Robert Mullins,101-18-5969,udaniel@example.org,FBKH97871375298832,21716.01,419.0,0
CUST_000699,Heather Young,548-51-0998,harrisjoshua@example.com,RGFB04879788897535,42904.49,753.0,1
CUST_000700,Timothy Mcmahon,768-45-0394,turnertimothy@example.net,HMUC99517152391029,72073.52,769.0,0
CUST_000701,Mark Dennis,119-27-2579,delacruzsandra@example.com,XQGB93096713971912,18965.39,691.0,0
CUST_000702,Amanda Taylor,352-85-8670,,NOYV20191116612201,23337.67,661.0,0
CUST_000703,Richard Thompson,093-37-0373,igarrett@example.com,XXGB49366538027481,6522.21,650.0,0
CUST_000704,Cindy Estrada,611452101,xcolon@example.org,ASVK22946209355610,67020.88,575.0,0
CUST_000705,Stacy Osborne,027-19-7895,hendersonmichael@example.org,HODE43658585642304,55151.97,540.0,0
CUST_000706,Scott Schmidt,110-44-5234,stephanie20@example.org,PHRP40299071669063,18352.01,664.0,0
CUST_000707,Jeremy Rhodes,357-48-4671,pbridges@example.com,WWJB30109567975649,49588.52,306.0,0
CUST_000708,Nancy Gutierrez,236-13-7362,fhill@example.com,PDEZ47601080181030,46360.39,804.0,1
CUST_000709,Jordan Ortiz,105320883,vmarquez@example.org,FNQB80815712901507,13306.83,823.0,0
CUST_000710,Kelsey Kelly,437-91-7037,,BJLQ47436213009625,59844.88,789.0,1
CUST_000711,Sandra Lyons,487-03-0526,whitneyrichard@example.com,AKGV39627466621591,58080.75,768.0,1
CUST_000712,Kimberly David,070-92-9223,audrey53@example.net,DJKU90110797714004,392.41,515.0,0
CUST_000713,Margaret Wong MD,605-57-1971,jreyes@example.net,WCKZ20499809497698,13630.01,569.0,0
CUST_000714,Daniel Barker,528-86-9683,brandi19@example.com,JDNM12374077943325,37157.14,515.0,0
CUST_000715,Ryan Guerrero,676-04-4252,atkinsonrachel@example.net,ZACW42620370878211,33530.04,434.0,1
CUST_000716,Tracey Reilly,521-04-1157,tshannon@example.net,ZCHL99898972117088,60208.61,742.0,0
CUST_000717,Debbie Williams,486-41-7755,poolehector@example.org,EFYD75883978570820,35210.52,309.0,0
CUST_000718,Nicholas Myers,687-62-0820,bradley53@example.net,MSCJ96112879429688,38534.03,623.0,0
CUST_000719,Nathan Gomez,798-59-9520,owhite@example.org,DIZC96156078327488,29579.34,467.0,0
CUST_000720,Jeremy Hernandez,347-14-6324,ernestmahoney@example.net,TNWU49668349604784,33464.04,642.0,0
CUST_000721,Shirley Taylor,265517857,vickimullins@example.com,YHUN48820893486883,25482.59,721.0,0
CUST_000722,Ashley Lewis,737-53-0007,jacob30@example.com,TSCN09114131935923,42980.03,478.0,1
CUST_000723,Andre Lee,297-36-0463,emorales@example.com,KRQD65025447241916,57993.2,757.0,1
CUST_000724,Brianna Nelson,454-35-6779,cobbmary@example.net,YXPX18249898088067,10436.05,471.0,0
CUST_000725,Erik Stafford,093-42-5576,tiffany01@example.org,FMUM48698939698748,30060.34,373.0,0
CUST_000726,Kyle Mullins,569-51-3394,aedwards@example.net,TEXT20753605117160,53137.73,704.0,0
CUST_000727,Elizabeth Mata,257-23-0770,samantha64@example.net,UEDQ94559067000994,43812.44,,0
CUST_000728,Steven Duncan,802-40-5226,jameshunter@example.net,RTNN76056420456577,49482.7,381.0,0
CUST_000729,Crystal Brown,712876972,melissawilson@example.org,ANEH54662265401659,35225.53,355.0,0
CUST_000730,Michael Garcia,382-65-4116,aholder@example.net,JFYZ76774625916011,19315.15,459.0,0
CUST_000731,Denise Taylor,736534311,daniellecoleman@example.org,ADPS86778231299570,55188.29,753.0,0
CUST_000732,Valerie Reid,378-34-8423,kylemartinez@example.net,XDFB38437536596807,49597.96,633.0,0
CUST_000733,Sarah Jones,144-25-2526,imitchell@example.net,WYHQ54540064454752,40915.17,438.0,1
CUST_000734,Melinda Weiss,487-46-0207,soliscarlos@example.com,YXXP91776334272038,47144.09,745.0,0
CUST_000735,Alexandra Hodge,884-90-1702,espinozarandy@example.com,HBIK30693588249353,40244.94,391.0,0
CUST_000736,Melissa Alvarez,635-28-7379,smithgina@example.net,QJQC65244454460838,-493.03,,0
CUST_000737,Kelsey Frank DVM,783-89-9812,torrestricia@example.com,VKHU91287884869996,70995.29,788.0,0
CUST_000738,Tanner Decker,665-29-9706,pmartin@example.org,SWEP14724630198642,59655.94,682.0,0
CUST_000739,Carol Martinez,836-15-0245,jerrysmall@example.org,SZDE18706293288098,53477.82,699.0,0
CUST_000740,Edward Watson,816-12-4732,loweryjoe@example.net,CWQM76610089876108,38504.06,578.0,0
CUST_000741,Michael Davis,004-26-0277,zconley@example.org,JKUH19807468235469,63937.89,486.0,0
CUST_000742,Matthew Hendricks,307-12-1480,,ALIK96715006666411,52385.68,803.0,0
CUST_000743,Elizabeth Taylor,548939298,mmoore@example.com,RKDM99497089058366,13538.29,404.0,0
CUST_000744,Kevin White,465-10-9329,bmosley@example.net,ZAQH86888917879150,6309.87,315.0,0
CUST_000745,Paige Baird,586-48-2281,,THEA12657898260418,74846.24,774.0,0
CUST_000746,Lee Vargas,142564363,franciscomorrison@example.com,KDOP74127469211882,10529.63,572.0,0
CUST_000747,Jonathan Smith,592-19-2070,tyler09@example.org,KQSC70454218545705,63036.22,690.0,0
CUST_000748,Justin Murphy,739-36-0083,davisabigail@example.net,XBCU63564072324728,57727.51,753.0,0
CUST_000749,Margaret Mullins,061-12-1904,theresa92@example.com,FFWI73126168507105,6594.0,513.0,0
CUST_000750,Robert Wheeler,697-02-0076,sscott@example.net,ZDVC52610537092300,47001.9,343.0,0
CUST_000751,Jennifer Anderson,264367737,gutierrezjessica@example.net,CQSZ48543298769893,22060.39,669.0,1
CUST_000752,Jennifer Cohen,071-60-4863,tarabowers@example.net,ZXQE73481310450258,47284.63,632.0,0
CUST_000753,Colleen Robbins,258398880,amyponce@example.com,LOIQ35268064860673,17853.24,343.0,0
CUST_000754,George Miller,407-21-3375,jessicasmith@example.org,ZHMZ46280550774065,57695.17,554.0,0
CUST_000755,William Smith,337-38-7294,sbrown@example.org,RKYK10740913111786,74771.47,361.0,0
CUST_000756,Victor Smith,881-54-0832,floresmatthew@example.net,FUAM95354120122759,8999.97,538.0,0
CUST_000757,Juan Galvan,726-96-9665,dawn31@example.org,FLZU94795074071732,66830.59,497.0,0
CUST_000758,Logan Compton,292-09-1180,courtney13@example.net,AMJV93403910452036,2481.38,748.0,0
CUST_000759,John Shepard,014-83-0315,jduncan@example.org,KTTF85535952056100,40543.35,631.0,0
CUST_000760,Tracey Brooks,231-03-0046,yhenry@example.org,CRMW77403784233944,41366.28,370.0,0
CUST_000761,David Perkins,643-24-9383,jefferywalker@example.com,KKAG25017365426241,33782.96,,0
CUST_000762,Stephen Wilson,394-51-7276,laurajensen@example.org,DCAX09060530886843,58089.25,544.0,0
CUST_000763,Anthony Ashley,247-54-2936,dyerdonald@example.com,JVKO59887592129964,13835.14,809.0,0
CUST_000764,Colin Graves,173139962,carlosmeadows@example.net,LQFC47709207115238,23812.82,398.0,0
CUST_000765,Angela Chapman,321-73-7599,sjackson@example.org,ZDQS70591611863855,65448.7,506.0,0
CUST_000766,Christopher Hicks,340-40-0876,cowandevin@example.net,MRQB05378931869289,28839.21,801.0,0
CUST_000767,John Ramirez,217-94-2158,jonesterri@example.com,YPFA02839482322041,45249.5,372.0,0
CUST_000768,Timothy Dominguez,106-32-6111,blakefrank@example.org,STWG02020304232277,62321.87,779.0,0
CUST_000769,Kevin Carr,230-17-1164,pearsonvicki@example.org,QCNK06463005937775,30904.47,677.0,0
CUST_000770,Natalie Nicholson,069806343,kmartin@example.org,NVVX17469029831043,54939.68,611.0,0
CUST_000771,Tara Miller,525-51-5932,bruce94@example.com,ZGDN70805685667063,16941.86,694.0,0
CUST_000772,Colton Bradford,395-18-7109,davistanya@example.com,JUBO66349339650496,13006.79,725.0,0
CUST_000773,Marcus Russell,655-31-5098,barrettashley@example.com,GZNV25854218808799,52542.56,737.0,1
CUST_000774,Tiffany Johnson,707-31-1271,mccarthymichael@example.net,IHGR53247250583334,24982.22,461.0,0
CUST_000775,Heather Allen,380-73-7737,phillip98@example.com,QPMA54576947576945,41031.14,632.0,0
CUST_000776,Robin Lopez,409-77-2337,kristin59@example.com,ZCNG42125450809594,23920.54,546.0,0
CUST_000777,Donna Cuevas,272-84-8921,johnmerritt@example.com,MJOF13074235914261,18683.73,763.0,0
CUST_000778,Joseph Kelly Jr.,124-11-6036,jdavis@example.com,DJYK43079637310081,44480.09,,0
CUST_000779,Jennifer Peterson,760-19-3647,iford@example.net,KFGL42687447017320,15719.12,622.0,0
CUST_000780,Timothy Nguyen,532-85-0748,johnsonedwin@example.net,NMVK63370140052781,41301.57,458.0,0
CUST_000781,Kendra Burton,089-64-2695,gonzalezjames@example.net,FXEC42573160943913,66666.71,555.0,0
CUST_000782,Shannon Vega,241-19-2769,danielletownsend@example.com,LLWE86209297352595,68800.08,379.0,0
CUST_000783,Jordan Stanton,481-51-1502,arnoldstephen@example.net,HWTG89920457353236,51564.43,397.0,0
CUST_000784,Tiffany Hooper,228-72-9179,janicestuart@example.com,FMTP18236010712615,5425.04,357.0,1
CUST_000785,Christopher Joseph,018-82-1739,jon25@example.net,VZUN48467357422332,69733.58,423.0,0
CUST_000786,Madison Bowen,886-32-1093,schmidtjoseph@example.net,VXSE22560629535063,363.3,691.0,0
CUST_000787,Carrie Guerrero,521-37-6543,ashleycortez@example.net,ZPID30753841852013,24175.79,526.0,0
CUST_000788,Keith Hull,351437017,andre19@example.net,LMCK47055491215164,56339.44,816.0,0
CUST_000789,Mary Jones,888848129,,MSGS57875207020426,24880.7,787.0,0
CUST_000790,Jeffery Barry,237-11-9863,davidpearson@example.net,JCGS36967897609873,37387.65,433.0,0
CUST_000791,Lorraine Reyes,317-25-0506,hunter12@example.org,YAOK98897865339431,42635.47,836.0,0
CUST_000792,Walter Marshall,314408926,tcrawford@example.net,FDSC50576449747000,69272.43,391.0,0
CUST_000793,Daniel Gonzalez,603-95-6327,annette92@example.com,OSOJ16365604500635,25511.63,324.0,0
CUST_000794,Brian Rice,474-53-3382,fevans@example.com,OCDU95296353059702,60111.1,449.0,0
CUST_000795,Elizabeth Scott,075-40-1988,mhudson@example.net,TJQT89596546634544,11277.34,387.0,0
CUST_000796,Anthony Murphy,431-17-9920,ncummings@example.net,HYTH44974394640882,65090.8,594.0,0
CUST_000797,Pamela Mendoza,309-67-5698,justinmckinney@example.com,VRUY89413210972021,1217.48,514.0,0
CUST_000798,Levi Knight,843-04-2318,daniel13@example.net,LKPZ92203004496461,40934.4,444.0,0
CUST_000799,Benjamin Mccarthy,566-39-3100,heather66@example.org,OKML89635957086199,39273.33,561.0,0
CUST_000800,Clayton Russell,672-14-0307,jesse79@example.com,CCHR85034236220334,3507.94,308.0,0
CUST_000801,Valerie Kim,293-09-7632,jacob04@example.org,QXWV68008529469021,26696.55,410.0,0
CUST_000802,Nicole Blake,204262187,cindyhall@example.org,KBEH85022894665275,28242.94,401.0,1
CUST_000803,Barbara Santana,803-59-5984,kimronald@example.com,AEKM91330303346771,14515.08,768.0,0
CUST_000804,Carolyn Johnson,278-92-2160,martinezkenneth@example.org,TTLY53024530123984,22522.03,801.0,0
CUST_000805,Ricardo Garcia,488838114,mallory61@example.net,ZSZX01722240507648,46704.94,541.0,1
CUST_000806,Kyle Lang,599-89-5624,ilong@example.com,ZTFI06583872725812,18954.79,,1
CUST_000807,Jimmy Palmer,242-90-5680,vaguirre@example.net,WIQX23733791212110,20654.64,455.0,0
CUST_000808,Fernando Blackwell,783-15-8094,thompsondouglas@example.com,BVCO07403925199945,38814.2,532.0,0
CUST_000809,Melinda Green,662-49-3152,jodysmith@example.net,MXIH38722054221626,45205.35,759.0,0
CUST_000810,Christopher Dalton,629886186,charles53@example.net,GGJJ47048878995047,59907.93,441.0,0
CUST_000811,Christopher Barr,581200288,zmiller@example.com,OPIT26632956342777,74674.28,448.0,0
CUST_000812,Kevin Stewart,681909529,phall@example.com,RCEZ92059229411563,39738.6,421.0,0
CUST_000813,Kristen Davis,210-93-1753,dianawolf@example.org,VXZE62942066154980,23560.9,723.0,1
CUST_000814,Sheila Stephens,549646578,patricia19@example.org,BISR32112212154815,47581.98,580.0,0
CUST_000815,Karen Decker,534-42-6353,zcampbell@example.net,QKIR80644200629877,73939.65,573.0,0
CUST_000816,Eric Brown,292-21-4145,laurarodriguez@example.net,JYXD96234219262213,1469.38,381.0,0
CUST_000817,Christopher Hale,114959004,brownnancy@example.com,PQSY11797269999498,53257.44,682.0,0
CUST_000818,Mark Nguyen,184-35-4003,,NAXW20005328538631,16583.62,718.0,0
CUST_000819,Cassandra Peters,212-65-9985,nnunez@example.org,RWFN92990076862763,55548.68,507.0,0
CUST_000820,Benjamin Moore,518-21-3296,jenniferhernandez@example.net,PNXC85186267136841,64968.24,801.0,0
CUST_000821,Jenny Soto,380-75-2737,walterssarah@example.net,RQXH52791875067761,58104.21,689.0,0
CUST_000822,Kim Wright,710395734,rthompson@example.org,DUIH19279761781596,39980.03,339.0,0
CUST_000823,Luis Watkins,167-44-5344,carrielambert@example.net,WXEW66568629591257,74685.65,831.0,0
CUST_000824,Jeffrey Montgomery,497-03-9215,trancaitlin@example.com,UAYO42990747296694,57269.57,350.0,0
CUST_000825,David Combs,532-81-5626,raymondperkins@example.net,VVPI85994641839841,21086.55,470.0,0
CUST_000826,Stephen Johnson,409-18-7516,sanderskelly@example.net,DMJY98044509286052,10239.09,762.0,0
CUST_000827,Eric Briggs,565-31-9749,vgreen@example.org,BARF48458130889830,67021.77,,0
CUST_000828,Paula Kelly,209-03-5857,jcarter@example.com,RLNH02750003056619,67194.62,506.0,1
CUST_000829,Regina Johnson,647-97-3344,swatson@example.org,YSGO84679087018726,53215.97,467.0,0
CUST_000830,Todd Gray,807-17-1915,renee99@example.com,BHIJ44299067456865,26902.23,836.0,0
CUST_000831,Steven Torres,296-88-5336,carla96@example.com,PEKN22219053347047,11572.43,689.0,0
CUST_000832,David Anderson,190-12-1114,xyoung@example.net,FDHR35071245531290,64631.77,466.0,0
CUST_000833,Michael Jackson,862-45-2293,craig18@example.com,EUOP26488395855852,22868.63,756.0,0
CUST_000834,John Duran,654-28-5843,kennethrusso@example.net,PLTC71050805491477,-233.27,559.0,0
CUST_000835,Jordan Johnson,200-16-8682,robertrusso@example.org,XXJD71594973449305,45402.79,805.0,0
CUST_000836,John Smith,848-72-7124,lesliebrown@example.org,WGHU89260878828152,5495.07,306.0,0
CUST_000837,Chelsea Ramirez,391641436,yramos@example.org,DOWJ65353780189156,61806.56,350.0,0
CUST_000838,Kevin Willis,030-89-0606,williamscaitlin@example.com,SZMS14336299946645,1948.62,605.0,0
CUST_000839,Noah Robertson,530-39-7501,samuel85@example.com,PHSA83521189684424,11680.81,591.0,0
CUST_000840,Stephanie Singleton,859-10-2256,allison39@example.com,KUWS58281902217978,12895.15,766.0,0
CUST_000841,Clarence Robinson,031278654,karen81@example.org,COAK98445143672868,23873.05,688.0,0
CUST_000842,Ethan Castro,436-55-9588,jeffreymccormick@example.org,SHTP81459009921779,35046.67,424.0,0
CUST_000843,Angela Wright,879-69-2059,pparker@example.com,UVKX88070532601193,52035.13,359.0,0
CUST_000844,Elizabeth Espinoza,212-52-1142,sarah87@example.org,LDHX60908581810450,36016.56,594.0,0
CUST_000845,Lori Stephens,895-97-7049,richardsonstephanie@example.com,MYME71358969335390,46554.93,432.0,0
CUST_000846,Tyler Austin,676188325,thomaswhite@example.org,VHCU56639792551164,60502.52,,0
CUST_000847,Steven Hanson,714-60-5298,matthewbrennan@example.net,FRTN66053428164416,46722.29,420.0,0
CUST_000848,Jay Peck,522-14-4314,erica71@example.net,JNIB51038802730427,2934.66,,0
CUST_000849,Jonathan Gallagher,285798342,uhubbard@example.com,YSHS53096906764909,20762.82,369.0,0
CUST_000850,Nina Combs,841-35-0576,kevinclark@example.net,DWHY58727174306881,51280.6,649.0,0
CUST_000851,David Hall,009780205,mcmahonmichael@example.net,YQCQ73877583336477,14148.18,646.0,1
CUST_000852,Matthew Cole,138-01-4400,carl07@example.net,UNAF82625420412319,9749.42,459.0,0
CUST_000853,Tammy Thomas,284-70-7629,matthewsjill@example.com,SWID93245381097941,58691.17,723.0,1
CUST_000854,Melissa Nunez,177-54-1634,fergusonchristy@example.org,EXMI96322517422404,50703.92,848.0,0
CUST_000855,Amanda Rogers,812-31-6405,egriffith@example.net,GJMQ61630702867202,59581.6,367.0,1
CUST_000856,Robert Sheppard,027-60-3543,wdavis@example.org,LGNR90057795001732,46801.57,469.0,0
CUST_000857,Robert King,892-91-4577,fsparks@example.org,UOFF11386908716722,56241.29,622.0,0
CUST_000858,Charles Wong,016-19-5609,jasonmatthews@example.org,SFRZ17074436023442,27554.56,609.0,0
CUST_000859,Danny Anderson,419-11-7629,,EXVX09447726903265,58223.17,394.0,0
CUST_000860,Jeffrey Gilmore,776904679,jscott@example.com,LWLS85160211915891,13860.98,795.0,0
CUST_000861,Jessica Sandoval,091-73-1795,henrychristine@example.net,ZQVN23760088447408,65320.82,828.0,0
CUST_000862,Jeffrey Cole,041-65-2585,walkertammy@example.com,ECNJ00698369235348,53382.64,834.0,0
CUST_000863,Alex Dunn,386-32-4780,,KINF20212372055033,65326.57,641.0,0
CUST_000864,Lori Hoover,143-88-8102,sarahharmon@example.net,TAAQ89911416009169,23092.3,619.0,0
CUST_000865,Andrew Johnson,612768439,gabrielle36@example.org,VRYS79060854818674,39686.82,751.0,0
CUST_000866,Ellen Kaufman,194-82-4257,jonesjames@example.org,DXHO11815198545829,71851.5,826.0,0
CUST_000867,Anna Pierce,274-83-0263,jasmineryan@example.org,INNA75699944946672,70717.48,590.0,0
CUST_000868,Michael Conway MD,809463157,ocollins@example.com,WQEE38794026208581,40313.57,351.0,0
CUST_000869,Vanessa Reed,019-37-6514,warebruce@example.net,OAAJ12918285181612,3561.89,736.0,0
CUST_000870,Nichole Thompson,131-73-7000,belldavid@example.net,FHBI66001283827101,51604.43,756.0,0
CUST_000871,Daniel Walters,393-04-1755,cookadam@example.com,IRWL07665344604227,50150.71,846.0,0
CUST_000872,Evan Garcia,696-17-7518,philliphatfield@example.net,XXZU34724358617682,6515.17,779.0,0
CUST_000873,Elaine Mcdonald,083-85-2616,fowlermichael@example.org,MNWZ65622419768784,35026.21,529.0,0
CUST_000874,Sherry Molina,561201810,christophergibbs@example.com,NDZQ48974223543404,13343.16,638.0,0
CUST_000875,Craig Pierce MD,475-32-0042,ohall@example.com,ITXY52549206441119,35387.74,659.0,0
CUST_000876,Alicia Bradford,837-13-0717,christopherochoa@example.com,VSZJ88218849680664,42888.21,820.0,0
CUST_000877,Brian Blair PhD,395-07-0958,frankkey@example.org,JGVX41230160498603,48533.58,609.0,0
CUST_000878,Michael Adkins,604-60-9090,vwilliams@example.org,DTOR99901140034713,40870.15,793.0,0
CUST_000879,Tyler Peterson,346682714,johnsonsandra@example.net,UYME59084194785501,58715.71,745.0,0
CUST_000880,Ashley Gilbert,855202127,ericakoch@example.net,QVOQ07279037161608,50055.19,798.0,0
CUST_000881,Kimberly Nunez,734-71-6003,steven80@example.org,UMIP71837530768102,33113.83,615.0,1
CUST_000882,Sarah Green,683-61-0327,rowen@example.net,FUIV43236221690696,57736.43,688.0,0
CUST_000883,Timothy Robinson,373-06-8564,patricia24@example.org,LCNT13952150164261,9988.21,300.0,0
CUST_000884,Nancy Burke,829-10-0254,michele02@example.org,WXWD98392484813004,45975.7,757.0,0
CUST_000885,Alan Wilson,780-36-8171,jgreen@example.com,LCMP58646339534811,68446.92,611.0,1
CUST_000886,Brett Young,382-98-9221,vhunter@example.com,QZSZ61573855128177,74266.84,308.0,0
CUST_000887,Julie Johnson,067571668,murraybruce@example.net,IEMU09723602446546,4212.0,354.0,0
CUST_000888,Stacy Phillips,075-39-8246,janice26@example.org,ODLM47837031754380,20806.8,331.0,0
CUST_000889,Adam Delgado,387883390,timothyjones@example.net,FSFK46862728840766,28400.62,690.0,0
CUST_000890,Steven Benson,817-34-8471,ogarza@example.org,GKGX86762592386879,41434.33,668.0,0
CUST_000891,Erin Nash,440-33-0145,james56@example.com,BWKY53405089273961,9637.95,373.0,0
CUST_000892,Christopher Clark,413-96-2134,lchandler@example.org,BXPQ97755426190384,73110.61,439.0,0
CUST_000893,Richard Moore,557-48-1869,joseph86@example.net,WFFU27111757691716,59064.1,735.0,0
CUST_000894,Zachary Zamora,189-87-6513,tyler10@example.com,RHBL21690392202698,28545.96,531.0,0
CUST_000895,Jason Ellis,260366173,melissaroy@example.com,RACO70316370500493,17374.62,813.0,0
CUST_000896,Lisa Salazar,564-42-1782,joannawalker@example.com,FSIZ76380839065402,2358.81,794.0,0
CUST_000897,Jeffrey Barnes,405-83-5426,shawnmartin@example.net,WFYP28129163504960,10227.6,839.0,1
CUST_000898,Wendy Molina,867-03-2780,gardnerelizabeth@example.org,JLGS74995070886406,5406.71,390.0,0
CUST_000899,Steven Bailey,198323380,adamjackson@example.com,SFTB22154390448909,51147.59,619.0,0
CUST_000900,Kristen Castro,712-27-3173,jamesmartin@example.org,CBEZ55501935450369,33779.63,780.0,0
CUST_000901,Amy Deleon,770-77-6436,rebecca99@example.net,MFSN20805983124412,21743.65,471.0,0
CUST_000902,Kurt Camacho,657-12-9280,rachelpeterson@example.org,EBDE37631774954210,42059.82,362.0,0
CUST_000903,Katie Hardin,258-50-1686,jacquelinezamora@example.com,SEFM71317536264752,21527.37,327.0,0
CUST_000904,Amy Vazquez,881-43-5811,stewartjoseph@example.net,DOZY30099284524032,20477.58,435.0,0
CUST_000905,Patrick Heath,158-12-8221,jeanking@example.net,YEDS14308779724792,45088.53,454.0,0
CUST_000906,Shirley Todd,604769146,wgomez@example.net,KWRZ19204877067693,17332.79,485.0,0
CUST_000907,Erica Kim,813-62-2212,bkramer@example.net,BFKO84640858588382,10452.8,457.0,0
CUST_000908,Sean Smith,109-69-3005,jessica62@example.com,QIMP29254355196282,49380.38,471.0,0
CUST_000909,Adam Smith,720-84-6841,sjackson@example.com,OFRN39420122341499,56539.04,418.0,0
CUST_000910,Lisa Williams,779-11-9420,johnhines@example.net,BENM04509563217400,71093.01,845.0,0
CUST_000911,Mr. James Ross,702-96-6849,wellsryan@example.org,TFEF47119360060827,39548.38,745.0,0
CUST_000912,Mary Mathews,690-15-3369,kristinwilson@example.net,MJGW85009537234617,72113.09,342.0,0
CUST_000913,Matthew Price,371-62-6885,hendersonheather@example.com,ZTIJ16423165441372,45591.66,579.0,0
CUST_000914,Krystal Thompson,715-24-0675,justinrobinson@example.com,TJFT04617551887017,29032.11,547.0,0
CUST_000915,Alexandra Howard,301998783,,IYIC72345653869479,51616.01,,0
CUST_000916,Emily Harmon,275-23-1498,pbarber@example.com,RSBI72386410095385,30549.28,837.0,0
CUST_000917,Jonathan Knox,269-36-3478,uwilliams@example.com,YSTA09378146047614,14077.5,324.0,0
CUST_000918,Rose Francis,585050980,shawnmiddleton@example.org,CRYO56467263681541,15870.27,424.0,0
CUST_000919,Andrew Mccarthy,455-35-6961,jasonsanders@example.net,SDAY84507860435660,49057.79,489.0,1
CUST_000920,Jose Romero,520-56-5392,waynerivera@example.net,OVGA67182226679419,70181.75,764.0,1
CUST_000921,Sarah Walsh,585182278,bensonbrian@example.net,ZBMP39634289876055,57625.98,631.0,0
CUST_000922,Megan Hobbs,486259507,katiehicks@example.net,RNYW18670663201629,28838.58,361.0,0
CUST_000923,Ronald Bishop,176529623,eric39@example.net,CVSR27182653371708,73446.36,505.0,0
CUST_000924,Amy Morgan,552-57-3111,richardsonwendy@example.net,VVHC35490145996706,57537.4,523.0,0
CUST_000925,Tiffany Nelson,228-87-1867,nicole89@example.org,FIHR84302178167806,2132.0,372.0,0
CUST_000926,Edwin Griffin,050-27-0510,holmesrachel@example.org,DMUI92815037017092,10738.5,300.0,1
CUST_000927,Mary Church,579-24-7651,christopher68@example.org,OFME82968244850072,67798.62,303.0,0
CUST_000928,Bryan Brown,776-23-6903,,NSVD96127662080820,63225.71,371.0,0
CUST_000929,Shawn Lewis,611-03-9594,mcmillaneric@example.org,IGKZ96245870120424,35896.01,848.0,1
CUST_000930,Evan Richard,707-40-0689,michael64@example.net,OLHA28497603967024,47236.58,392.0,0
CUST_000931,Mrs. Jaclyn Crosby MD,156-26-2084,ronniejames@example.com,YCWR75403648821597,56914.21,596.0,0
CUST_000932,Joseph Lopez,421732111,reyesraymond@example.com,TYTQ64912594972204,13920.74,699.0,1
CUST_000933,Sharon Ross,528-60-8118,xcarr@example.com,SSNF35699929983358,47275.74,494.0,0
CUST_000934,Linda Moore,130-52-0162,smithcarl@example.com,AJDH48208493153983,36437.06,364.0,0
CUST_000935,Jose Andrews,330208906,landerson@example.net,BUVW76291430491341,60789.25,316.0,0
CUST_000936,Amanda Randolph,437559972,deanjose@example.net,RNUK64224059208235,8423.13,835.0,0
CUST_000937,Brian Fox,586-43-7870,katherinepearson@example.net,MESY80568201753079,43240.6,373.0,0
CUST_000938,Anne Williams,502-64-3219,charlesewing@example.com,UYJA43474125313795,68810.44,,0
CUST_000939,Andrew Evans,189-38-5088,melanie48@example.net,BHNC92025999193873,67802.01,399.0,0
CUST_000940,Lisa Hartman,645-05-9132,christopher32@example.net,AYIP60786235107651,7528.01,809.0,0
CUST_000941,Monica Morton,329584270,jennifer96@example.net,SLCI56340918580558,24969.4,711.0,0
CUST_000942,Autumn Hill,019984074,gregorybrock@example.org,LHTV16077004093045,62650.25,518.0,0
CUST_000943,James Moore,715-44-1484,bcampbell@example.net,VGSM62038588640788,10163.38,725.0,0
CUST_000944,Pamela Pittman,500-06-8284,criddle@example.net,TGGX35623039744088,43439.93,436.0,0
CUST_000945,Joshua Spencer,575-07-5619,,FBVW19918431132661,680.09,798.0,0
CUST_000946,Heidi Ramirez,492-93-0930,samanthawoodard@example.org,DDTU60472205397077,44326.65,590.0,0
CUST_000947,Gabriel Blake,385-01-5953,theresataylor@example.com,OYCJ61995394676626,15065.1,577.0,0
CUST_000948,Andrew Foster,445-02-6078,andersonalyssa@example.net,CXRJ02578703686050,2340.4,484.0,0
CUST_000949,Cynthia Johnson,374-18-0382,matthew37@example.com,CUUN40989103909120,22240.58,728.0,0
CUST_000950,Robert Vasquez,303-85-5271,lisa92@example.org,SOWT53192600986027,6724.13,670.0,0
CUST_000951,Mark Moreno,291-37-5410,kbaird@example.org,KJXR94453811808189,46798.05,513.0,0
CUST_000952,Emily Henderson,459024856,jshields@example.com,TZVL21797056603616,72627.32,785.0,0
CUST_000953,Robert Stewart,056-45-8628,xarmstrong@example.org,MAEG51585015301731,26996.58,514.0,0
CUST_000954,Erica Mcmillan,479-75-0892,jennifer19@example.net,FIJC33954794064531,2770.47,353.0,1
CUST_000955,Frank Lawson,271819168,afoster@example.com,CYUQ98664693656183,8262.91,540.0,0
CUST_000956,Jessica Allen,195-19-9892,rlewis@example.org,VOBY23771843019220,50602.37,633.0,0
CUST_000957,Jeffrey Sellers,637-91-2613,jenniferdillon@example.net,GSMJ40282532676992,30650.96,504.0,0
CUST_000958,Daniel Phillips,676-10-9907,pamelasmith@example.net,EBEH20914016933284,66731.91,448.0,0
CUST_000959,Connie Johnson,734514659,jasonmoore@example.com,PKKC54526075699913,34059.38,498.0,0
CUST_000960,Alyssa Lang,004-27-9151,brian60@example.com,UXYE27777331680664,51761.89,361.0,0
CUST_000961,Peter Hunter,439-59-6886,nathanhowe@example.com,TKFT84241074027406,56905.64,525.0,1
CUST_000962,Mr. Brian Schaefer,602-90-9351,igoodman@example.net,FABH63856461497459,45670.37,474.0,0
CUST_000963,Patricia Kim,222-17-2160,theresascott@example.com,ITZC49860995504932,38893.54,521.0,0
CUST_000964,Catherine Cole,760-90-2677,reneevelasquez@example.net,DEDF89811594853400,55081.5,552.0,0
CUST_000965,Marvin Banks,060-43-8957,,WJPJ22567871888223,70942.05,305.0,0
CUST_000966,Jeremy Adams,794-50-3159,tashachase@example.com,WCXG49564799846058,37568.33,735.0,0
CUST_000967,Steven Oconnor,701-65-6658,mark86@example.com,EGMZ10809261662016,33659.32,546.0,0
CUST_000968,Richard Perry,544-17-4771,howardrobert@example.com,KYYL75124764000687,15959.49,667.0,0
CUST_000969,Susan Bolton,018-66-3824,lori01@example.com,IKDE24441899740233,22515.16,,0
CUST_000970,Kimberly Johnson,624-36-1134,josephlane@example.net,AHNG09442386020508,57773.54,715.0,0
CUST_000971,Leon Rose,306-41-0693,wharris@example.com,YNUC97979724528413,-397.04,372.0,0
CUST_000972,Jessica Jackson,632-33-4429,debrastokes@example.org,YWPJ80957394059802,56343.04,512.0,0
CUST_000973,Patrick Ortega,483-37-8726,nstevens@example.com,ZHCL89258490734203,3638.28,672.0,1
CUST_000974,Renee Hill,585-54-2608,deborahrobinson@example.com,DVJC86482308829586,27100.62,479.0,0
CUST_000975,Janet White,605-28-1417,christopher81@example.com,AXUL86942767483173,9949.64,642.0,0
CUST_000976,Nathaniel Robinson,486-16-7378,hoopernicole@example.org,RQEJ26559469890623,43299.01,514.0,0
CUST_000977,Richard Fisher,322-41-3319,zhangnatalie@example.net,PVSB06548708477954,37519.23,733.0,0
CUST_000978,Jordan Franklin,730-81-6400,richardpierce@example.net,RTVB73781591579089,39264.54,425.0,0
CUST_000979,Timothy Hartman,618-04-5468,paynelindsay@example.org,IRQO63802076123961,33624.37,676.0,0
CUST_000980,Kevin Robinson,799-19-9659,paullawson@example.org,ESUZ88618207066901,4454.88,768.0,0
CUST_000981,Joseph Blair,231-25-5544,hannah07@example.com,HIWQ64970350675789,5309.52,468.0,0
CUST_000982,Larry Wiley,228674487,jose45@example.net,HXDY23155505705218,38811.92,323.0,0
CUST_000983,Mark Long,796699859,,RGDC41470123503687,25675.87,754.0,0
CUST_000984,Philip Hall,791-55-7001,lisa16@example.org,OTOR02344568446794,60050.18,832.0,0
CUST_000985,Jordan Nixon,793963415,taylormaria@example.com,ETKP37831597572927,24136.13,842.0,0
CUST_000986,Jeffrey Price,478-27-4914,laura74@example.com,RLWV42332416518548,59095.79,475.0,0
CUST_000987,Christopher Martin,526-86-1541,ecunningham@example.net,FXDL95841749161705,63336.29,451.0,0
CUST_000988,Michelle Martinez,415-37-3955,kellijohnson@example.org,JDHZ44760948377402,53241.82,592.0,0
CUST_000989,Wanda Gutierrez,080012287,,NULX09962183667719,59481.52,465.0,0
CUST_000990,Katherine Williamson,017-13-7772,umendez@example.org,ZBEZ22349980137683,19160.74,488.0,0
CUST_000991,Eric Oneill,386-07-1803,wsanchez@example.org,UJIM14409233517465,10669.79,759.0,0
CUST_000992,Andrew Robinson,879715299,kaufmanjulia@example.com,MGCS95695592277641,30044.46,811.0,0
CUST_000993,Paul Frye,068-33-5918,nicholas15@example.net,KCXX34448672288390,72746.34,819.0,0
CUST_000994,Michael Roberts,598-42-4677,scottcurtis@example.com,PJSG25114978879531,70772.72,450.0,0
CUST_000995,Todd Wright,444-62-8764,gjackson@example.org,DQGB85800187314391,7979.83,790.0,1
CUST_000996,Joshua Monroe,147-55-9474,johnstokes@example.org,PZRC87109685642570,29823.06,525.0,0
CUST_000997,Suzanne Taylor,296951566,robertseric@example.com,LIFW30600230286550,43549.07,527.0,0
CUST_000998,Chad Taylor,039-05-5235,mistymatthews@example.org,NPBD51459920166338,63633.58,389.0,1
CUST_000999,Cheryl May,373-24-8471,hmoses@example.org,VFBL62019011348433,38122.47,357.0,1
CUST_001000,Ricky Thompson,598-66-7046,llee@example.net,FHXT45645234286449,27407.06,681.0,0
CUST_001001,Ruben Davis,705-23-6286,vwatson@example.net,BXZS53677349852973,41857.99,520.0,0
CUST_001002,Jared Perkins,380-21-4728,rwaters@example.com,CIPY62538096641475,21291.87,734.0,0
CUST_001003,Michelle Fritz,506762470,dakota71@example.org,NXKV35389629853243,10344.77,610.0,0
CUST_001004,Allison Glover,403-94-8822,kennethruiz@example.net,UOUW63835434685863,71987.2,684.0,0
CUST_001005,Alexander Drake,486-17-6219,ruizgabriel@example.org,HTTY81615381168371,41463.95,440.0,0
CUST_001006,Craig Tate,802-99-7243,pwhite@example.com,DIRT67808264931214,61621.34,609.0,0
CUST_001007,James Armstrong,518-86-1310,whiterobert@example.com,EXSU26456339172994,1526.42,302.0,0
CUST_001008,James Jackson,805-99-9359,wilsonkimberly@example.org,WJSO19670683353910,8875.36,594.0,0
CUST_001009,Ashlee Williams,577-70-4347,chandlerstephanie@example.com,STIX90133344376734,8511.28,583.0,0
CUST_001010,Tammy English,040-20-8678,hcastaneda@example.com,PTGB14811604991004,35776.69,746.0,0
CUST_001011,Whitney Clark,203-10-6971,,RBXC99034213485484,8528.57,824.0,0
CUST_001012,Emily Abbott,017-18-4972,acaldwell@example.org,DPSD38601571171321,10533.35,772.0,0
CUST_001013,Karen Hicks,503494827,elopez@example.org,QRZU14112874527193,31173.31,664.0,0
CUST_001014,Angela Young,344-28-5432,jenkinselizabeth@example.net,RZCB74916194232154,14133.02,487.0,0
CUST_001015,Dr. Timothy Owens,556-77-4521,ronald94@example.net,FMCN84552527410254,23373.89,608.0,0
CUST_001016,Sarah Lopez,654-93-1416,zmoore@example.org,STHB05195675635584,26048.02,447.0,0
CUST_001017,Mrs. Mariah Woodward,882244271,cobbwilliam@example.org,YULM50460700144130,25193.64,466.0,0
CUST_001018,Nathan Martinez,892-85-2644,jeromearnold@example.org,AAUN68904172820762,67227.78,838.0,0
CUST_001019,Brandon Barber,568-35-7412,perezpamela@example.org,FREJ08475283599940,31009.64,,0
CUST_001020,Taylor Howard,502-72-0671,bwarren@example.org,WDHL05357228920641,51674.33,442.0,0
CUST_001021,Justin Marsh,295-94-2112,thompsondarlene@example.net,RACA41945341952814,25324.41,611.0,0
CUST_001022,Lisa Stein,456-33-3925,acarlson@example.com,RTHA63578037891213,10248.13,532.0,0
CUST_001023,Amber Evans,157679958,esmith@example.net,KRKL75994084290696,57108.29,414.0,0
CUST_001024,Daniel Beck,071399630,taylorjeffrey@example.org,BMKN73374570165276,7640.21,825.0,0
CUST_001025,Megan Allen,145-33-2853,kevinsmith@example.org,QIGP69929644477250,22274.26,310.0,0
CUST_001026,Tyler Hebert,394-23-8176,,ICOW24155369158557,67538.7,489.0,0
CUST_001027,Courtney Ramirez,849-18-9914,slong@example.net,LOBH33295945231582,20441.86,656.0,0
CUST_001028,Heather Allen,181-52-6267,thomasmooney@example.org,TCOF17429220416782,37620.65,,0
CUST_001029,Brandon Richards,109-74-3922,jasonmontgomery@example.com,MHEL03139280485022,13961.84,,0
CUST_001030,Megan Graves,066666037,tara40@example.net,TPCT00002956162256,69279.52,816.0,0
CUST_001031,James Alexander,295-32-7274,pattondavid@example.com,OSTZ23045323167781,50351.19,409.0,0
CUST_001032,Alexander Johnston,568-12-5262,akelley@example.net,YLGV91177666505276,16680.34,415.0,0
CUST_001033,David Hernandez,701-63-2017,brenda12@example.com,CZXT02231167870676,36934.11,669.0,0
CUST_001034,Paul Chavez,345-99-4025,morganwarner@example.org,UQXJ85637114294300,8237.06,590.0,0
CUST_001035,Michael Gutierrez,584105585,samanthataylor@example.org,GEIN59866932784178,16553.44,717.0,0
CUST_001036,Wyatt Stewart MD,828-32-8012,emily56@example.net,DYIV06526642673512,62999.9,,1
CUST_001037,Charles Smith,424752124,imurphy@example.com,PNIQ78496224945104,50243.21,705.0,0
CUST_001038,Shawn Delacruz,075-17-9430,turnermisty@example.net,DEVB62767293509793,29747.13,404.0,0
CUST_001039,Doris Rios,470-04-3336,debramoreno@example.org,LAFE34778045797251,14531.02,505.0,0
CUST_001040,Craig Mccoy,688-18-8524,hgonzalez@example.org,JORV23372094516767,54252.64,585.0,0
CUST_001041,Jane Arroyo,522-22-8852,vjimenez@example.net,EZEA08484264833367,59974.31,709.0,0
CUST_001042,Amber Camacho,150-34-6056,odonnellsarah@example.com,CWGM05494692085649,38111.8,450.0,0
CUST_001043,Nicole Moss,293-33-1117,campbelljoseph@example.org,BUAC15461758080388,46942.01,437.0,0
CUST_001044,Anthony Williams,655-02-1690,ublack@example.com,LMMQ51353814837475,1519.54,483.0,0
CUST_001045,Christina Miles,447-12-1749,zachary66@example.net,JODP78401902716988,6773.19,378.0,0
CUST_001046,Sharon Cook,550-27-6143,jonathanschneider@example.org,NDCS97675983326170,21664.0,809.0,0
CUST_001047,Matthew Davis,796-90-7897,anita15@example.net,SLNK72853533998242,40769.81,332.0,1
CUST_001048,Jessica Castro,663-29-4179,,INNR79303028532727,63892.01,753.0,0
CUST_001049,Pamela Walker,886-92-2735,eleon@example.com,KEQL46130873089720,22379.87,468.0,0
CUST_001050,Brianna Williams,145-92-4566,jamesleonard@example.com,XYDD84252786309007,7758.34,802.0,0
CUST_001051,Raymond Powell,467-53-4850,lawsonjennifer@example.com,GVBL77719619971659,64003.54,818.0,0
CUST_001052,Michael Martinez,091-75-1245,,QHGJ40095224265379,50574.83,591.0,0
CUST_001053,Michael Blankenship,430-02-0504,taylormichael@example.net,ALWJ73601579115010,25840.2,327.0,0
CUST_001054,Lindsay Rodriguez,585-52-7734,meyerspatrick@example.net,WGVI75978335488357,74391.89,721.0,0
CUST_001055,Joshua Baker,607-22-8161,kellywilliams@example.org,QNUM43203172665282,44236.14,367.0,0
CUST_001056,Diana Holloway,508-15-6565,jessicakoch@example.net,WXVV20860146051908,2322.01,732.0,0
CUST_001057,Andrea Ramos,117-94-0059,melissa80@example.org,XGHK63693010009089,43893.19,624.0,0
CUST_001058,Brandon Townsend,404-22-8746,huntlisa@example.org,QUHK41589290930437,7054.28,510.0,0
CUST_001059,Melanie Arroyo,691-95-4007,atkinsryan@example.org,EVUN81594747053110,45919.5,672.0,1
CUST_001060,Nina Garcia,832-63-6999,gvaughn@example.net,TOTQ42189142693765,5186.75,848.0,0
CUST_001061,Carolyn Moore,436-56-7127,srobertson@example.net,PPME88363688501627,60247.53,394.0,0
CUST_001062,Kevin Stokes,580-69-1740,marcusdean@example.com,ASWW37616522898907,42265.34,843.0,0
CUST_001063,Teresa Carter,792-57-1792,jrivera@example.net,OENK97640838580501,22289.45,607.0,0
CUST_001064,Matthew Ayala,005-92-9888,josewheeler@example.net,GSCE95651887114860,46684.77,764.0,0
CUST_001065,Amy Hunter,856-81-0592,khill@example.org,FQOR75703029301125,38474.92,491.0,0
CUST_001066,Alexis Farley,655-26-0325,lisafloyd@example.com,MVUT52223369318062,34780.8,845.0,0
CUST_001067,Tonya Richardson,418878128,brandon68@example.com,UWNE49753740571446,54359.44,361.0,0
CUST_001068,Kayla Wade,894-35-8302,kristinhoffman@example.org,ZGLU44534514668865,51240.65,607.0,0
CUST_001069,Joseph Smith,521-78-4764,erikstephenson@example.com,VLUR62673664853207,47361.53,722.0,0
CUST_001070,Nathan Carlson,545-35-6569,amartin@example.org,YZTR34436958050450,17327.8,544.0,0
CUST_001071,Timothy Brown,142-43-9161,daniel02@example.net,OGIF93907737295450,34544.06,746.0,0
CUST_001072,Melissa Cohen,845-29-8053,jacob11@example.org,WUAJ50281435312794,1700.21,584.0,0
CUST_001073,Anthony Cox,229-68-3153,michael51@example.com,HVLS04265274286625,36181.07,320.0,0
CUST_001074,Tammy Butler,486-24-8910,perryjames@example.com,UYNB91935117455537,4300.42,716.0,1
CUST_001075,Kayla Bowers,453512618,lawrencesarah@example.com,IMDE15756264126084,62905.69,443.0,0
CUST_001076,Michelle Underwood,553192049,ralexander@example.org,SHCT63039951670450,49648.39,837.0,0
CUST_001077,Dana Evans,048-87-2372,kristenyoung@example.org,FYGI38880485142025,60404.89,637.0,0
CUST_001078,Cheyenne Miller,872-91-3328,john95@example.org,IEPL57672991154904,70130.26,523.0,0
CUST_001079,Steven Choi,829-09-7405,meredithhicks@example.com,ZCBV29771150629179,18700.1,357.0,0
CUST_001080,Jessica Shelton,446-62-1867,howardannette@example.net,EVTC08739221983691,31495.49,552.0,1
CUST_001081,Ricardo Bennett,827-67-3999,cpeters@example.org,OPAO45991530445002,53533.18,615.0,0
CUST_001082,Rachel Nelson,702-89-7525,kenneth18@example.net,XJUL02958676030409,49497.87,355.0,0
CUST_001083,David Brooks,103-70-5088,eduardogarcia@example.net,XEHZ68810138272105,22849.77,671.0,1
CUST_001084,Megan Frazier,665-90-7847,joannaburke@example.com,VRFL32083168163603,32901.41,308.0,1
CUST_001085,Susan Bryant,445-31-4408,monica08@example.net,XQSW47672000521410,6313.9,541.0,0
CUST_001086,John Jensen,353-44-6382,greeneshawn@example.com,KDFG70851191944545,23447.42,716.0,0
CUST_001087,Jessica Robinson,026-48-5955,gclark@example.org,CHOO18862639561266,36622.74,722.0,1
CUST_001088,Nicholas Smith,697-15-1174,gbutler@example.net,RQPX40223461446627,7079.87,464.0,0
CUST_001089,Ryan Price,387-69-9264,,JFUV15248319686364,60913.82,634.0,0
CUST_001090,Nicole Thomas,724-77-1862,timothybrown@example.com,GMRR30048379363159,47076.8,439.0,0
CUST_001091,Caleb Lee,090-69-1872,xhorton@example.com,THIC04062911872282,7867.53,555.0,0
CUST_001092,Timothy Taylor,503-16-1809,amy65@example.com,UBPK78984974997990,63445.51,720.0,0
CUST_001093,Brandon Carlson,376467351,juliemullins@example.org,LQXD89810617356316,19181.33,635.0,0
CUST_001094,William Jackson,049-15-3395,,NTJT63788119389990,65667.45,529.0,0
CUST_001095,Nicole Williams,706780923,thomasmartin@example.com,LGZV21633613179854,16767.4,391.0,1
CUST_001096,Brittany Bartlett,796441735,estokes@example.net,XJLQ58356399812743,29778.14,739.0,0
CUST_001097,Kyle Howard,101-27-9091,lucas15@example.com,WXFK81476212360186,42326.84,314.0,0
CUST_001098,Brandy Ramirez,747-05-9215,jacquelinemurray@example.net,GYBT30796859096459,50357.56,421.0,0
CUST_001099,Chad Mendoza,232-91-4813,mccarthyhenry@example.org,YGKU16681133973670,19598.31,806.0,0
CUST_001100,Joshua Banks,318-38-4399,kennethstanton@example.com,UFUF41983063236540,61718.71,493.0,0
CUST_001101,Veronica Butler,281-02-9437,dakota75@example.org,EVVA24350947651186,19265.86,761.0,1
CUST_001102,Billy Winters,799-10-0446,lucasflores@example.com,TRTW13705424519082,279.18,436.0,0
CUST_001103,David Reyes,583331522,weberamber@example.org,FXSS20237666969229,28453.91,733.0,0
CUST_001104,Robert Craig,552-78-3770,jonathankennedy@example.org,TVAT34242406628346,24631.12,540.0,0
CUST_001105,Kristen Cooper,461-35-3346,lori09@example.com,XQMN94086542438269,60069.76,346.0,0
CUST_001106,Kyle Franco,482-52-5377,greendavid@example.net,FYRU89594703969645,50180.28,435.0,1
CUST_001107,Jessica Cole,552-79-9493,stephen61@example.com,QGAB99542887344966,37532.88,647.0,0
CUST_001108,John Howard,443-94-5338,delgadochase@example.net,WUAN90149711038471,10205.58,419.0,0
CUST_001109,Alicia Bray,285-42-0273,kimberly69@example.org,QNAV16744923435969,20715.55,669.0,1
CUST_001110,Sarah Rivera,883-88-3944,monica76@example.net,PKJB24286178925714,56998.08,570.0,0
CUST_001111,Connie Cortez,087-03-1302,scottlane@example.net,FYMJ81638493680635,36591.25,454.0,0
CUST_001112,Jason Williams,199-96-6922,,KCZT30485277586703,13763.46,355.0,0
CUST_001113,Miguel Newton,049-58-3602,blackwellkevin@example.com,UTIM89633181233576,32450.45,806.0,0
CUST_001114,Deborah Simpson,792484467,debra48@example.net,OONF62636785089897,36720.64,451.0,0
CUST_001115,Chris Mullen,492-54-7656,christopher97@example.com,KESL37740376768740,12206.27,820.0,0
CUST_001116,Howard Hunter,248964760,matthew85@example.net,GJCC57330990009406,74849.34,304.0,0
CUST_001117,Noah Briggs,599-97-5926,,VNLH52326600047091,57503.13,396.0,1
CUST_001118,Nicholas Ruiz,436-12-8368,qdixon@example.org,YTQS96511815837466,29259.82,408.0,0
CUST_001119,Alice May,070-36-2689,heathersmith@example.org,IXOX96668290525659,49295.22,764.0,0
CUST_001120,Austin Liu,545-50-6162,parkerkyle@example.org,SWFP64054739862214,2810.45,763.0,0
CUST_001121,Brian Conrad,765-87-2728,kristacastillo@example.org,GRSC47852474420359,42471.46,516.0,0
CUST_001122,Henry Brooks,274-54-5215,baileystephanie@example.net,LCRX66477413135183,55656.9,690.0,0
CUST_001123,Tricia Spencer,385-43-5915,bennettmichael@example.net,YRLU21789559909841,29618.25,321.0,0
CUST_001124,Chelsea Martinez,622-23-5108,curtisfranklin@example.com,FGRG19348918003814,56318.17,457.0,0
CUST_001125,Anita Wright,341835839,james01@example.com,SOXH09121852734114,22912.65,434.0,0
CUST_001126,Randy Flores,417-95-7081,karatorres@example.com,HBGB44077811096598,33130.9,697.0,0
CUST_001127,Taylor Lowery,823-14-0376,sbonilla@example.net,DZRX29912699452064,60730.07,490.0,0
CUST_001128,Tammy Hernandez,086-82-8180,sarah62@example.net,MUMW91008224216826,34496.13,529.0,0
CUST_001129,Robert Schultz,649-46-8066,kathleenarnold@example.com,ZMTS62083479100593,48365.52,385.0,0
CUST_001130,Brianna Bailey,303-43-3052,riverawendy@example.net,BWGF20074859724387,10719.79,430.0,0
CUST_001131,Stacey Baker,824-52-9945,bobby90@example.com,AWEU86060480224065,42424.44,378.0,1
CUST_001132,Justin Schmidt,523576241,ronald99@example.org,CUQX98566430165562,34581.57,559.0,0
CUST_001133,Destiny Mullins,082979461,lewisallen@example.com,CGMV06229011386047,55408.97,773.0,0
CUST_001134,Justin Williams,371-30-5041,panderson@example.net,DYXX48953829441914,65695.03,604.0,0
CUST_001135,Mark Goodman,424436226,brittanyjackson@example.net,LCXN73095326708488,60491.47,649.0,1
CUST_001136,Kayla Simmons,745396921,oknox@example.com,VRVF28280183235306,55900.71,565.0,0
CUST_001137,Mark Miller,490-42-5647,carol28@example.net,QATM45837449597521,8309.21,475.0,0
CUST_001138,Jessica Cook,275-79-6657,kristin15@example.net,TPIR74114862675119,55690.64,798.0,0
CUST_001139,Jennifer Lee,039115363,jpearson@example.org,NJDT67896300935820,72217.19,704.0,0
CUST_001140,Michael Friedman,824-82-8293,hilllaura@example.org,IEEQ48349276680984,61105.6,492.0,0
CUST_001141,Alan Sanchez,158-51-0671,rwashington@example.net,JRAC53735866715544,32402.03,495.0,0
CUST_001142,Hannah Wallace,642882516,joann21@example.com,MUWE72053649911928,8292.64,456.0,0
CUST_001143,Daniel Lawson,408628389,keith60@example.com,KXZU38307755821262,33438.48,548.0,0
CUST_001144,Michael Ramirez,099-40-9897,matthewchambers@example.com,RTYA75199198177551,94.51,742.0,1
CUST_001145,Karen Ward,311-93-4315,danielletorres@example.com,ITRF83859747765659,41349.99,597.0,0
CUST_001146,Brian Clark,608-60-7646,mcknightelizabeth@example.org,RPVP15692209490763,70113.71,,0
CUST_001147,Julie Mason,411-33-1702,matthewwong@example.net,DKUI77349431487225,41270.8,574.0,1
CUST_001148,Alan Rowe,768-75-5637,tburgess@example.com,UPJD68557395232855,70391.82,655.0,0
CUST_001149,Albert Garcia,411-76-7285,scotttiffany@example.net,LQDU66028413623347,34927.65,748.0,0
CUST_001150,Jennifer Martinez,027-25-9970,egarcia@example.com,SPXZ34185595083745,44958.56,779.0,0
CUST_001151,Joseph Edwards,101-51-2558,currymichael@example.org,LTVA01706794907869,62397.6,668.0,0
CUST_001152,John Gibson,137-69-8821,josephmiller@example.org,VRYZ96763536735589,20825.52,388.0,0
CUST_001153,Jared Chambers,231-41-7861,ealexander@example.net,HZLD39014309742749,7118.23,725.0,1
CUST_001154,William Perry,747-61-9688,jasmine12@example.net,IQAG00735658260825,74944.22,667.0,1
CUST_001155,Lauren Clarke,560-73-2405,lisa46@example.com,YQMN91122321425261,67031.54,332.0,0
CUST_001156,Pamela Horton,088286260,blopez@example.net,OIUU46532554411818,41929.6,798.0,0
CUST_001157,Michael Martin,077-34-8557,jamesmorris@example.org,KEBG88193768418471,65767.38,573.0,1
CUST_001158,Alexandra Fisher,681-62-7136,matajohn@example.com,DDFO28360308764770,7362.72,351.0,1
CUST_001159,Kelli Hoffman,673391688,ocervantes@example.org,MEXT50767162172048,7875.28,408.0,0
CUST_001160,Terrance Mullins,624-88-0335,qmueller@example.net,HVFM45649674199160,41966.7,819.0,0
CUST_001161,Ariel Sanders,558-19-9496,amarshall@example.com,BSXW70342519701815,11355.96,599.0,0
CUST_001162,Tanya Johnson,725-66-7463,laura80@example.org,IFDK31936252602216,11149.33,672.0,0
CUST_001163,Karen Morgan,260-49-9403,kelseymccarthy@example.org,THGY58384391065735,30889.11,306.0,0
CUST_001164,Alexandra Walker,828-98-9878,fgarcia@example.org,AFXC40128331955897,5935.16,681.0,0
CUST_001165,James Fernandez,238-98-9098,jason76@example.net,PWAG05687094124605,56367.07,842.0,0
CUST_001166,Mary Hall,082-82-7741,bradleyperez@example.com,IDYR76776006434597,30402.85,769.0,1
CUST_001167,Victoria Swanson,223-15-8871,ewingpaul@example.com,SZNX75745104848094,32914.69,310.0,0
CUST_001168,Eric Cole,297-87-5753,jpeterson@example.net,JFPB79959476111079,29824.64,468.0,0
CUST_001169,Michael Rice,358-95-6830,cameronnicholas@example.net,SZOE26934854039098,10896.88,359.0,1
CUST_001170,Julie Sherman,211-73-9257,othomas@example.com,XTFU61382687097777,72935.92,729.0,0
CUST_001171,Amanda Fernandez,669-22-4710,franklee@example.org,OSFX71107351289622,55573.66,652.0,0
CUST_001172,Gregg Anderson,350-57-8810,imorris@example.net,BZEG99344606069430,52372.28,756.0,0
CUST_001173,Gina Rodriguez,593818525,scottmichael@example.com,JCEQ53700644885487,32881.86,653.0,1
CUST_001174,Jillian Sanders,696-24-0689,jennifertapia@example.org,EQZA53764255078688,22265.62,337.0,0
CUST_001175,Karen Gillespie,532-64-3326,kingeric@example.com,DHCP01958663992879,38795.46,590.0,0
CUST_001176,Katie Ruiz,020-42-1288,whitetony@example.com,SLZN29179644160332,47494.26,323.0,0
CUST_001177,Mary Horton,057-35-6649,danderson@example.com,VCEA22017545416487,57948.91,732.0,1
CUST_001178,Pamela Carter,556-25-3305,berrynathan@example.com,UXAY15269744203607,46837.71,662.0,0
CUST_001179,Bernard Figueroa,545-44-8195,oliversteven@example.org,EHWR36806014579232,42718.86,305.0,0
CUST_001180,Justin Dunn,739-46-2070,jeremyhernandez@example.net,LBXD96797209251920,42202.59,846.0,0
CUST_001181,Daniel Munoz,455-11-4628,teresamckee@example.com,OAIS37958291585511,61038.48,443.0,0
CUST_001182,Timothy Young,072-23-4922,pluna@example.net,KOJW14248739626259,43468.86,669.0,0
CUST_001183,Sharon Cox,113-44-6654,jeffrey80@example.org,NWZO72443435497872,6464.77,735.0,1
CUST_001184,Kyle Barnes,363-62-3737,sperry@example.org,TSBY34804247960009,39232.3,831.0,0
CUST_001185,Debra Greer,061-13-5441,stevenrodriguez@example.net,MMWY22549203693091,74736.64,801.0,0
CUST_001186,Leroy Walker,338798643,shane42@example.org,DYOF26414756900184,36099.71,768.0,0
CUST_001187,Carla Turner,747-31-6598,alex32@example.net,SRUH59667715390226,15554.51,784.0,0
CUST_001188,Matthew Williams,291-23-4073,moralestrevor@example.org,SASB06476144278735,8466.84,718.0,0
CUST_001189,Scott Stevenson,688-76-3002,greg78@example.net,XWXB67549393439690,8389.54,612.0,1
CUST_001190,Mrs. Ashley White,301-98-7794,andrew98@example.com,HKOG38133073453302,10231.56,731.0,0
CUST_001191,Katherine Davis,366428755,lbrown@example.com,GWOF03350516023251,61343.94,800.0,0
CUST_001192,David Owen,037-63-8469,willismegan@example.net,UWBI22456411992551,35828.82,617.0,0
CUST_001193,Jenna Salinas,178-66-2154,robert06@example.org,LALW34941971575571,53862.53,435.0,0
CUST_001194,Ernest Hart,395-65-5874,dlarson@example.org,XNEC85635200761504,33405.14,633.0,0
CUST_001195,Karla Palmer,513-72-1609,benjaminlloyd@example.com,JGVG60809010146103,67468.45,647.0,0
CUST_001196,Lori Guerrero MD,410-98-9123,omarthompson@example.org,VDMH88168785185690,48266.7,469.0,0
CUST_001197,Jose Acosta,730-04-8741,brandonross@example.com,APEW72081472373564,41858.85,426.0,0
CUST_001198,Mr. Tony Gray,528936847,jwatson@example.com,QYTS95145498367146,56699.94,834.0,0
CUST_001199,Mario Gonzales,603-19-0267,taylorallison@example.com,YPDC64560595634318,70181.73,484.0,1
CUST_001200,Candace Perry,381-37-8971,anunez@example.org,NKYZ33777303167871,62838.27,754.0,0
CUST_001201,Krista Clark,867-64-6578,gyoung@example.com,EIVB25455005490809,36606.21,,0
CUST_001202,Christopher Parker,232038057,daniel99@example.net,EJMD63034383000914,28341.83,393.0,0
CUST_001203,Richard Welch,058012719,johnanderson@example.com,NKIN62897351896225,18794.37,391.0,0
CUST_001204,Katie Odonnell,345-09-6764,treynolds@example.net,BLMX77125158904182,72064.81,485.0,0
CUST_001205,Gabriel Wells,627429039,kevin20@example.org,ZDFG92788447909863,30668.12,631.0,0
CUST_001206,Darrell Jones,856158733,dominguezomar@example.com,FZIW82488631373714,17591.53,542.0,0
CUST_001207,Natasha Rivas,835-75-2052,melanie69@example.org,USZD41939606104718,4077.71,,0
CUST_001208,Tony Key,576-82-1697,alec51@example.net,JXPN88341034141318,68487.0,319.0,0
CUST_001209,Renee Orr,465-13-4849,erose@example.org,WHFK17904470856094,41380.41,428.0,0
CUST_001210,Alyssa Lewis,461-34-4232,osmith@example.org,GDIZ56457227579407,14861.0,445.0,0
CUST_001211,Joanne Hall,067-90-9119,baileysara@example.com,TDWH69412641060326,31493.31,762.0,0
CUST_001212,Dylan Brown,452-38-8537,tmarshall@example.net,HCVB10896546125360,48805.94,471.0,0
CUST_001213,Tammy Bryant DDS,772-10-7283,wherring@example.org,MYUU98948481703610,62881.32,689.0,1
CUST_001214,Wendy Ramirez,025-22-1521,justin15@example.com,UPKS49330781117196,20739.0,465.0,0
CUST_001215,Allison Clark,240-47-3995,walterkatherine@example.com,SNOI33384965523917,8784.76,443.0,0
CUST_001216,Keith Turner,438-89-2536,william23@example.net,TWZS92665361977317,37613.93,625.0,1
CUST_001217,Rachel Kline,494-78-6399,bpineda@example.org,ZRLQ65392768714134,52935.43,579.0,0
CUST_001218,Laurie Salazar,898-48-4309,nturner@example.net,LLRU17357921162506,44763.28,316.0,1
CUST_001219,Victoria Sanders,766-75-2473,marco90@example.com,RWTO01455703934271,-176.92,309.0,0
CUST_001220,David King,790968426,taylorchristopher@example.org,ATFM00011015616197,57066.13,383.0,0
CUST_001221,Timothy Jones,271-86-4300,snyderpamela@example.com,ABVX88238469908672,62322.33,755.0,0
CUST_001222,Brad Acosta,408371992,ocruz@example.net,UHUN55619221882206,26526.41,481.0,0
CUST_001223,Ryan Hamilton,016-32-2415,kimberlyestrada@example.net,UWHA23641693683599,27471.29,,0
CUST_001224,Ryan Bradley,866-22-3056,jackson96@example.com,SXHV25282671269379,69065.6,666.0,0
CUST_001225,Larry Stone,329-72-8187,,IJVQ43686811143306,16196.65,805.0,1
CUST_001226,Deborah Price,242-60-2758,gutierrezolivia@example.com,WLTV06278790259120,45255.04,307.0,0
CUST_001227,Katherine Hammond,739-59-9360,carolynhoward@example.com,MXAG23584180295599,42467.22,805.0,0
CUST_001228,Joseph Hernandez,364-51-7587,kgarcia@example.com,SKYL19247411173670,45024.43,479.0,0
CUST_001229,Wendy Hansen,524-60-3657,laurenwilliams@example.com,RJXF33008056308292,42527.7,533.0,1
CUST_001230,Austin Cole,024714833,amyking@example.net,VWQQ31273654852207,1245.37,845.0,0
CUST_001231,Alicia Krueger,083-05-8410,montgomeryhaley@example.com,CNVW27963651295551,31747.14,353.0,0
CUST_001232,Kendra Smith,195-86-4452,nataliebowman@example.org,WEEN23003607223502,8689.69,830.0,0
CUST_001233,Rachel Salazar,857-72-7721,albert30@example.com,OKZG91692809166316,16453.39,584.0,1
CUST_001234,Ariel Daniel,098-63-6672,douglas62@example.net,LIIC06166497008445,24770.29,325.0,1
CUST_001235,Christopher Rivera,164904007,deanmcguire@example.net,ASEJ11505096996131,68733.14,501.0,0
CUST_001236,Amber Rodriguez,119-43-2608,luis62@example.com,BKQR37743540476253,35737.46,324.0,0
CUST_001237,Heather Barrera,817-65-0115,iwilson@example.com,OWRR82603174890304,7641.97,544.0,1
CUST_001238,Jeremy Greene,874-12-1753,kristenmayo@example.net,CZJE29355459205596,17374.15,374.0,0
CUST_001239,Laura Buck,040-97-1787,donna22@example.org,HAWJ57627451160895,43209.55,387.0,1
CUST_001240,Laurie Griffith,008-88-8124,peter11@example.net,YGGM89600834761289,51848.96,430.0,0
CUST_001241,Megan Khan,150-66-5989,ghunt@example.net,HXST79927156033878,32103.84,404.0,0
CUST_001242,Veronica Atkinson,746844870,larry44@example.com,YYIY39763090073794,6735.18,720.0,0
CUST_001243,Robert Green,350-75-8445,samanthablack@example.net,DBOM92626543475916,28485.96,738.0,0
CUST_001244,Rebecca Jones,489685070,vickiebyrd@example.com,UWSX07996585783756,58611.15,764.0,0
CUST_001245,Brittany Gonzalez,729-65-5269,alexander36@example.net,WGBO17761350078836,53354.1,498.0,1
CUST_001246,Michelle Lamb,292807381,josevaughn@example.org,STKE85023126532735,35845.65,755.0,0
CUST_001247,Victoria Williams,153-05-0671,qwilson@example.org,EEHI77146950935555,43631.43,825.0,1
CUST_001248,Nicholas Floyd,863-54-5324,kimrichard@example.org,GNJI59476121893912,58049.92,450.0,0
CUST_001249,Todd Carpenter,053-17-6683,janicepatterson@example.com,FERU30564468530455,38584.88,448.0,0
CUST_001250,Christopher Harmon,251529267,jle@example.com,PPYR94332763990460,31365.62,500.0,1
CUST_001251,Sydney Johnson,739-09-5584,thompsonbrian@example.net,SAFV22097550617906,13796.35,787.0,0
CUST_001252,Madison Combs,759-77-2582,nlogan@example.org,GIJT07697216218333,43170.01,643.0,0
CUST_001253,Douglas Gibson,056-41-4688,travis88@example.com,DAKH07122600822837,59083.95,343.0,0
CUST_001254,Michael Diaz,594-42-2251,travis09@example.com,ZFRE06322801269804,34723.53,518.0,0
CUST_001255,Terrance Green MD,830909929,robert77@example.com,WAUN47245257378747,55376.14,,0
CUST_001256,Robert Thomas,411-88-1167,cscott@example.org,YBNC29889728426809,26520.44,417.0,0
CUST_001257,John Berg,859-48-1051,stevenmills@example.org,AKGP18605668803166,26673.15,330.0,0
CUST_001258,Deborah Smith,451-01-1942,,FYYI28535416019919,12658.48,551.0,0
CUST_001259,Lauren Dennis,612-49-7423,deborahcarter@example.org,VMPD52077107404336,1085.03,440.0,0
CUST_001260,Charles Ortega,579-61-2679,jacquelinewilliamson@example.org,VBKC10900701785020,22532.96,545.0,0
CUST_001261,Victoria Goodman,261-98-2737,edward94@example.net,CAVF97599747539659,59826.22,744.0,0
CUST_001262,Victoria Saunders,890-57-6943,xfigueroa@example.net,UFBJ16415374051337,59514.81,496.0,0
CUST_001263,Nathaniel Black,081-36-4471,robertsonjason@example.com,TOMR16085571749058,47528.79,347.0,0
CUST_001264,Phillip Stewart,452-95-9686,davisdarryl@example.net,QMFJ05744509998632,10716.8,553.0,0
CUST_001265,Kenneth Wilson,682-27-0858,mcummings@example.net,BWQL18466898593213,72613.02,800.0,0
CUST_001266,Carla Andrews,891-62-8980,higginsdonald@example.org,IWRA02264259720554,4397.91,820.0,0
CUST_001267,Mr. David Wells,814-24-1321,russell72@example.com,YZJP49847460429371,38676.37,483.0,0
CUST_001268,Kelly Shepard MD,286-43-8401,nicole41@example.org,KRBZ45292676988979,36856.8,574.0,0
CUST_001269,Steven Black,028-15-2510,mckenzie84@example.com,IADT29360596275193,15143.57,507.0,0
CUST_001270,Gabriela King,031413803,graydavid@example.org,PTHN56115686223070,27969.76,460.0,1
CUST_001271,Scott Marsh,108-17-1254,amysmith@example.net,OUJH30372718624475,5844.13,755.0,0
CUST_001272,Gabriel Whitaker,082-67-0471,courtneypierce@example.net,FRPR06615459858663,24896.24,761.0,0
CUST_001273,Casey Mason,161-89-8727,shane05@example.org,FKEC28866905946998,28369.0,483.0,0
CUST_001274,Veronica Martinez,454-96-7874,itaylor@example.net,BHCV32988712320366,21736.1,813.0,0
CUST_001275,Jessica Miller,762-01-6664,elizabethperez@example.org,VYKF72876032087783,6929.89,373.0,0
CUST_001276,Joseph Thornton,482-28-0998,kimberlywalker@example.net,IUUL57356232770045,18376.79,581.0,0
CUST_001277,Rachel Sutton,593-58-7507,carterdalton@example.com,VEFR57042402555468,53571.99,567.0,0
CUST_001278,Tammy Baker,688-56-8184,jareddawson@example.net,RRCL96467386569044,29987.74,,0
CUST_001279,Lauren Watkins,863-36-2616,fhill@example.com,CWFJ89558770062394,74190.23,452.0,0
CUST_001280,Dr. James Stephens II,435-71-0874,patricia81@example.org,AURT53012033980138,17146.1,779.0,0
CUST_001281,Julia Bolton,391-47-9964,xkeller@example.com,RVAD53374356702772,13682.41,727.0,0
CUST_001282,Michael Miller,118-39-8421,nancy41@example.net,WSVJ57595995505536,43101.89,431.0,0
CUST_001283,Michelle Davis,853-48-8052,jennifer52@example.org,HTLF52520788216511,26277.01,530.0,0
CUST_001284,Heidi Garrison,177931501,joannmitchell@example.com,ZGBZ27694730882403,40089.1,633.0,0
CUST_001285,Mary Gomez,586-41-9552,zimmermanjustin@example.com,AXWF93634094121805,73281.87,638.0,0
CUST_001286,Jonathan Richardson,071263512,dholt@example.com,TICE32546018911343,29011.88,690.0,0
CUST_001287,Amanda Roberts DVM,574-05-2667,hawkinsdeanna@example.net,RNCF73421120291381,7702.2,762.0,0
CUST_001288,Cheryl Long,576-94-3390,ramosedward@example.com,CSMV64523191990821,12911.53,800.0,0
CUST_001289,Robert Johnson,245-93-3375,andrewclay@example.org,UMPB41710389191874,15044.87,598.0,0
CUST_001290,Brittany Zimmerman,669-59-2491,charlesbennett@example.net,IZIS56071487650775,12472.84,720.0,0
CUST_001291,James Murray,014-45-9729,richard96@example.com,GDMA37811057039963,55607.28,698.0,1
CUST_001292,Ana Douglas,573-54-3243,ianevans@example.org,VTHW23370071580097,32131.15,786.0,0
CUST_001293,Sara Vasquez,146685326,,ZYMK87448883923759,53616.29,769.0,0
CUST_001294,Susan Kelley,501-26-6495,dustinallen@example.org,XILK13919603482367,29642.39,552.0,0
CUST_001295,John Davis,040-52-3736,ellismichael@example.org,BIWH64758466486741,42998.02,393.0,0
CUST_001296,Joshua Mann,729-28-6214,jonesamber@example.org,SOPM01458408114415,53229.42,604.0,0
CUST_001297,Susan Thompson,408-65-4044,qhunter@example.org,DJMA36118926055546,13058.15,742.0,0
CUST_001298,Sarah Davis DVM,659-18-2494,orowe@example.net,POCI03445459566003,29213.12,344.0,0
CUST_001299,Richard Lee,031-92-9906,russellsamantha@example.com,MZSP42173683850957,21537.66,368.0,0
CUST_001300,Jason Cochran,585-43-9444,nancy14@example.org,BRDC36403484843770,74425.42,424.0,1
CUST_001301,Adam Smith,425961096,tharris@example.com,TLIJ96695421756275,24113.99,761.0,0
CUST_001302,Michelle Mcdaniel,700-06-0869,wallacesteven@example.org,SVZJ59235163832648,47734.43,772.0,0
CUST_001303,Michael Walsh,820-32-5135,kim83@example.net,EVWT45761304948414,310.67,417.0,0
CUST_001304,Jesus Dawson,099115598,nicoledaniel@example.org,GPFV87567981302656,34332.45,384.0,0
CUST_001305,James Banks,106-75-8272,,QOBV89410791161146,61442.22,465.0,0
CUST_001306,John Castro,124-81-2409,john51@example.org,ZJFX47388523774877,39866.36,,0
CUST_001307,Brittany Jordan,737-27-9000,,CYUX80822679909666,32769.68,482.0,0
CUST_001308,Dr. Joseph Hunt,751-54-7122,frankjimenez@example.net,OCNJ68210037090703,52104.05,835.0,0
CUST_001309,Samuel Lindsey,690-35-5576,,BSQH48492674876296,22778.48,353.0,0
CUST_001310,Thomas Williams,315432169,,PMLV41982817947795,18352.33,,0
CUST_001311,Sally Rowe,041-94-6244,matthewreynolds@example.com,MTHB32645257330907,61449.75,364.0,0
CUST_001312,Heather Massey,215-52-6688,jamesvasquez@example.org,EUEI76751258379900,12175.16,471.0,0
CUST_001313,Andrew Patrick,735-61-0872,danielsbrandy@example.org,GIEE85628372372259,46822.38,512.0,1
CUST_001314,Mark Donaldson,131-47-7977,adamsjeffery@example.org,UGIB37043333188384,7494.34,631.0,0
CUST_001315,Melissa Davis,502868838,stevenbarnett@example.com,SQZW51769680645544,34137.58,367.0,0
CUST_001316,Robert Johnson,618599949,rmcintyre@example.net,JAKG27396885934288,66352.23,720.0,0
CUST_001317,Monica Anderson,012-51-7142,vmcdowell@example.net,QGVG15032198596551,39981.71,475.0,0
CUST_001318,Justin Howard,631-12-0016,allisonlopez@example.org,QMUV06734767149986,28836.69,436.0,0
CUST_001319,George Carlson,008-26-9115,,PMFE15596374396399,63792.34,793.0,0
CUST_001320,Theresa Case,390866162,feliciadudley@example.com,NYVU53170873002102,38082.47,,0
CUST_001321,Abigail Davis,127-05-9883,turnerapril@example.com,XMVZ73223487493916,56800.05,427.0,0
CUST_001322,Todd Davis,442-08-0381,tylersellers@example.com,XXAX73264478937859,4024.19,683.0,0
CUST_001323,Rebecca Barker,240-70-7217,manningkristin@example.net,YWVV58104573466944,17473.83,754.0,0
CUST_001324,Tammy Fernandez,243-57-4481,lisakelly@example.net,KEQS05665183784771,56917.29,833.0,0
CUST_001325,Robert Farley,170-34-3643,kim35@example.com,MQKT38062502308996,16790.26,639.0,0
CUST_001326,Gary Collins,637-38-6255,tsmith@example.net,QMTK21215603871088,74122.41,527.0,0
CUST_001327,Amanda Webster,745746637,tiffany86@example.net,ZBGP64747691161221,-43.78,803.0,0
CUST_001328,Mike Morales,103-29-8448,leslie00@example.org,QWWC90041589333528,14918.61,393.0,0
CUST_001329,Janice Rocha,828-12-9794,cathy91@example.org,SKZP38010124571815,37810.55,736.0,0
CUST_001330,Rebecca Vasquez,495-01-8787,maychelsey@example.org,MUZX50551919396871,12820.88,554.0,0
CUST_001331,Diana Gomez,139069217,blake03@example.com,TGWF85071961293321,64613.13,792.0,0
CUST_001332,Stephanie Jarvis,425-95-2152,santossabrina@example.com,VCPP58856274806611,32823.89,817.0,0
CUST_001333,Michelle Chan,896-87-9973,jameswhite@example.com,SLCN57121186018112,35891.05,690.0,0
CUST_001334,Whitney Ochoa,867-03-9547,kschultz@example.com,SXQY79206231459688,40058.42,479.0,0
CUST_001335,Teresa Wu,788-02-4148,julie60@example.net,RBJL05211203608164,45254.91,373.0,0
CUST_001336,Jared Garza,832-95-5447,gutierrezdavid@example.com,WCWT71408346954495,-184.37,812.0,0
CUST_001337,Maurice Barrett,298805884,pspears@example.com,IKMN98398590742941,29296.05,682.0,0
CUST_001338,Joseph Mccoy Jr.,301-87-6150,brandi02@example.net,NFKG84766919530164,66317.47,427.0,0
CUST_001339,Debra Pugh,898-71-9741,cwebb@example.org,METZ76116628660349,18772.01,656.0,0
CUST_001340,Tyler Peterson,350-96-6395,smithmanuel@example.net,MLMF77402157231252,48643.43,734.0,0
CUST_001341,Bryan Nelson,424-03-5397,keithhernandez@example.org,TJTM17215052053531,47136.93,328.0,0
CUST_001342,Kimberly Tyler,525294346,erinreid@example.com,EXWW10912944314140,50920.52,560.0,0
CUST_001343,Stephanie Holmes,515-14-0254,brockashley@example.org,SYRE40211682313799,8313.16,394.0,0
CUST_001344,Michael Shaw,546-19-3202,jholloway@example.com,JFNL78963558774526,67525.17,830.0,1
CUST_001345,Mrs. Holly Spencer,540-24-8369,qmoore@example.com,JJXF25351178828050,51733.68,812.0,1
CUST_001346,Emily Jones,863-28-6391,cassandra15@example.net,MPNM60828874587120,30576.48,391.0,0
CUST_001347,Kevin Camacho,392-40-5776,ncollins@example.org,EMED07414430106144,19811.11,514.0,1
CUST_001348,Brandon Brady,765-27-4957,kellygreene@example.com,CTZT71153334972969,61137.4,301.0,0
CUST_001349,Kevin Porter,262287477,olevine@example.net,LXWR58618881786021,21269.69,741.0,0
CUST_001350,Jerry Jennings,320948608,laurenpeters@example.com,EPJS03312223954807,13239.82,412.0,0
CUST_001351,Brenda Bond,563-20-1969,kristinnewman@example.org,OPXP40703666560076,13296.07,496.0,0
CUST_001352,Susan Bowen,369839605,qhudson@example.org,DSGQ68278472643933,46643.82,470.0,0
CUST_001353,Zoe Davis,534855068,jbell@example.com,MMVM04853123443584,1739.83,540.0,0
CUST_001354,Molly Riley,371-95-9052,ashley42@example.org,FDAM37817048364811,56260.8,307.0,0
CUST_001355,Karen Diaz,215-47-9159,xjones@example.com,THPS31363659727676,59279.88,684.0,0
CUST_001356,Lawrence Frazier,502-52-1884,michelle01@example.org,CPIT19538088426723,35229.0,645.0,0
CUST_001357,Kevin Smith,003938595,ydavis@example.com,CHTD54804423647921,23299.4,545.0,1
CUST_001358,David Hayes,038-75-6462,,OWTA49915738067996,26380.21,638.0,0
CUST_001359,Ryan Brewer,371-88-7274,ericwalter@example.com,OFNJ32058699724597,62574.3,442.0,0
CUST_001360,Juan Herrera,657-88-9017,cwebster@example.net,ADDV54917732609685,56233.7,554.0,0
CUST_001361,Curtis Burns,860-64-6952,brooke45@example.net,KVTP35867943364470,30691.06,492.0,0
CUST_001362,Michelle Anderson,025-47-3955,msimpson@example.net,OUXM69494715534745,47350.19,346.0,1
CUST_001363,Amanda Faulkner,538-01-6138,amandagonzalez@example.net,ARXI89653945037548,36082.48,383.0,0
CUST_001364,Anthony Pratt,282125764,griffithpaul@example.org,LMSG29136964804073,49204.6,402.0,0
CUST_001365,Tammy Mcdonald,664-55-4366,vshields@example.org,ZWIA51026583879633,38764.11,816.0,0
CUST_001366,Alisha Fuller,447-06-7913,flemingcaitlyn@example.org,HGEP39974159209410,74721.01,778.0,0
CUST_001367,Frank Atkins,381357751,melissajohnson@example.com,MJQI97797383306144,17688.07,516.0,0
CUST_001368,Ryan Lyons,697-16-2621,johnhiggins@example.org,VYYU26027068756707,74498.79,329.0,0
CUST_001369,Jill Cook,711-65-0192,wriley@example.org,GSDE37745998413376,16138.39,563.0,0
CUST_001370,Debra Novak,825-02-3736,zachary57@example.org,UZYM51064070783847,69166.58,803.0,0
CUST_001371,Sabrina Sanchez,680-50-4200,jodimiller@example.com,NKVJ04492728090317,57358.47,366.0,0
CUST_001372,Valerie Johnson DDS,381560084,eric99@example.org,XQKX98444088959303,28314.61,747.0,0
CUST_001373,Vincent Gomez,004-32-0481,lharper@example.org,DXLF30299966330923,6230.03,492.0,0
CUST_001374,Eduardo Gonzalez,681-69-2295,changheather@example.com,ZLIZ02732012953185,71532.18,301.0,0
CUST_001375,Peter Washington,458-27-9616,josephmoran@example.net,QEZB48109305484738,31489.24,673.0,0
CUST_001376,Tyler Gordon,190475983,xjennings@example.net,VKHQ15182723826429,44103.59,409.0,0
CUST_001377,Jonathan Hughes,692440245,william49@example.net,ZQVX15590308196954,70688.19,524.0,0
CUST_001378,Heather Bowers,616903447,michelle88@example.org,DWKX08924464035076,49733.98,335.0,0
CUST_001379,Shawn Wilson,223-66-7330,melissadoyle@example.org,BQYW22775477774592,74762.07,789.0,0
CUST_001380,Tammy Bruce,109-56-6986,jameselliott@example.com,PTPT00704559484967,3940.35,641.0,0
CUST_001381,Richard Pruitt,157-63-2418,msanders@example.org,VPDE55935027674906,16492.92,353.0,1
CUST_001382,Victor Barron,373-56-3070,colemanangela@example.net,JLDW34170054558345,22082.18,463.0,1
CUST_001383,Mitchell Carter,082-61-1455,renee78@example.com,GGLZ76680895049108,74268.73,700.0,0
CUST_001384,Tina Ware,519-70-5739,pettyarthur@example.com,YFCU97933686093160,14229.46,703.0,0
CUST_001385,Melissa Gross,725-28-9350,lsanchez@example.org,ZYRG91115320264009,3586.31,611.0,0
CUST_001386,Joanna Garcia,775-53-7419,vpowell@example.com,FAVV38878218893844,21476.66,448.0,0
CUST_001387,Jennifer Hill,031-33-7588,katiehubbard@example.com,ZEXA83481242664742,26848.05,404.0,0
CUST_001388,Jeremy Davis,264509992,tonyacarroll@example.net,TNNH79581877449924,31746.89,472.0,1
CUST_001389,Teresa Trujillo,275-99-9653,qmyers@example.net,KHCZ55664239402690,3461.64,827.0,0
CUST_001390,David Mann,793-35-0873,elowe@example.org,CDVR22923246872203,30001.55,334.0,0
CUST_001391,Mary Gibbs,381598232,ahoffman@example.org,QNPJ85783045596576,12522.77,684.0,0
CUST_001392,Brian Hayden,364254118,gregory04@example.org,LKCX26764494363270,34507.37,691.0,0
CUST_001393,Tony Smith,349-53-6129,youngleslie@example.net,CVQN74715203519198,5739.09,800.0,0
CUST_001394,Betty Harris,099016590,morajulie@example.net,KBRC43229876632790,74044.87,791.0,0
CUST_001395,Kyle Cook,136-61-0311,michaeloliver@example.org,TCXP00522918457496,36056.46,744.0,0
CUST_001396,Paul Prince,144-14-6578,zroberts@example.org,DZJG58304077513061,64596.89,,0
CUST_001397,Gregory Chase,180-29-3298,amiller@example.com,ODJO32043192743126,39999.47,842.0,0
CUST_001398,Brianna Ramsey,116010127,rebecca68@example.com,KQAN24755526720367,59150.11,427.0,0
CUST_001399,Robert Andrews,236983791,sotomitchell@example.net,BNSA57112181679323,64581.26,484.0,0
CUST_001400,Devon Foster,272538657,courtney51@example.net,JXSW51657079432183,42918.62,465.0,0
CUST_001401,Raymond Cummings,230-54-3328,adamolson@example.com,AEXB41154880510933,8916.14,605.0,0
CUST_001402,Alexandra Levy,277-57-1008,fuentesmatthew@example.net,WJGO00984164377021,-493.54,607.0,0
CUST_001403,Andrew Munoz,506-95-3879,anthonymiles@example.org,TFRV33971785681769,39824.73,443.0,0
CUST_001404,Lance Velasquez,741-39-0708,tbell@example.net,VLXL91698331793647,26084.84,822.0,0
CUST_001405,Julie Gilmore,329-55-2412,shannoncarpenter@example.org,JLEX59357076509462,13699.56,606.0,0
CUST_001406,Leah Richard,004-72-1102,mwilliams@example.org,NAYE61186801093609,44179.63,584.0,0
CUST_001407,James Anderson,103-14-9227,ronald96@example.com,PWMV28058777701497,28324.56,467.0,0
CUST_001408,David Pennington,854-73-7530,jessica92@example.com,NAPO35956919220513,51935.91,848.0,0
CUST_001409,Jonathan Hicks DVM,289647392,nathanielmercer@example.net,BBPL16748673581821,48240.63,681.0,0
CUST_001410,Andrew Miller,205-08-6226,ronald91@example.org,VVKU84383569997125,61528.37,,1
CUST_001411,Karen Robinson,329-83-6445,zacharyrojas@example.com,MZPD91969933530313,5353.11,427.0,0
CUST_001412,Justin Powell,876-86-9655,kellyrichardson@example.com,LHHK52620294874781,6217.55,641.0,0
CUST_001413,Roberta Gonzales,857980909,mark77@example.net,HSFZ22931778650394,6894.99,527.0,0
CUST_001414,Gary Bell,878-76-2306,nmoore@example.com,PYSC74312434535381,54488.72,613.0,0
CUST_001415,James Serrano,472018534,mark69@example.com,QBXZ36957562943391,42697.93,588.0,0
CUST_001416,Ryan Hernandez,002-14-8595,wagnernatalie@example.net,HYSU44101042797493,70961.53,698.0,0
CUST_001417,Mitchell Johnson,194-39-7505,randall16@example.com,NTTU13293575384811,41151.21,,0
CUST_001418,Carolyn Alvarado,584-37-0065,fcopeland@example.com,VFMF45546202135469,11239.59,429.0,0
CUST_001419,Victoria Williams,592-46-1776,ilee@example.org,HVJH46609547006039,47759.11,679.0,0
CUST_001420,Gail King,850-11-8664,joseph33@example.net,IUYX12022417561680,13324.39,662.0,0
CUST_001421,Monica Dunn,580-08-5394,joantorres@example.org,GNML02859156581791,70596.61,534.0,0
CUST_001422,Jose Cox,721519458,beverlymitchell@example.org,FCSD14299948141401,23111.64,392.0,0
CUST_001423,Kathy Horne,401-52-5964,amy82@example.com,NKEA12017402098446,42936.41,386.0,0
CUST_001424,Kristin Johnson,098-13-3125,holmesnicole@example.org,FZTD36759164491532,72143.56,734.0,0
CUST_001425,Lori Duarte,162-02-2285,john42@example.org,DLMR23428402246267,51226.7,845.0,0
CUST_001426,Elizabeth Mata,718-64-7976,charlescole@example.com,RNOZ07760429398766,55816.75,735.0,0
CUST_001427,Clayton Reed,067568714,,FZJW00330510972472,71290.56,840.0,0
CUST_001428,Tracy Sims,796599000,eblack@example.net,YXYW39852381828936,69728.99,836.0,1
CUST_001429,Leslie Craig,667255223,larrymcdonald@example.org,BIFU35731899593116,26173.51,352.0,0
CUST_001430,Gregory Gray,427-91-6793,kaylayoung@example.org,LAPU07750884949996,68510.41,555.0,0
CUST_001431,Ryan Lopez,036-96-5365,bellcole@example.com,ZKSL19484542259551,35975.91,571.0,0
CUST_001432,Alexandra Castaneda,752-04-4126,,GVWL11096745136365,22513.89,827.0,0
CUST_001433,Ricky Fox,638849343,michaelvalencia@example.net,EHIE67870323812817,36364.12,664.0,0
CUST_001434,Ryan Harris,108038767,,OXVX52112759637311,25903.99,490.0,0
CUST_001435,Megan Hardin,133-09-8206,kevinmccarthy@example.org,NXYK94003818036485,39446.79,,0
CUST_001436,Laura Atkins,875023435,sydneyramirez@example.net,RCOB28461687873214,18385.17,781.0,0
CUST_001437,Adam Carter,205163841,michael79@example.com,JVPI33442106510046,60771.56,411.0,1
CUST_001438,Kristin Perkins,509929073,ehenry@example.net,EBXP22395672176189,55905.38,305.0,0
CUST_001439,Rebecca Williams,519-61-3684,hilldaryl@example.com,OLCG87712398189397,2539.35,704.0,0
CUST_001440,Amanda Sims,815-14-5699,gballard@example.com,KKXQ68173418807964,71102.38,572.0,0
CUST_001441,Michael Stewart,032-53-3734,melanie70@example.org,TGSD85362054493392,9121.27,709.0,0
CUST_001442,Timothy Atkinson,461988457,sbryant@example.net,BXOU15378420555535,7784.83,410.0,0
CUST_001443,Dr. Elizabeth Garcia,455-47-8058,staffordjoshua@example.org,QRZS22100720409471,51175.04,353.0,0
CUST_001444,Kristine Perry,085-15-0257,shawsteven@example.org,WJRN67186442624470,32291.8,596.0,0
CUST_001445,Shelly Sandoval MD,831-87-0981,daniellebrown@example.org,HHFK70443073246689,54558.27,491.0,0
CUST_001446,Joseph Garcia,697-25-0970,huntkatrina@example.com,QDZO79989924692470,18175.25,739.0,0
CUST_001447,Devin Berger,472353241,michaeljames@example.net,HEHC45651812759170,37426.21,485.0,0
CUST_001448,Russell Santana,656-18-0455,gsmith@example.org,PJAZ53625123115411,8594.82,710.0,0
CUST_001449,Kristina Santiago,324-55-1965,walldaniel@example.net,XMUS30052214426735,46043.29,393.0,0
CUST_001450,Brittany Moreno,738-83-6042,fergusonjoseph@example.net,KVYT99442618455375,73499.39,527.0,0
CUST_001451,Carolyn Holmes,345-04-8124,brandon78@example.org,SVJB23235859358035,22473.89,575.0,0
CUST_001452,Denise Myers,814-76-4019,torresjustin@example.org,SVUO35442524777744,67080.52,486.0,0
CUST_001453,Darren Blackwell,576-46-4756,gsmith@example.org,BNAM98826486275537,35140.39,403.0,0
CUST_001454,Robin Thomas,648-96-4144,kjohnson@example.org,DAIA72545396016099,7920.41,313.0,0
CUST_001455,Mark Romero,544-34-4382,steveberry@example.org,MELV17431603250394,60657.66,841.0,0
CUST_001456,Carrie Hardy,744-14-8078,erin27@example.net,VHNC79496454959578,6085.95,408.0,0
CUST_001457,Debra Johnson,683-36-0663,jessica65@example.net,DQHE24023936276176,68369.35,495.0,0
CUST_001458,Reginald Carter,652-44-9629,gene82@example.com,LDCF86381105022892,46235.28,608.0,0
CUST_001459,Lisa Carrillo,593-24-1308,david02@example.com,YNPP42393543373278,2807.74,496.0,0
CUST_001460,Karen Rodriguez,027-46-2974,castroanita@example.org,APOY21434869653715,63379.65,655.0,1
CUST_001461,Stacy Hill MD,319675569,englishkatie@example.net,ROHA95079337731297,4611.99,729.0,0
CUST_001462,Lori Miller,161-97-1987,michael39@example.net,WOVL90826800907220,20198.22,432.0,0
CUST_001463,Marc Gonzalez,202029025,bauermichelle@example.net,WKSN02331599875175,13859.41,707.0,0
CUST_001464,Kari Peterson,555-44-0081,bailey14@example.com,JCOK02413007886758,32549.74,821.0,0
CUST_001465,Belinda Wang,138-06-5054,denisenelson@example.net,BJTO23669462728651,13397.01,,0
CUST_001466,Shawn Meza,771-49-7359,tanya78@example.net,KBVW46217643493941,38216.07,815.0,0
CUST_001467,Veronica Roberts,094657334,,RVWN98585749110667,52973.23,421.0,0
CUST_001468,Dr. Jessica Smith,451-01-4797,olsonbridget@example.com,KGOP01249316459824,10684.53,584.0,1
CUST_001469,Autumn Diaz,496-24-1186,,LCZQ75692692032735,18300.11,515.0,0
CUST_001470,Joshua Ramsey,001438047,richardobrien@example.net,YKOV89591532425660,27367.82,385.0,1
CUST_001471,Mrs. Michelle Alexander DVM,755-64-0713,fwilliams@example.com,GAGI13653298568499,67324.35,601.0,0
CUST_001472,Matthew Walsh,868-49-3906,fkim@example.com,MDIZ33700491744368,16055.61,586.0,0
CUST_001473,Donald Burns,371-30-1041,daniel98@example.net,PWPZ40545866182487,58253.04,408.0,0
CUST_001474,Allison Murray,842-16-3468,dorothysmith@example.net,PFNG49212233998215,46780.34,511.0,0
CUST_001475,Kevin Hall,087-13-6585,mitchell67@example.net,IQIY56771541766045,60483.84,704.0,0
CUST_001476,Brenda Graham,338423032,henrybryan@example.net,OYML76664760852085,67613.69,395.0,0
CUST_001477,Michael Spencer,709066786,,TRQP82988727544220,42509.18,484.0,0
CUST_001478,Anita Wright,199-12-8913,zoehoover@example.org,HUQN40067246639032,29261.9,492.0,0
CUST_001479,Michael Kelly,584511710,charles36@example.net,HACD18406548855875,72764.1,402.0,0
CUST_001480,Tina Sloan,443-32-3332,jennifer86@example.net,OILO83517983871355,7029.61,693.0,0
CUST_001481,Elizabeth Ruiz,721-22-9698,phillipmcclure@example.net,ICOU82560199916246,2802.37,554.0,0
CUST_001482,Tara Sweeney,833-10-9941,frazierwendy@example.com,JENQ51797367990102,59326.23,309.0,1
CUST_001483,Janet Mckenzie,836-93-4435,jbarker@example.org,XXVE03872121519045,52912.91,507.0,0
CUST_001484,Michael Davis,284-02-3851,daylee@example.net,DMKN63393508243262,22707.57,790.0,0
CUST_001485,Nichole Lewis,888-32-3017,wyattdanielle@example.net,YQJC42024843507450,8792.2,345.0,0
CUST_001486,Michael Park,248-17-8012,osoto@example.com,TZOA24404310907718,10208.54,529.0,0
CUST_001487,Timothy White,399-53-7013,morganfrances@example.net,NLKI76172757355481,16554.27,693.0,0
CUST_001488,Laura Kim,484-80-8841,william47@example.com,GZYS29427021501343,74302.99,529.0,0
CUST_001489,Michael Cox,474-86-1435,laurie11@example.com,GGWS12990371912759,8435.5,386.0,1
CUST_001490,Daniel Martin,797-73-6856,kingeric@example.net,VFFB65910044364364,44770.67,735.0,0
CUST_001491,John Brown,224-25-8855,jeffery00@example.net,AUBO22768352780878,25803.12,406.0,0
CUST_001492,Juan Parker,474-84-0456,keithlara@example.net,BBVN32586775465861,67977.34,378.0,0
CUST_001493,Damon Dudley,775-09-8433,daniel76@example.net,GHFW46568415463517,10567.48,451.0,0
CUST_001494,Jennifer Nelson,263-82-2289,smithernest@example.org,VMLW95965600337522,4582.18,737.0,1
CUST_001495,Charles Jordan,220-08-3030,ewilliams@example.org,KCXI55795372376604,13231.36,694.0,0
CUST_001496,Jaclyn Miller,690-86-5008,jhurst@example.com,ZPEF98210935243922,44931.61,641.0,0
CUST_001497,Trevor Gonzales,160404972,zjordan@example.com,AOZN95390878347679,40975.11,846.0,0
CUST_001498,Christopher Cobb,438-22-9354,ysparks@example.com,TJWR36094386825085,53476.54,839.0,0
CUST_001499,Corey Powers,247-33-4120,gbutler@example.org,SYEG25727346892704,17257.08,302.0,0
CUST_001500,Lisa Jackson,257-78-4175,molinaerin@example.net,LDJT61806862886887,9586.25,412.0,0
CUST_001501,Kimberly Stephens,125-51-9492,josephfisher@example.org,VTLC86956134408833,61335.29,601.0,0
CUST_001502,Jonathan Richardson,032-01-2512,bethanycox@example.org,ZEUZ37793980122016,31291.31,515.0,0
CUST_001503,Suzanne Webb,036152998,cassandra31@example.net,CGHM31409821270231,52649.2,686.0,0
CUST_001504,Sarah Moreno,264288361,ewilson@example.com,YOPU56900019176532,7503.74,375.0,0
CUST_001505,Sarah Brown,639318515,callahanamy@example.net,JXPJ69117087027282,10166.45,550.0,0
CUST_001506,Kimberly Taylor,754-97-5740,jennifercruz@example.com,GJUW91232160059324,13273.05,443.0,0
CUST_001507,Alexander Curry Jr.,457651816,prattvanessa@example.com,EUBF13116795428326,24968.94,313.0,0
CUST_001508,Alan Jackson,630-74-4897,webblindsay@example.com,ZXRN29025153864267,56210.54,815.0,0
CUST_001509,David Flores,561-38-6765,ogriffin@example.com,GUAJ05319841050755,33799.39,564.0,1
CUST_001510,Garrett Huang,087-64-2678,pjackson@example.net,QINO97008307644058,11338.45,394.0,0
CUST_001511,Dawn Simmons,201-50-8752,joneschristine@example.org,OHXE82901832051121,46237.8,524.0,0
CUST_001512,Teresa Hodge,581-56-8360,ocrane@example.net,LAFJ06511747117064,5329.3,779.0,0
CUST_001513,Caleb Shea,865365494,sporter@example.com,CFZZ40790448138819,3627.71,680.0,0
CUST_001514,Gary Frederick,495600658,nicolewade@example.net,OONC95249601709217,45040.86,643.0,0
CUST_001515,Maria White,275-68-9242,xbowers@example.net,AIWL34782772532095,44581.86,616.0,0
CUST_001516,Mary Gonzalez,621-68-5052,smitchell@example.com,QPFO29933570240939,5920.47,345.0,0
CUST_001517,Richard Moore,255-43-3699,melodyjacobson@example.com,EVOH98356523918867,70734.94,308.0,1
CUST_001518,Victoria Thompson,895543470,hjackson@example.net,UFBD66334014215634,23242.67,700.0,0
CUST_001519,Brian Morgan,590-34-4801,timothy42@example.org,NFGG57044455143442,30250.14,815.0,0
CUST_001520,John Bishop,258-85-6348,gregory98@example.com,URRW42463815129116,28349.44,338.0,0
CUST_001521,Robert Green,667-10-8668,melissacastillo@example.net,FIOX35399875915300,6543.46,537.0,1
CUST_001522,Sue Allen,490-69-6291,kylegarner@example.net,FVHB57824531081246,11659.05,813.0,0
CUST_001523,Robert Lloyd,815-09-8502,sharper@example.net,CIUN06696106963749,25276.85,434.0,0
CUST_001524,Cheryl Perry,002-33-0864,reneecastillo@example.net,BMKA61471590112502,66746.33,696.0,0
CUST_001525,Samuel Montgomery,782-49-9905,,ZTRN83212086149842,42301.02,809.0,0
CUST_001526,Andrea Petty,593-48-2780,jodi94@example.com,BBUC41442460737238,64998.79,389.0,0
CUST_001527,Robert Davidson,869-27-6389,ehamilton@example.com,KVPW63798293055779,4646.22,672.0,0
CUST_001528,Robert Harmon,896-18-8696,katrina69@example.net,XUDB59394815043903,73953.82,562.0,0
CUST_001529,Earl Price,680-18-6221,mary41@example.net,MNWA96354760751210,72861.89,799.0,0
CUST_001530,Margaret Ruiz,465-98-9679,benjamin76@example.net,AZEI59408593565352,68744.08,432.0,0
CUST_001531,Ricky Singleton,053-11-8058,kendra27@example.net,LYYK73748525122584,5803.54,723.0,0
CUST_001532,Robert Ortega,348350624,jsmith@example.com,YUFT49652396749990,46356.34,358.0,0
CUST_001533,Lisa Olson,723-32-5468,christinabutler@example.com,YCKS12426957538513,63906.01,597.0,0
CUST_001534,Kyle Fox,194-58-2359,debrawinters@example.net,EXNX20408520633461,65499.0,395.0,0
CUST_001535,Jacqueline Campbell,542-84-4938,robertbrock@example.com,GVGW80419171603330,7738.49,484.0,0
CUST_001536,Karla Bray,424-64-7499,agibson@example.com,BVFV09313788021093,14560.06,636.0,0
CUST_001537,Patrick Rodriguez,052-18-6256,,YOMJ55459034819543,55467.0,417.0,0
CUST_001538,James Smith,142550233,talexander@example.org,BRTX23331351485507,47836.34,627.0,0
CUST_001539,Sara Riley,256072856,brian95@example.com,KUDX44876216483427,60544.29,740.0,1
CUST_001540,Kiara Miranda,618119696,maria51@example.com,FLFV02358937712582,56775.54,733.0,0
CUST_001541,David Schmitt,174-39-2560,xsimpson@example.com,VXKT91945644645239,30082.67,605.0,0
CUST_001542,Crystal Henry,777-83-5632,paulrebecca@example.net,IPAZ18977950146709,66927.04,488.0,0
CUST_001543,Edward Francis,602-80-2090,cruzjoseph@example.com,ABZW41770734603161,56364.79,468.0,0
CUST_001544,Jeanne Walls,072455875,urodriguez@example.com,KFPL42832867851506,58681.23,747.0,0
CUST_001545,Stephen Edwards,713-53-1910,robinsonbrenda@example.com,NVNC66894093636460,58621.96,503.0,0
CUST_001546,Joanne Stevenson,320-72-6355,htran@example.com,GFEI51825696192126,73970.78,624.0,0
CUST_001547,Shaun Hays,185-98-5695,hendersondean@example.org,SYQU96319630527043,23388.79,716.0,0
CUST_001548,Michael Smith,537-47-5668,lisasmith@example.org,DEPJ69017631919863,64223.66,760.0,0
CUST_001549,Rebecca Smith,306020579,melissamoore@example.org,FGAN35673577569429,13668.1,470.0,0
CUST_001550,Melissa Hernandez,249-70-0055,rvincent@example.net,AGYE48274635235611,50811.93,314.0,0
CUST_001551,Amanda Crosby,653-51-6946,zlong@example.net,XSKQ62185311128177,61338.39,427.0,0
CUST_001552,Katherine Williams,178869851,vanessa03@example.com,XTJP28132659845033,26091.95,736.0,0
CUST_001553,Robert Bowers,256-07-6049,jmason@example.org,LGLU31324527567195,31842.96,481.0,0
CUST_001554,Jonathan Jackson,005-92-1210,david97@example.com,OZCE65249489185298,49300.22,747.0,0
CUST_001555,Keith Murphy,276-91-9234,prestonsusan@example.net,PNIS13616576528226,6991.49,389.0,0
CUST_001556,Alice Doyle,035-91-9546,terrybrooke@example.net,JRIS43457766138865,30551.61,808.0,0
CUST_001557,Amanda Reyes,576-42-3765,hjohnson@example.com,MXOQ32395936019412,37503.79,333.0,0
CUST_001558,John Good,454-21-0286,deborahwalker@example.com,RBOE02033881120996,41144.89,417.0,0
CUST_001559,John Stewart,401-58-3297,charlesking@example.net,QHML67071905657439,68509.21,722.0,1
CUST_001560,Erin Pollard,140-76-2886,acombs@example.org,ASXK46887305886810,70441.07,529.0,0
CUST_001561,Julie Quinn,042041153,,KIPY80095804014615,67651.82,724.0,0
CUST_001562,Ashley Rodriguez,544-41-9425,hjimenez@example.org,GQQK46734743693908,1481.63,683.0,0
CUST_001563,Shannon Smith,301-22-9461,bryan25@example.net,EDGA54284251119035,12366.01,740.0,0
CUST_001564,Sarah Mills,328103310,alvin39@example.net,OTTX90323887676606,62055.52,739.0,0
CUST_001565,Shelia Fuentes,723022956,pgoodwin@example.net,PRGR74430818363293,67764.94,829.0,0
CUST_001566,Jeffrey Cole,863-58-8083,watkinsvanessa@example.net,FAPD54818513311786,8437.14,701.0,0
CUST_001567,Russell Clark,014-49-7175,,RRTE03028757405892,71126.87,,0
CUST_001568,Melissa Davis,763-40-5184,,UFIY97265571364967,11055.17,380.0,0
CUST_001569,Ashley Rodriguez,754567805,kristinstephens@example.com,OXJZ48825269901851,47401.97,666.0,0
CUST_001570,Shannon Walker MD,720-08-2908,bflores@example.org,CKON46705068098383,62954.49,687.0,0
CUST_001571,Jodi Morgan,325447709,richardnichols@example.org,HUJX56333892349524,46871.57,405.0,0
CUST_001572,Dr. Christopher Mcclain,221-81-7691,clarkangela@example.net,UGZF42716186286974,19280.6,484.0,0
CUST_001573,Michelle Thompson,719-29-2286,camachokathryn@example.com,IPRY72681931922941,29005.42,802.0,0
CUST_001574,Kendra Nielsen,245-11-4281,williamsjesse@example.com,FLHV94185455418925,15377.35,729.0,0
CUST_001575,Brett Clayton,516-75-7155,christopherhernandez@example.net,HAGF82673549047986,13075.39,310.0,1
CUST_001576,Terri Thompson,021-74-2786,amy28@example.net,ZLBQ62868564347608,8349.14,651.0,1
CUST_001577,Christopher Long,156660234,shirleyhaynes@example.com,ZUUJ67363163308460,11458.31,,1
CUST_001578,Melissa Price,241996150,wwhite@example.org,JTBQ47491163430310,38136.73,456.0,0
CUST_001579,Ashley Smith,320-68-6996,johnsonjessica@example.com,QILK41408579622951,9961.66,385.0,0
CUST_001580,Madison Rodriguez,843-93-6222,rachelramirez@example.org,XBXV02604690174953,71468.82,656.0,0
CUST_001581,Patricia Armstrong,355-35-4166,murraylauren@example.net,NMUP88457321650242,32422.68,709.0,1
CUST_001582,Gerald Conrad,673262000,qgallagher@example.com,AVOY29850230506671,53663.41,702.0,0
CUST_001583,Richard White,522-76-5804,danielalexander@example.com,SYKL41298249220288,15040.3,799.0,0
CUST_001584,Kyle Allen,253-89-2766,brandon27@example.com,RADF69625050732491,23565.53,410.0,0
CUST_001585,Deborah Cameron,576-97-5839,leetricia@example.net,TMEZ38384403765439,47268.73,365.0,0
CUST_001586,Mary Cook,029-41-1932,,NUID48632908505048,30440.52,843.0,0
CUST_001587,Alexandra Gonzalez,263466464,rose86@example.com,DBTB74447939117174,59212.68,666.0,0
CUST_001588,Sarah Norton,270-14-2425,,VPYG74496660723660,23241.19,309.0,0
CUST_001589,Chad Lawson,726-43-7916,sbrooks@example.com,NQTG82528940439351,59540.58,538.0,0
CUST_001590,George Freeman,275-21-9992,katelynrobinson@example.org,NRJR03163678175248,7270.47,584.0,0
CUST_001591,Sean Davis,261809870,thouston@example.com,TYLH95260885329873,42833.1,731.0,0
CUST_001592,Rodney Price,881449421,obautista@example.net,KIXP37704990967819,3249.31,805.0,0
CUST_001593,Michele Crawford,322554554,anthonyfoley@example.org,MDYB34057368910804,12421.05,,0
CUST_001594,Eric Jones,033-34-8816,scott86@example.com,ZDVQ87716991658723,58639.58,304.0,1
CUST_001595,Matthew Scott,690751049,hjohnson@example.com,DEMK72818291278988,67135.13,840.0,0
CUST_001596,Keith Maddox,023-64-2020,qpotter@example.com,DXWL85537304376318,60089.75,608.0,0
CUST_001597,Emily Rowe,456-99-9950,amoore@example.net,RWDI40004075602310,23144.69,348.0,0
CUST_001598,Jade Robles,658-77-7872,lisarussell@example.com,XFFX88542734497992,72520.02,424.0,0
CUST_001599,Melissa Simpson,124-72-5306,jennifersmith@example.net,IOXL87837105392590,61821.97,442.0,0
CUST_001600,Julie Hernandez,796-01-7174,ewingnicole@example.net,DPJH04025600413166,12349.45,495.0,0
CUST_001601,Christine Kelley,104-63-6672,ksanders@example.com,WXWO17635064272990,-126.93,353.0,0
CUST_001602,Anthony Campbell,827-60-8395,tinawilliams@example.org,BEXL43163915846472,5165.68,637.0,0
CUST_001603,Brittney Townsend,057-92-7078,zgonzales@example.com,NTAM15502613409731,69326.81,771.0,0
CUST_001604,Julie Wade,375-71-1111,theresastone@example.com,JUAK32421694353286,63686.6,723.0,0
CUST_001605,Jeremiah Haney,357-86-5987,ksmith@example.net,OHFD36788645552615,35583.47,801.0,1
CUST_001606,Emily Sanders,155-52-4039,ryan06@example.net,LBRM87441235998962,19417.81,603.0,0
CUST_001607,Austin Krause,466-26-4377,lindsay58@example.net,FKVL15179751937849,48358.64,510.0,0
CUST_001608,Regina Reynolds,344-32-2477,davidleonard@example.com,AVCT76213461646152,50122.67,779.0,0
CUST_001609,Raymond Peters,675-33-4035,ttate@example.net,YOBX81014812971988,44084.49,840.0,0
CUST_001610,Leslie Salas,338-84-8321,paynejoseph@example.org,VYUX12681793008058,48974.35,816.0,0
CUST_001611,Tonya Strickland,071-13-6733,acarroll@example.org,GJWA50810563586990,33658.61,825.0,0
CUST_001612,Amber Meyers,274-80-8344,brenda59@example.org,EUCF46764281259836,51313.08,404.0,0
CUST_001613,Samuel Ellison,647-13-3459,mitchellautumn@example.com,FMAS20331465657166,67004.4,491.0,0
CUST_001614,Beverly Martinez,232-03-7730,victoriabarry@example.net,BJHQ96416450862953,8433.63,386.0,0
CUST_001615,Melissa Wyatt,205-74-4021,nicole08@example.org,PMID26139557458618,24697.33,751.0,0
CUST_001616,James Gonzalez,380-86-9797,dpatrick@example.com,LIUI27885988192069,31405.42,601.0,0
CUST_001617,Yvonne Sanford,651-61-9192,martinsuzanne@example.org,WFEH68312753418399,38655.69,411.0,0
CUST_001618,Ricardo Estrada,285-13-4619,christinejohnson@example.org,QACO71062945026944,3511.9,336.0,0
CUST_001619,Michelle Davis,678-08-4838,arnoldwilliam@example.org,FHXW18667906674772,66136.32,714.0,0
CUST_001620,Kevin Pugh,133-18-4321,michaelduran@example.com,XORF60187779533422,19754.15,510.0,0
CUST_001621,Diane Parker,036-30-6201,amandaaguilar@example.com,OYFO74575021885211,21242.39,303.0,0
CUST_001622,Paul Brown,393-74-4005,aliciaallen@example.net,WYRP88420475983589,22551.98,544.0,0
CUST_001623,Jessica Robbins,765-11-3684,christine45@example.net,UBEK46167946778189,33868.83,,0
CUST_001624,Brenda Leonard,518-75-6211,kelly99@example.com,EWCD85723501947377,66034.94,474.0,0
CUST_001625,Mary Carlson,405245239,morrismarcus@example.com,VOSC78220081001428,43528.49,800.0,0
CUST_001626,Matthew Webb,690834801,thenderson@example.net,DISY09671080045872,50843.49,597.0,0
CUST_001627,Tommy Murphy,443-60-6114,ffrazier@example.com,ETJQ30517197251234,6590.21,611.0,0
CUST_001628,Aaron Gaines,077-81-2988,sosarobert@example.net,GIXZ26587503104979,40701.49,798.0,0
CUST_001629,Isabella Henderson,673-32-0827,ericsherman@example.com,STBP46669747217124,24697.28,830.0,0
CUST_001630,Michael Delgado,305-60-6325,,SLWE55876735078107,8013.46,831.0,0
CUST_001631,Sean Johnson,327-09-9915,,VMCI99363196275644,49282.2,445.0,0
CUST_001632,Kathryn Davis,759-84-5963,morganwatts@example.com,BUMG62105164078704,32019.4,511.0,0
CUST_001633,Antonio Ward,530-76-9581,wellsvalerie@example.net,XUVU39652729598677,72391.71,760.0,1
CUST_001634,Carl Hicks,200-61-4290,esmith@example.org,STMT91548270029331,25837.8,639.0,0
CUST_001635,Heather Gutierrez,088-61-7140,matthew92@example.org,NYRR41577129184251,2603.05,832.0,0
CUST_001636,Rebecca Kelly,148-70-7190,ugarcia@example.org,HWLL28587063022829,42283.01,655.0,0
CUST_001637,Chris Meyer,106980161,lutzstacy@example.net,LZTU64726847464550,34706.97,453.0,0
CUST_001638,Aaron Conway,570-88-6889,,VBQR08756450581058,36255.27,366.0,0
CUST_001639,Robert Ramos,762-74-6692,,IPNC93788663646533,44276.91,354.0,0
CUST_001640,William Williams,169-15-9836,alan04@example.com,EZWN28191502374387,3267.6,441.0,0
CUST_001641,Kenneth Potter,325-75-1882,gonzaleskenneth@example.net,EYNA97962914597736,57550.85,458.0,1
CUST_001642,Brian Welch,549-33-4300,,HMNL39788587489557,32119.83,382.0,0
CUST_001643,Kaylee Wallace,393-10-1334,frivera@example.net,NHSK25747774372123,50726.77,695.0,0
CUST_001644,Joshua Mitchell,331-94-9295,armstrongjoshua@example.org,VRHE29000590545173,22302.71,618.0,0
CUST_001645,Isabella Duffy,322-75-8876,hudsonwhitney@example.org,JNEV71239330653353,10007.82,504.0,0
CUST_001646,Mrs. Teresa Wright,603-61-7466,biancahess@example.net,QFXW19608787578827,21948.73,772.0,0
CUST_001647,Charles Ross,625-94-0446,smithscott@example.org,HNMN09797855004450,9965.05,752.0,0
CUST_001648,Nancy Coleman,124-09-7518,lflores@example.net,WFWE65278254630594,26241.64,,0
CUST_001649,Ethan Gonzalez,564-01-5974,judithmorgan@example.net,YXZO24581987088407,71790.63,731.0,0
CUST_001650,Richard Nichols,326-50-8971,angelaharrington@example.org,PENQ39507051306967,43314.34,682.0,0
CUST_001651,Seth Simmons,197-73-0580,alyssa06@example.net,PQKH79821492413717,56527.81,702.0,0
CUST_001652,Jacob Villa,578467355,jessicamolina@example.com,IVQG68167238665606,38609.63,355.0,0
CUST_001653,Mark Barr,826428661,vhernandez@example.com,JDZA57725040258988,44372.65,597.0,0
CUST_001654,Taylor Turner,251156654,qsmith@example.org,QJYL72080241041507,43638.62,823.0,0
CUST_001655,Ronald Rogers,309059073,davidwoods@example.com,NYVD15566134047500,55402.02,807.0,0
CUST_001656,Jennifer Freeman,892224988,mark81@example.com,STVB64949356580363,46932.08,306.0,0
CUST_001657,Debbie Lewis,728710298,jacqueline88@example.net,BQXH35142449663900,11053.17,423.0,0
CUST_001658,Roger Farley,514-15-6521,jchung@example.org,NPUF51409617099873,37688.24,700.0,0
CUST_001659,Jason Cowan,379-57-3796,mooremichael@example.com,HAHU84691281501645,61430.46,566.0,0
CUST_001660,Anthony Elliott,518797395,owensjesse@example.org,DEOM98762295794745,32142.7,322.0,0
CUST_001661,Derek Miranda,379-24-7048,justin58@example.net,CYKY71604261447165,55495.69,505.0,0
CUST_001662,Sandra Taylor,618-25-8972,seanwheeler@example.com,UETZ69454191378049,36718.79,581.0,0
CUST_001663,Corey Moore,362-44-6315,hawkinsdouglas@example.com,XFJF76074146440261,31574.89,328.0,0
CUST_001664,Jacob Orr,516-82-1012,deborah82@example.net,XECG84155109542527,2073.31,755.0,0
CUST_001665,John Hayes,250-20-6709,shanemoon@example.com,AOFP12633402937813,54091.43,583.0,0
CUST_001666,Lawrence Lee,075-26-6834,freed@example.org,OJNT58819468774929,15413.9,837.0,0
CUST_001667,Caleb Reeves,796-27-1759,acole@example.com,XYMN84905366783203,53800.29,647.0,0
CUST_001668,Alexandra Wright,139-69-0956,savagejeffrey@example.net,HJBG88333151801664,49212.52,703.0,0
CUST_001669,Brandon Stewart,823-11-0353,ahampton@example.net,WXTU53115439781573,45241.06,484.0,0
CUST_001670,Timothy Haley,108-82-9016,mistyenglish@example.net,NFHW65046026224789,9271.36,631.0,0
CUST_001671,Matthew Foster DDS,537090609,lday@example.com,DZYH50621084015799,4601.53,330.0,0
CUST_001672,Craig Fox,465-11-4597,bethlee@example.org,QMNL08368168214073,70034.66,787.0,0
CUST_001673,Michelle Cameron,631-22-1035,garyperez@example.org,TEAB56260702474857,59568.17,407.0,1
CUST_001674,Sarah Phillips,790-48-4779,daniellewagner@example.com,KFET32297254014938,31214.24,365.0,0
CUST_001675,Dana Kirby,369-82-5989,ramirezsamantha@example.net,ZJLT47800792463669,32835.4,683.0,0
CUST_001676,Pamela Esparza,724650039,james31@example.com,HRPL00770990317211,52253.79,686.0,0
CUST_001677,Timothy Jackson,179-50-0894,chrishughes@example.com,VNSN40101460193352,36578.28,592.0,0
CUST_001678,Jerry Guzman,597-38-5185,qmorse@example.org,EYMM33161408231017,59145.32,388.0,0
CUST_001679,Yolanda Diaz,378127731,lallen@example.com,KYDT95081900567352,60655.67,305.0,0
CUST_001680,Tracy Diaz,457-57-7272,christopher49@example.org,DHUA22867106656024,13490.48,840.0,0
CUST_001681,Thomas Weber,865-68-9745,moralesjessica@example.org,LPCP53227997526158,26084.01,441.0,0
CUST_001682,Benjamin Chambers,209-57-1219,thuang@example.com,DPDK11142412484546,42471.01,430.0,0
CUST_001683,Marie Pope,505-52-1464,gjohnson@example.org,CSAV66954508570340,44912.46,638.0,0
CUST_001684,Heather Roberson,266020503,hudsonelizabeth@example.net,UBDD27383181720357,28977.19,666.0,0
CUST_001685,Michelle Kirby,857164153,sstewart@example.net,XKJE60782411643424,42939.37,830.0,1
CUST_001686,Joseph Avery,612-45-1603,christina34@example.net,MNEI82230642116846,52162.6,413.0,0
CUST_001687,Richard Brewer,295141575,thomaskidd@example.net,NMKE17464533164950,1936.74,731.0,0
CUST_001688,James Rodriguez,820-99-8633,traceyhill@example.net,DHUV46310789078695,40805.09,637.0,1
CUST_001689,Brandon Simmons,791-47-2560,mary17@example.com,VKUI47473343597369,5004.85,336.0,0
CUST_001690,Nancy Howard,579035367,antonio57@example.net,BIAZ93701185968974,69666.95,790.0,1
CUST_001691,Mark Davis,355-35-0578,fthompson@example.net,EQCQ47266806399241,37824.12,658.0,0
CUST_001692,Brittany Mckenzie,165-27-3956,lopezpeter@example.com,UTAQ80683112179592,1118.97,356.0,0
CUST_001693,Michael Lopez II,667-63-3810,lroy@example.org,ELAW38561627141342,28143.82,318.0,0
CUST_001694,Michael Roberts,351-07-5396,elizabethbradford@example.com,VJXE09420793741587,31943.76,737.0,0
CUST_001695,Gregory Hernandez,534-93-1631,ywoodward@example.org,HUZA95587799364273,67718.12,660.0,0
CUST_001696,Megan Thompson,267-52-9450,stephanie41@example.org,ESEC35111330107535,43940.62,532.0,0
CUST_001697,Sandra Wright,013685788,nbenjamin@example.com,GEXE23208738570943,2956.37,315.0,0
CUST_001698,Marcus Jones,460-70-4942,jennifer88@example.org,TFDH16822608099371,32610.97,589.0,0
CUST_001699,Ryan Edwards,032-57-8000,smithrobin@example.com,RAGO47381133704946,21577.16,707.0,0
CUST_001700,Timothy Daniel,548-36-8064,jvargas@example.org,KUQQ23481180829385,40545.29,806.0,0
CUST_001701,Jason Snow,063-83-6580,kathyhall@example.org,KQPX53715641533070,32987.41,609.0,1
CUST_001702,Anthony Freeman,638-10-7644,schroederjason@example.net,SZCW61195530937313,39276.74,573.0,0
CUST_001703,Jeanne Clayton,460-89-4892,kennethhansen@example.com,UUGA61892004582072,30517.96,797.0,0
CUST_001704,Robert Hatfield,766940561,thomas90@example.org,HELZ50652990536791,16905.46,515.0,0
CUST_001705,Samantha West,302-24-0551,jorge51@example.com,KWWK08199684456578,17250.45,750.0,0
CUST_001706,Allison Walker,264811286,morgan58@example.org,WVKN74092016759930,2048.59,584.0,0
CUST_001707,Edward Gutierrez,870464128,ycruz@example.org,MUPA91446548400004,64020.35,693.0,0
CUST_001708,Jeremy Brown,198680648,vmorrison@example.org,JXRZ75256048992466,15032.62,488.0,0
CUST_001709,George Smith,889-10-8148,charles64@example.com,CQDF16525081595904,57106.22,326.0,1
CUST_001710,Victor Garcia,523-33-4793,noah64@example.com,ZPYX63103231976702,19321.22,521.0,0
CUST_001711,Melanie Ramirez,505-92-9760,kimberlyellis@example.net,YUQT24418328113724,31779.96,358.0,0
CUST_001712,Wesley Carpenter,660-96-4739,pcastro@example.com,KSCW44894009465846,21200.09,847.0,0
CUST_001713,Brett Medina,126-55-2078,bparker@example.com,YHPM76497378053425,11772.44,690.0,0
CUST_001714,Lisa Wilson,446-75-8131,schmidtmichael@example.com,NNWM09191935264259,20692.86,580.0,0
CUST_001715,Robert Singleton,480-08-2209,wendy01@example.com,KSDA56396704477714,29292.39,580.0,0
CUST_001716,Debra Francis,276-46-5516,jenna76@example.net,LJIT40998575256374,45403.94,427.0,0
CUST_001717,Michelle Hampton,487-50-9369,emily87@example.org,NGHK42050953072772,33007.56,317.0,0
CUST_001718,Christopher Conway,615-37-3221,brandon79@example.com,WRSI26603669802764,63246.56,523.0,0
CUST_001719,Jean Duffy,439-75-5467,bondglenda@example.org,ZDNL37778424716491,41134.31,365.0,0
CUST_001720,Anthony Santiago,022681038,jasonhorn@example.com,KTFL01691569780798,36867.13,532.0,0
CUST_001721,James Ray,361-79-1931,newmangreg@example.com,XSAE37432692494180,8140.72,339.0,0
CUST_001722,Martha Johnson,194-30-9223,haneycarrie@example.com,NIBH11828791465951,41282.28,533.0,0
CUST_001723,Janice Wells,491315022,,NVNU94239438375428,50718.28,661.0,0
CUST_001724,Luis Thomas,883-84-5001,hannahthomas@example.net,FOPZ21793162505532,37773.81,415.0,0
CUST_001725,Karen Jimenez,552501368,phillipsscott@example.net,WOYW79388949128672,61613.32,725.0,0
CUST_001726,Dennis Bush,009-59-1676,taylorkimberly@example.com,ZFTM96524157318020,45325.99,668.0,0
CUST_001727,Kevin Wood,065-85-1302,,HZWH70265781496355,72999.34,331.0,0
CUST_001728,Alexis Porter,239-01-3030,thorntonisabel@example.com,JLMO31370017493175,1427.91,516.0,0
CUST_001729,Tamara Moore,744-87-4278,mcgrathrobert@example.org,GOGH97010149262189,43402.23,652.0,1
CUST_001730,Ronald Dawson,032-05-4962,brian53@example.org,QMKI96602514358047,10830.64,380.0,1
CUST_001731,Garrett Durham,863-43-6161,loganbell@example.com,WDSK96027693477966,74834.88,728.0,0
CUST_001732,Mr. Ricky Evans MD,808-13-6270,woodangela@example.org,FFJM40694861754182,45336.2,837.0,0
CUST_001733,Anna Evans,286-96-2252,katie67@example.net,SPVZ55708267865044,68285.75,636.0,0
CUST_001734,Jill Carter,261-09-6734,phillipsmorgan@example.org,AQRB50151378626849,55988.22,418.0,0
CUST_001735,Courtney Goodman,806-60-6414,rmclaughlin@example.org,OMVR17006814365972,5516.6,817.0,0
CUST_001736,Susan Spencer,184-65-4653,michael61@example.net,KIDO15007601751800,58865.96,535.0,0
CUST_001737,Adam Reid,815-20-1815,eric25@example.net,UNPP06672192283491,58121.84,717.0,0
CUST_001738,Lori Mejia,606-95-8740,davisemily@example.org,PRHG67408912059944,25288.67,420.0,0
CUST_001739,Sarah Golden,173920775,dhiggins@example.org,KYMZ20836108802570,47263.55,,1
CUST_001740,Tracy Weaver,407-96-3160,dchase@example.org,HLKT59151676166296,19384.9,781.0,0
CUST_001741,Derrick Salazar,573-60-3348,ipruitt@example.org,YLHM87320922545080,51598.52,374.0,0
CUST_001742,Destiny Brown,719-41-6785,fletcherchelsea@example.net,UJDY00066584843930,26254.77,711.0,0
CUST_001743,John Martinez,671689453,moorestanley@example.com,PBMI93759044790583,61766.03,644.0,0
CUST_001744,Kimberly White,315-04-6272,williammason@example.org,LDGA05019857547388,55275.51,663.0,1
CUST_001745,John Davis,449-71-8359,xchambers@example.com,OFLK32052851550135,32394.61,788.0,0
CUST_001746,Taylor Smith,265-81-0684,jessica51@example.com,AXLD39184180514120,61418.01,821.0,0
CUST_001747,Logan Williams,155-87-6057,melissamorrison@example.com,NSTG32769268994738,48530.06,688.0,0
CUST_001748,Erik Hinton,072-73-3635,sprice@example.org,BLNG60712413739491,57861.98,537.0,0
CUST_001749,Wendy Hendricks,391-90-3813,fergusonchristina@example.net,NJGN53145945681508,43277.03,736.0,0
CUST_001750,Jasmine Mack,333-04-2516,asmith@example.org,PNYH30230423338831,2666.05,515.0,0
CUST_001751,Nicholas Obrien,437-26-6772,kellytasha@example.com,YJHY86668470726027,25724.59,469.0,0
CUST_001752,Anthony Mcdaniel,371-13-8580,ataylor@example.net,GQBR82330970199824,21280.15,565.0,1
CUST_001753,Stephen Ross,812-65-8579,hutchinsonerik@example.net,QVUZ63678281689600,10145.74,511.0,0
CUST_001754,Dustin Wade,625599905,,BJXF52846580681792,2500.75,850.0,0
CUST_001755,Kimberly Lee,427-41-8835,dhardin@example.net,RBQG48098544878904,14837.14,736.0,0
CUST_001756,Michael Walker,025-68-8171,wilkinsonjason@example.net,UEMB21318066640599,7775.92,422.0,0
CUST_001757,Mallory Young,752-57-3282,campbellgary@example.org,FUYK37126887041557,74477.33,419.0,1
CUST_001758,Robert Bell,885-79-7825,cgraham@example.net,PVKM24799443317827,5113.45,460.0,0
CUST_001759,Karla Bates,863-55-5619,,JAOQ46401577466219,58166.94,622.0,1
CUST_001760,Amanda Wade,102414257,perezfrank@example.net,EIKR66729299072267,38857.91,494.0,0
CUST_001761,Dawn Banks,758-54-3060,fbarry@example.org,HRNV88339238986225,47404.54,308.0,0
CUST_001762,Mr. Aaron Ross,054-94-1265,lynngutierrez@example.com,HLML74808437149262,14273.71,781.0,0
CUST_001763,Leslie Morris,348404074,brownthomas@example.net,MUBS61490910091665,14492.26,390.0,1
CUST_001764,Dr. Christopher Jenkins MD,841-52-9332,,IMEU74205225898730,4578.23,513.0,0
CUST_001765,Jimmy Fisher,808334018,marilyn46@example.com,RVVM11713402500642,47142.49,540.0,0
CUST_001766,Kenneth Gomez,735-71-8807,mcooper@example.net,ENVV50534774116028,22157.59,537.0,0
CUST_001767,Alicia Hopkins,643-18-9882,rellis@example.com,RPKS20415528230164,44637.08,792.0,0
CUST_001768,Mark Duran,737367878,kristinmccormick@example.net,UYJH32945786740477,57177.21,729.0,1
CUST_001769,Miss Carmen Hudson,068494255,davidshaw@example.com,GVYJ19067100997844,34587.56,626.0,0
CUST_001770,Randall Calderon,762-34-3746,erika56@example.com,LQLT70248910557999,66103.94,,0
CUST_001771,Lisa Carter,331-58-8846,melody90@example.net,DUEY34344070806313,15740.52,718.0,0
CUST_001772,Dennis Simpson,567-65-9563,katrinareid@example.com,PGWX12821112642181,29049.07,752.0,0
CUST_001773,Michelle Russo,899262130,jcook@example.org,BPBL07095062632762,16030.59,346.0,0
CUST_001774,Wesley Lee,604-80-7122,paultrujillo@example.net,YPTQ04707893798775,15068.16,412.0,1
CUST_001775,Jason Hardin,108-41-9885,gabriel47@example.net,JLII19838579282629,1003.95,321.0,0
CUST_001776,Lisa Henderson,098606218,crystal21@example.org,XPDL53331793134756,57396.57,364.0,0
CUST_001777,Terri Perez,668076911,codygraves@example.com,ZAZB27864995870051,11352.96,848.0,0
CUST_001778,Cory Jones,357214263,amberanderson@example.net,GPMT32879274622689,27727.94,723.0,0
CUST_001779,Laura Stanton,782846298,cynthiacaldwell@example.net,AOKO93144494199645,1012.14,839.0,0
CUST_001780,Stephanie Moore,091-83-1943,pacechristopher@example.net,IASW27715736850705,22260.72,535.0,0
CUST_001781,Rebecca Schmitt,738-43-0895,jimmy01@example.org,NOEA75914456619667,60881.19,686.0,0
CUST_001782,Eric Duran,346017098,christina23@example.org,FMUL57647566573297,5911.21,375.0,0
CUST_001783,Ricardo Russo,169-70-9772,tapiajenna@example.org,BTZJ62147061653730,55570.22,455.0,0
CUST_001784,Connie Boone,471-08-5434,adamsdavid@example.net,UNES30961507106616,64377.38,631.0,0
CUST_001785,Kirsten Nelson,431-09-2437,cassieconrad@example.org,SUVP79631994670996,7025.78,782.0,0
CUST_001786,Jamie Schmidt,402697059,sergioking@example.net,AQVY78847798882437,20531.12,591.0,1
CUST_001787,Scott Acosta,090-09-5367,ugriffin@example.net,FWHA09715475950133,37026.13,703.0,1
CUST_001788,Meagan Jackson,830-28-1734,rebecca63@example.com,CIAR28246491371650,43129.9,325.0,0
CUST_001789,Elizabeth Gross,289-77-4289,carrillofaith@example.net,RCZH19151813690047,48032.8,640.0,0
CUST_001790,Marcus Anthony,437-87-0819,hserrano@example.org,CKDT39427891192689,15179.98,801.0,0
CUST_001791,Amanda Yang,762-45-9083,joshuagregory@example.com,JJCN66117729420670,39017.13,538.0,0
CUST_001792,Anna Bailey,572787131,kerriparks@example.net,TUPP95724003031518,62491.42,337.0,0
CUST_001793,Chad Callahan,414-30-3478,sarah22@example.com,JUON41949583251990,51625.0,800.0,0
CUST_001794,Michael Scott,807-24-1498,alexandrasmith@example.org,YPWY70859426823955,53019.55,826.0,0
CUST_001795,Adrian Chang,625-64-3969,fordphyllis@example.com,KUKP69415139855323,31640.5,379.0,0
CUST_001796,Aaron Gonzalez,229-48-0312,fisherjonathon@example.net,EVWH24342139579656,12047.87,748.0,0
CUST_001797,Gregory Alexander,185-74-3102,bjohnson@example.org,KYKX80482940782862,46775.45,837.0,0
CUST_001798,Mary Stanton,472-48-0330,millerjames@example.org,UULQ73608055822623,21904.7,745.0,1
CUST_001799,Jeffrey Lawrence,551-61-0130,hensleyhannah@example.com,UOXA34147756886371,23840.15,680.0,0
CUST_001800,Dwayne Wilson,642-42-6283,sheilahernandez@example.net,HQFR98122396575376,60112.44,680.0,0
CUST_001801,Terri Williams,747-56-9344,cassiebaker@example.org,VGZI64429961380718,69494.51,438.0,0
CUST_001802,Mr. Jon Lindsey,769084022,ocurtis@example.org,BMVQ38292162986042,13031.55,781.0,0
CUST_001803,Lisa Leonard,843-01-8986,hfarmer@example.org,LMTK62509694123528,51900.41,850.0,0
CUST_001804,Richard Nelson,822-63-2201,,CAOD49236036808588,4541.29,531.0,0
CUST_001805,Victoria Hudson,500-43-6158,gregory81@example.net,WPPN38319180438430,68319.06,736.0,0
CUST_001806,Ellen Smith,059-17-3482,andersontracy@example.org,YBCZ87472913112659,18733.58,507.0,0
CUST_001807,Allison Robinson,878-34-1907,dcooper@example.org,OZYA42327588811859,19351.79,404.0,0
CUST_001808,Sean Jackson,200-70-0295,lewisshane@example.org,MCRS10953100179251,42962.01,583.0,1
CUST_001809,Kathleen Kline,161-05-4626,brandon98@example.org,FASU81940146961360,15302.66,302.0,0
CUST_001810,Roy Nelson,123-63-4002,,NXGW53335016262510,10560.12,468.0,0
CUST_001811,Mark Harris,581-81-6875,progers@example.net,ZXKD33209673092407,9841.61,750.0,0
CUST_001812,Juan Garcia,146-88-6180,fward@example.net,BHZM38574339195800,17678.35,702.0,0
CUST_001813,Donna Martin,101651730,taylorgary@example.org,JNQH14650039455846,38909.92,843.0,0
CUST_001814,Natalie Buckley,400-60-7753,leah46@example.org,MLDT88906091750751,47349.63,584.0,0
CUST_001815,Dawn Booker,570631317,claytonpatrick@example.net,MUFV28439656887202,59066.86,423.0,0
CUST_001816,Heidi Richardson,016-72-0835,thomaschristina@example.org,KHJP64144271974531,27109.38,777.0,0
CUST_001817,Richard Johnson,534214278,brian81@example.com,NXSL47356427294361,65660.26,495.0,0
CUST_001818,Christopher Morris,208-85-1316,jonathandavis@example.com,WNVJ70236074170602,32877.08,838.0,0
CUST_001819,Joshua Spencer,567-15-7301,christinalewis@example.net,FFRA95417540163790,68643.44,814.0,1
CUST_001820,Jason Dunlap,492494256,wpeters@example.com,XMTU10829656120646,35644.48,344.0,1
CUST_001821,Carolyn Reynolds,009-19-8536,courtney14@example.org,FKBR45014399925709,42699.66,331.0,0
CUST_001822,Gregory Moreno,211780700,james67@example.org,QVEK52032865918198,36517.69,784.0,0
CUST_001823,Shelby Perkins,663160285,alexander71@example.net,AXVR30388401677692,27399.81,456.0,0
CUST_001824,Juan Torres,120995201,robert69@example.com,OBTL74454069143876,62471.86,422.0,0
CUST_001825,Madison Miller,683-06-5349,usullivan@example.net,TOTF96263273243703,40578.3,498.0,0
CUST_001826,Mark Reynolds,363-93-1422,ruizadrian@example.net,ZDIC34307683298768,67424.82,473.0,1
CUST_001827,Colin Villarreal,494921955,jbrady@example.com,IFHN37437380131843,70511.16,712.0,0
CUST_001828,Roger Morris,358-54-5003,morr@example.org,DCDX47620734787354,56977.63,451.0,0
CUST_001829,Joshua Williams,306-71-5996,ghunter@example.com,UDYM88592663700889,14500.6,817.0,0
CUST_001830,Jessica Mcdonald,269896186,penningtonlisa@example.com,LNAQ80418902446288,22992.92,659.0,0
CUST_001831,Whitney Torres,007843756,parsonsdawn@example.net,GYZN31493181372293,69735.6,390.0,0
CUST_001832,David Chandler,665-17-2644,xpacheco@example.net,HISD16476492738681,44131.71,320.0,0
CUST_001833,Anthony Allen,516-40-1191,dmalone@example.com,DRCL53925883021367,5636.26,552.0,0
CUST_001834,Jennifer Herrera,178-68-8368,seanschultz@example.net,AEQP49072648810503,55929.34,435.0,0
CUST_001835,Danielle Schroeder,605672436,staceyparsons@example.org,URKU93082278146953,42160.52,723.0,0
CUST_001836,Diana Henry,087-36-1270,annacowan@example.com,OFUJ86115623067801,21767.39,750.0,0
CUST_001837,Kimberly Hester,436-90-1151,zmcintosh@example.org,JODF08362487485623,47957.86,760.0,0
CUST_001838,Dorothy Wolfe,608-71-4113,susanperry@example.net,ZOON06395136899065,43684.34,459.0,0
CUST_001839,Melissa Hill,348-65-3830,rjones@example.net,HVHP56184535777785,60723.58,595.0,0
CUST_001840,Ronnie Price,656-08-2547,andersenlisa@example.org,WGOJ48923960424450,59469.27,392.0,0
CUST_001841,Ricky Haney,744-04-4982,travisdavis@example.org,TKZS88161037632940,69104.91,829.0,0
CUST_001842,Nicole Clark,810271312,davidtorres@example.org,NTRA86551086199707,27607.35,686.0,0
CUST_001843,Christy Hernandez,073-02-8117,muellerphillip@example.com,VPZL94250165755574,26595.75,308.0,0
CUST_001844,Mrs. Jennifer Ballard,169384783,nicholas79@example.org,KPGQ41096006616153,13626.92,666.0,0
CUST_001845,Zachary Butler,382-25-3858,lisacollins@example.net,QCJG36975755460683,60596.21,767.0,0
CUST_001846,William Pace,540574262,daniel61@example.net,SNSM60818758804140,17890.95,682.0,0
CUST_001847,Michelle Rivera MD,626-77-0501,alvarezmatthew@example.com,HOTB22930944312134,69638.71,539.0,0
CUST_001848,Amy Garcia,409-63-7462,fbest@example.net,ZYRP23063657837151,57942.47,710.0,0
CUST_001849,Jesse Holden,829170494,matthew02@example.net,LZSV32249673719675,44562.26,836.0,0
CUST_001850,Derrick Gardner,437-65-9902,amorrison@example.net,WTWI43882697694136,24652.61,355.0,1
CUST_001851,Rachel Green,286247505,chavezmichael@example.com,YPQN39141835909490,34132.87,469.0,0
CUST_001852,Brandon Austin,626-16-4138,pyates@example.com,KXEP86109547287407,22718.27,489.0,0
CUST_001853,Nathan Howard,109-25-9433,maryburke@example.org,RFRA35689910858777,51195.88,683.0,0
CUST_001854,Sarah Jenkins,414-30-3711,iclark@example.org,KMOT74631771862667,29250.57,517.0,1
CUST_001855,Jodi Strickland,231-51-4866,tamara34@example.net,HAGE62498640946654,57110.74,398.0,0
CUST_001856,Carla Smith,025-87-9654,mackenziekelly@example.com,UKJD21762080128934,24196.94,589.0,0
CUST_001857,Terrance Anderson,308-02-4463,reillydana@example.com,KAJU56869690019233,4910.09,,0
CUST_001858,Jessica Skinner,319-20-0327,arnoldjonathan@example.com,QWIW27686127793333,12951.08,540.0,0
CUST_001859,Teresa Esparza,252-86-2959,irichardson@example.org,OMMC62950641031841,56252.18,379.0,0
CUST_001860,Anthony Salas,842-97-8406,janicedixon@example.net,IUNL54612038467264,32372.75,647.0,0
CUST_001861,Danielle Bernard,519377449,melanie34@example.org,DJVG53542562860781,50483.11,792.0,0
CUST_001862,Anthony Jensen,678817058,davisstacey@example.net,OVIT18505824055465,51016.65,408.0,0
CUST_001863,Linda Wright,854-98-2093,wattsjonathan@example.org,LYSO37253031584643,64616.22,312.0,0
CUST_001864,Cynthia Nelson,749-98-3428,juliemoore@example.com,BSFY31950787305390,374.94,711.0,0
CUST_001865,Sandra Patrick,609-32-9870,jared09@example.net,EAKV55562849756578,8254.86,761.0,0
CUST_001866,Jeremy Gonzalez,699-10-9190,ocervantes@example.net,LCRQ85787828095728,72868.65,414.0,0
CUST_001867,Todd Aguirre,520-58-5844,dcarson@example.net,SYVQ46074562567032,50441.28,453.0,0
CUST_001868,Samantha Gillespie,258-62-8109,christinawilliams@example.com,RBVE07520469074390,38374.67,765.0,0
CUST_001869,Craig Sanders,185-79-1180,omontgomery@example.com,UZIY40731971890112,34248.93,351.0,1
CUST_001870,Chad Haynes,026704063,mckayrachel@example.org,ENCU66647107935275,21858.91,324.0,0
CUST_001871,Janet Gray,713-35-3454,pierceandrew@example.com,AUAC61832152900741,24009.76,336.0,0
CUST_001872,James Jordan,660-31-8052,nrice@example.org,ERVH16723246447106,18271.32,386.0,0
CUST_001873,Joy Navarro,786-51-4448,rlittle@example.com,CIDR10072908479801,66900.11,653.0,1
CUST_001874,Vanessa Bass,022759568,,XKRU57579033675947,62536.3,836.0,0
CUST_001875,Kimberly Johnson,475-05-0036,moorestephanie@example.com,JRWM52308045334304,45506.19,403.0,0
CUST_001876,Brenda Andersen,208-07-3154,william17@example.org,LKIO53964163825117,56069.66,732.0,0
CUST_001877,Eric Hobbs,062515220,ilivingston@example.org,MHVH08048088611258,55572.71,381.0,0
CUST_001878,Timothy Webb,848-84-7400,jonesshannon@example.org,DEOD68109817663521,19203.67,610.0,0
CUST_001879,Mark Carter,191-44-2825,stephen68@example.net,MRNQ64641473594689,3186.76,784.0,0
CUST_001880,Nathaniel Macias,362-92-1013,zflynn@example.org,SUWP73951660323701,13521.37,813.0,0
CUST_001881,Brandon Fowler,658-78-5646,jerrystrickland@example.com,LUYD99632304772596,20087.29,716.0,0
CUST_001882,Heather Miller,535-28-4310,joshuabradley@example.com,CMEY90628815660309,34414.31,625.0,0
CUST_001883,Brandon Herrera,764-38-3956,williamsonjustin@example.com,HKNQ08779347244167,45659.66,771.0,0
CUST_001884,Kristin Lawrence,570405709,alicia26@example.org,ETUG26834870929516,69705.39,312.0,0
CUST_001885,Lisa Villegas,761-33-4281,tcoleman@example.org,OPGH12581287663404,64003.88,810.0,0
CUST_001886,Michael Thomas,567-39-5370,dawn05@example.org,YEJM96851692175171,1936.12,380.0,0
CUST_001887,Melvin Wilson,468-56-0762,pnichols@example.org,UALZ74580766487841,73857.58,678.0,0
CUST_001888,John Graves,362-40-6675,aguirrecorey@example.net,LTJR22452488160353,11270.49,470.0,0
CUST_001889,William Mckinney,691-13-2207,iwells@example.com,YSUD01473912983584,56229.82,590.0,0
CUST_001890,Joseph Sandoval,030-97-8813,garrettreid@example.com,PWDK68539091744794,9443.15,426.0,0
CUST_001891,Kristen Burch,538-02-2763,andreacruz@example.com,IDTT65840293764526,12985.99,462.0,0
CUST_001892,Timothy Bryant,158-70-6510,ysoto@example.net,FNBA80598018880030,26077.86,522.0,0
CUST_001893,Matthew Jackson,376-35-1133,melissa19@example.net,UUEB30710816922397,7475.73,625.0,0
CUST_001894,Christopher Macias,206729546,rnewman@example.net,BOAY27292942863583,56640.53,593.0,0
CUST_001895,Matthew Holland,836-78-1597,mmiller@example.org,KLTC09233558857283,21274.79,845.0,0
CUST_001896,Keith Burton,161-84-0691,stevennorman@example.net,LKRP53029614990941,6923.39,728.0,1
CUST_001897,Jose Herrera,496-35-9616,brad09@example.org,TVXW14548118917284,9962.19,815.0,1
CUST_001898,Steven Mitchell,216-98-5273,jmorris@example.net,NFRY86580720080570,24039.03,555.0,0
CUST_001899,Daniel Vincent,280913068,christine47@example.net,TEKL56808469001581,1215.32,698.0,0
CUST_001900,Sara Patel,497-37-7506,dsanchez@example.net,BAEL19067244609577,27364.36,545.0,0
CUST_001901,Sally Preston,138-06-2523,jamesstewart@example.net,RGKO28909100634741,21620.13,331.0,0
CUST_001902,Kristin Shepard,898-70-5900,hardyronald@example.com,PLOH36828765755525,74223.36,481.0,1
CUST_001903,Derek Allison,245-37-7287,derek48@example.com,IQPQ26487130002554,24510.07,463.0,0
CUST_001904,Kelly Garza,664163242,xfoley@example.net,JOAJ14505633706951,50992.78,716.0,0
CUST_001905,Stephanie Higgins,083-67-0096,reevesnicholas@example.net,TLKS42298133241997,30990.27,566.0,1
CUST_001906,Jason Carrillo,482-33-9904,tanyatorres@example.com,ZOJG60489098592714,74185.27,324.0,0
CUST_001907,Kimberly Lopez,809-80-6788,francisco17@example.net,MWQR93861618776458,62037.23,340.0,0
CUST_001908,Elizabeth Rogers,377-69-7239,xberry@example.net,XBUZ05312605574028,31858.43,427.0,0
CUST_001909,Ashley Doyle,784-96-4288,brandy23@example.org,DUFN81307837318359,59267.2,473.0,0
CUST_001910,Richard Carlson,527-53-3296,tylerbrown@example.org,ZLWQ02455711627435,35935.62,570.0,0
CUST_001911,Jason White,766-49-3409,jennysanders@example.org,DOIU02810607634433,36614.06,550.0,0
CUST_001912,Matthew Barnett,520470714,jessica48@example.com,WMUF98702521514351,33503.4,564.0,0
CUST_001913,Tonya Holder,628-03-0070,michael89@example.org,FMBU23547224055306,21276.5,526.0,1
CUST_001914,Jordan Lawrence,065-68-2521,nicole99@example.com,PLUF34087056833555,53545.67,612.0,0
CUST_001915,James Lane,296-02-4981,stephen50@example.org,JQZM98005573380792,51978.73,450.0,0
CUST_001916,Richard Joseph Jr.,207-22-4743,,OZKA56655899065869,63744.4,610.0,0
CUST_001917,Vicki Thomas,051-20-8972,jrodriguez@example.org,MHWC91069713635911,65202.56,829.0,0
CUST_001918,Charles Vazquez,793-90-0914,johnsonjames@example.com,FRNV14024542249224,11268.7,813.0,0
CUST_001919,James Fields,497-53-3012,patricia84@example.com,QTFR24350979135329,12268.63,837.0,0
CUST_001920,Martin Williams,056-51-4031,nicholasanderson@example.org,XPZM40897795361408,4388.82,530.0,0
CUST_001921,Michelle Hancock,201-70-2987,james82@example.org,DXKN72617362924598,59090.21,501.0,0
CUST_001922,Kyle Johnson,149630450,samantha01@example.com,INFT22228338138522,62918.27,836.0,1
CUST_001923,Susan Terry,357-05-4581,sstout@example.net,JCFJ52292456708939,46793.35,637.0,0
CUST_001924,Angela Bullock,625-03-5577,kathrynriley@example.net,WGGU74153583387895,40098.55,381.0,1
CUST_001925,Mr. Shane Jones,447-78-4973,phillip74@example.com,IKRP59508257232300,18833.44,487.0,0
CUST_001926,Brenda Richard,886-85-0012,masonanderson@example.net,XUYL29148356508692,33932.99,341.0,1
CUST_001927,Matthew Johnson,663-73-4347,stevensonashley@example.com,LZZU41105562412667,54866.96,365.0,1
CUST_001928,Elizabeth Walker,890-08-3404,jjones@example.net,PBHG64245320654326,17917.52,788.0,0
CUST_001929,Carla Heath MD,601574616,ddunn@example.com,IGZD09156830953122,47359.88,501.0,0
CUST_001930,Morgan Rodriguez,302-38-8581,,OUUV64428630707810,43997.88,798.0,0
CUST_001931,Melissa Dennis,825-38-9340,yvettecampbell@example.net,EDDX87490044910072,53858.6,753.0,0
CUST_001932,Adam Davis,746-67-8415,cdunn@example.com,GAWN40412107043105,33947.21,300.0,0
CUST_001933,Derek Anderson,469-61-0848,calvinosborne@example.net,NAYN75141483515609,24312.27,794.0,0
CUST_001934,Brian Vincent,334024174,ulopez@example.com,MDDK11162714359341,18301.16,581.0,0
CUST_001935,Nicole Turner,021-71-8480,cball@example.net,GDWB73712207250845,56624.22,486.0,0
CUST_001936,Dr. Michele Adams,061-04-9750,martinjennifer@example.net,TNVS25336010999319,11816.38,367.0,0
CUST_001937,Corey Zimmerman,841-06-2436,psimmons@example.org,OWDZ92288741594925,25353.59,487.0,0
CUST_001938,Julie Fuentes,194-03-6981,nruiz@example.net,PHRW69664811051292,22556.48,843.0,0
CUST_001939,Michael Tanner,196-96-1591,shawn20@example.net,HVMO78107082408935,50227.49,631.0,0
CUST_001940,Shelly Brown,699-72-6857,fparsons@example.org,FVHZ66162017295126,45564.3,460.0,0
CUST_001941,Christine Velasquez,610-83-5677,myersjacqueline@example.net,RIAV39092767360863,30976.64,575.0,0
CUST_001942,Chelsea Williams,727-76-8275,belltheresa@example.com,PNAZ55080050908306,27494.73,613.0,0
CUST_001943,Linda Walton,599790694,,NJJZ19941243616050,31609.99,702.0,0
CUST_001944,Justin Sosa,096-16-7836,xgonzales@example.org,YUQD49836784903217,30363.48,,1
CUST_001945,Danielle Hansen,037-26-9556,lewistyler@example.net,WVZB43753157522950,15249.98,562.0,0
CUST_001946,Brian Brown,559-06-0423,travisdavis@example.org,NOLM75351534743927,24089.23,504.0,0
CUST_001947,Michael Nichols,816-46-1865,kross@example.org,DAHU20823416099097,5119.23,464.0,0
CUST_001948,Sierra Anderson,108-03-5579,kimberly02@example.net,PMIJ49043946162227,72820.55,347.0,0
CUST_001949,Stephanie Russo,640-74-3559,elizabethcole@example.com,MAXF84655921895688,18363.38,684.0,0
CUST_001950,Sarah Caldwell,787-57-3799,pwise@example.org,LGTC80238487614443,32578.39,591.0,0
CUST_001951,Alexis Moore,608-22-7983,eric34@example.com,TBQK75379476318342,58030.84,723.0,0
CUST_001952,Jessica Stewart,637-58-8226,janiceanderson@example.com,XVCK12167608960106,41918.65,748.0,0
CUST_001953,Stephen Gonzalez,260-49-6391,millsyolanda@example.com,NLRE93854044503986,39592.57,598.0,0
CUST_001954,Kyle Mooney,633-06-4776,bblack@example.org,TQMB29653283153070,52293.47,621.0,1
CUST_001955,Christina Crawford,534-14-4986,tmullins@example.com,LBQW33451298294541,15718.37,628.0,0
CUST_001956,Gary Smith,796-42-3115,timothy60@example.net,ELAO43820395007867,52656.55,561.0,0
CUST_001957,Jessica Fletcher,657-36-8329,susanbaker@example.org,HMOG36142474151632,31763.49,798.0,0
CUST_001958,Johnathan Scott,089-77-6191,anthony00@example.net,NJRK17827577306146,27697.31,747.0,1
CUST_001959,Aaron Walker,483-98-1990,melvin37@example.com,SEKN83596278387776,40180.11,589.0,0
CUST_001960,Philip Peterson,845340228,kimberlysilva@example.net,VAYE82656529367562,73054.18,415.0,0
CUST_001961,David Green,887-51-5867,cherylgood@example.net,YSHT75955364220947,69148.51,495.0,0
CUST_001962,Shawn Hammond,531-30-4447,jeffrey29@example.net,ACRX76927043885287,33572.29,455.0,0
CUST_001963,Kaylee Cruz,742-81-9142,ryanshannon@example.org,WVOW38544240294804,39342.4,742.0,1
CUST_001964,Jason Combs,414-21-1065,elewis@example.org,IVFP24771157873781,28941.04,308.0,0
CUST_001965,Paul Guerrero,633-93-8939,zmendoza@example.org,HXQX73140319166616,50427.64,634.0,0
CUST_001966,Ryan Davis,275679352,steve25@example.com,XCQE24792247686707,69364.42,456.0,0
CUST_001967,Derrick Forbes,490-97-1571,reedleroy@example.org,RLWF35298009341373,39773.36,340.0,0
CUST_001968,Seth Clark,813-51-4879,john33@example.com,FCRD95171907067769,23307.89,535.0,0
CUST_001969,Scott Jones,594-76-9918,,JFLK03533210125467,17089.9,522.0,0
CUST_001970,Jacob Ballard,885-25-6489,gjensen@example.net,HDWZ70568258320143,8794.81,684.0,0
CUST_001971,Pam Cunningham,649-04-6177,hillmikayla@example.net,ZHNQ63644498106326,3215.68,749.0,0
CUST_001972,Caroline Johnston,756278236,htaylor@example.org,JETT21192474350697,6510.31,479.0,0
CUST_001973,Katherine Simmons,446-72-0998,phunt@example.org,EAGQ29983990150595,15327.67,800.0,0
CUST_001974,Craig Garcia PhD,123454360,christine92@example.net,JXAA54680131433605,15379.72,392.0,0
CUST_001975,Michael Anderson,862489404,amber36@example.org,CYVP91969091364176,34000.01,307.0,0
CUST_001976,Ryan Gonzalez,274-78-8076,davidsmith@example.net,SACN80115360964394,26709.63,617.0,0
CUST_001977,Melissa Novak,018399764,awilliams@example.com,NBDL35305325624888,74977.85,386.0,0
CUST_001978,Cristian Garcia,002318407,steelelisa@example.com,RWKK51693240574119,72299.7,631.0,0
CUST_001979,Adrian Barajas,528-87-8702,markbuck@example.net,POVA95218586804394,38655.96,443.0,0
CUST_001980,Juan Peters,581835012,jamie07@example.com,UKPQ39803703773120,64909.05,600.0,0
CUST_001981,Michelle Jones,035-01-0610,xavier54@example.net,QORC34095140501813,70190.01,455.0,0
CUST_001982,Frank Ward,081-35-4407,zunigaelizabeth@example.net,VDXY23481094525539,7759.06,466.0,0
CUST_001983,Robert Rodriguez,099-40-8440,,YWYX98701093215294,63027.59,,0
CUST_001984,Michael Robinson,713-03-2009,,TMXK26121669481001,54988.79,447.0,1
CUST_001985,Christopher Pham,024-96-7974,elaine05@example.org,LUMU73238368414344,39152.95,461.0,0
CUST_001986,Troy Vasquez,088-04-8224,slopez@example.org,QVXS05950942816836,4507.59,787.0,0
CUST_001987,Jeff Wright,326182257,webbdavid@example.com,BLSC57981555184955,64197.13,300.0,0
CUST_001988,Martha Sanchez,270-19-0537,colleen78@example.org,EIYQ72980202917265,49056.26,674.0,1
CUST_001989,Austin Coleman,853403030,campbellsteven@example.com,HDJL62530302413001,62247.25,500.0,0
CUST_001990,Timothy Kennedy,598-95-8490,wdominguez@example.com,QVVA55922770260497,49270.35,397.0,0
CUST_001991,Michelle Lee,579-53-8291,doughertyscott@example.org,VSNU41135076499672,18425.64,608.0,0
CUST_001992,Molly Young,735-18-3445,mortonjesse@example.org,TJPK05220112704225,43076.12,573.0,0
CUST_001993,Barry Rodriguez,379-64-8932,landerson@example.org,NCNM97446970711989,43242.33,335.0,0
CUST_001994,Veronica Dawson,759753384,,GPDK58602642362458,73454.56,314.0,0
CUST_001995,John Green,522-78-4186,joshuagiles@example.com,URPL08057117844400,23851.19,792.0,0
CUST_001996,Nancy Love,661-29-4848,lford@example.com,TGMM60448671188161,43078.71,762.0,1
CUST_001997,Daniel Rogers,643-99-5766,dorothy97@example.net,OQXJ52733188156754,55744.51,826.0,1
CUST_001998,Timothy Garcia,483-23-5759,danielwhite@example.net,ZAXO90770455300173,60427.63,799.0,0
CUST_001999,Christopher Santos,316-20-4419,samuelmoore@example.net,RLMO24055525177485,57126.83,569.0,0
CUST_002000,Miguel Finley,898-88-1751,william60@example.net,EZEA22041064960726,9030.23,532.0,1
CUST_002001,Nicholas Henderson,356066504,hlozano@example.net,NOHO25009321956932,9035.59,655.0,0
CUST_002002,Megan Johnson,584-49-8056,tfrancis@example.org,XYKR84452364941100,64956.05,816.0,0
CUST_002003,Joseph Gomez,083-35-3471,rachel20@example.com,ZNEH21517519679296,10198.99,527.0,0
CUST_002004,James Randolph,169-70-6513,millerkim@example.net,BJGC07722287499589,58385.3,843.0,0
CUST_002005,Kendra Diaz,169-19-3447,csnyder@example.com,UPVQ73880111305292,71010.84,843.0,0
CUST_002006,Tammy Marquez,429-14-6489,mark42@example.com,JZQZ06324489684604,64350.03,531.0,0
CUST_002007,Angel Hernandez,626-55-6009,kelly90@example.com,SHGV99702146169047,45529.75,507.0,0
CUST_002008,Mrs. Mary Ingram,828-51-0158,amanda51@example.org,GPOB29670503562372,67522.22,731.0,1
CUST_002009,Gregory Dawson,698-59-2926,sullivankelly@example.org,SSBM56322679111785,-473.3,557.0,0
CUST_002010,John Moore,265-47-8533,ryansmith@example.net,YEET25384187576176,44345.86,368.0,0
CUST_002011,Jared Newman,025-70-0363,achapman@example.com,RGHV40833783615926,57226.77,548.0,0
CUST_002012,Cynthia Walker,821-12-4340,evelynrobinson@example.com,HBAB22750936047092,18267.28,658.0,0
CUST_002013,Natalie Martinez,253-94-4040,gsimon@example.org,JOFP93922689495427,8822.09,455.0,0
CUST_002014,Sabrina Johnson,548-72-1023,andrew33@example.com,EYJA72819598161809,47575.12,833.0,0
CUST_002015,Michelle Washington,190191670,wendy32@example.com,XFOE44522759426732,49361.82,605.0,0
CUST_002016,James Hampton,304-76-5325,walkerbianca@example.com,BYDM99329745116516,65957.13,649.0,0
CUST_002017,Jody Lee,588-16-9552,medinateresa@example.com,XAXK75296647118132,18786.65,777.0,0
CUST_002018,Tyler Gray,845-53-9590,vsullivan@example.org,LBYN36985167655999,36291.46,598.0,0
CUST_002019,Sarah Moore,203-16-8151,rharrison@example.net,EGMI49951437043424,44728.05,671.0,0
CUST_002020,Brian Murphy,033-85-2895,amber85@example.org,IEFE12421973819034,32152.04,358.0,0
CUST_002021,Ana Gonzales MD,690-81-1057,zhall@example.org,QXGH27104535135634,20327.86,557.0,0
CUST_002022,Melissa Thomas,408-70-2179,matthew80@example.org,YLIO15433825417689,26427.93,313.0,0
CUST_002023,Thomas Morris,748-54-5550,gonzalezsamantha@example.com,QJLO18691981625499,44126.88,572.0,0
CUST_002024,Mr. Michael Young,481112082,ehaynes@example.org,DZHN74616160543370,62724.61,684.0,0
CUST_002025,William Dickerson,280-12-9087,mjackson@example.org,NTYL31217894069729,7638.72,400.0,0
CUST_002026,Haley Wiley,464-43-5345,greenmary@example.com,TYDU67875864740192,50282.01,731.0,0
CUST_002027,Lynn Perkins,092-34-2123,sarah09@example.com,DJWH84039726754576,32738.5,771.0,0
CUST_002028,Jessica Hunt,843403321,,MGNV03855288231329,46922.94,742.0,0
CUST_002029,Christina Sullivan,515-64-1589,murraydarrell@example.com,DTOY76385869225437,70919.21,,0
CUST_002030,Betty Baker,423-31-1002,hpadilla@example.com,LGUK95539450698958,66766.32,667.0,0
CUST_002031,Eric Marks,896-05-9500,yford@example.org,KWUI17939431491421,33173.53,348.0,0
CUST_002032,Timothy Marsh,238077419,mhudson@example.com,JERL74040527703547,11624.7,629.0,0
CUST_002033,Nicholas Nelson,730-95-1025,jwilliams@example.net,KCVU09065194072346,37237.65,391.0,0
CUST_002034,Steven Calderon,457-23-9375,ericksonyvette@example.com,EEBS25139002950114,16681.6,613.0,0
CUST_002035,James Gonzalez,844-32-9144,nicole65@example.org,EHPQ39049757456844,37038.05,490.0,0
CUST_002036,Rachel Stanley,758-34-9530,harrisdanielle@example.net,SBGW48308241301606,24943.59,748.0,1
CUST_002037,Meagan Wilkerson,682-25-9323,suzannejones@example.com,HJDP73343071821821,7916.79,617.0,1
CUST_002038,Brenda Larsen,813-46-7369,john56@example.com,OUVQ11080238836970,40138.2,707.0,0
CUST_002039,Mary Hall,720-34-2358,perezthomas@example.com,IVCC93547286399624,68559.65,714.0,0
CUST_002040,Cynthia Sampson,801-12-0403,ehorn@example.org,TCIK09090395728693,9543.94,694.0,0
CUST_002041,Carolyn Mccarty,371-71-5654,jocelyn01@example.org,HGQF76534802496689,21690.38,384.0,0
CUST_002042,Nicholas Vazquez,877-60-0229,erikajackson@example.net,VDUW54448479207405,11203.39,580.0,0
CUST_002043,Donald Sharp,236-82-7976,williamjones@example.org,UOOK99025498391032,65572.76,,0
CUST_002044,Timothy Rios,217-27-0379,ericgarcia@example.com,YTOF95755126370079,1068.43,794.0,0
CUST_002045,Hannah Thompson,638-48-6519,raymond19@example.org,NNRT92127462133459,30630.43,831.0,0
CUST_002046,Susan Werner,180-45-6840,kayla58@example.com,TXKT09944147537637,55882.85,672.0,0
CUST_002047,Patricia Gutierrez,287-44-1092,brooksdanielle@example.com,JPNN95577051865067,70237.62,627.0,0
CUST_002048,Ricardo Barker,418-01-6386,williamcasey@example.org,TEKN87042646979508,61972.32,552.0,0
CUST_002049,Ralph Li,575-02-2860,joseph62@example.com,QLBW41627502092252,73905.57,787.0,0
CUST_002050,Robert George,748-70-5131,priscillafritz@example.org,MHKX14874971512954,25799.88,529.0,0
CUST_002051,Kara Frazier,082-17-0115,joneschristopher@example.net,KQVJ99991695359522,37033.54,,0
CUST_002052,Tanya Brown,686-01-4618,cassie61@example.net,JYSO31114963360989,48595.96,655.0,0
CUST_002053,Mike Martin,693-66-4824,walterjacob@example.net,UOUI00597583445942,71582.44,582.0,0
CUST_002054,Daniel Wood,459-98-7633,haasmelissa@example.net,NKIS07872550541519,36556.14,436.0,1
CUST_002055,Kyle Good,804-47-9634,amanda27@example.com,MVAV61694135128483,50437.41,638.0,0
CUST_002056,Sarah Newman,510-55-2039,smithjennifer@example.com,XBWN99226915694906,57355.67,622.0,0
CUST_002057,Tammy Guerrero,206-27-7810,ashley84@example.net,CVEA94596915734943,43852.3,372.0,0
CUST_002058,Sherry Mayer,214-26-1537,,WCHX87870188111337,18284.36,483.0,0
CUST_002059,Cheryl Meza,177-95-0828,herbertbrown@example.com,OAVO12787963387908,24550.15,396.0,1
CUST_002060,Amanda Carter,145-86-5583,smithkimberly@example.net,QJVW35197881649571,30271.85,785.0,0
CUST_002061,Danny Preston,061-44-7750,martinroman@example.org,FQJF24170183137743,52898.35,558.0,0
CUST_002062,Kristen Kidd,414231333,cruzshannon@example.net,PHHH58136822015297,73915.52,383.0,0
CUST_002063,Bethany Avila,252-93-5451,schultzcraig@example.org,BNFB82124076645362,45265.04,,0
CUST_002064,Michael Griffith,285-95-9729,,IITM89509291848994,449.68,634.0,0
CUST_002065,Robin Nguyen,894-37-4933,kevin57@example.com,EVYB47442175639490,64381.58,476.0,0
CUST_002066,Alexander Allen,085-61-9144,eric39@example.org,QCZJ52528886465089,25566.22,458.0,0
CUST_002067,Yvonne King,156-21-4218,martinlogan@example.org,HYNW99754839377727,65915.23,481.0,0
CUST_002068,Linda Reed,843-62-0808,chasejoel@example.org,WGQV34124722372074,70114.62,423.0,0
CUST_002069,Michael Payne,805236801,erikmiller@example.net,TTRV87733521085837,13121.47,830.0,0
CUST_002070,Lindsay Nelson,575-16-8142,justindeleon@example.org,IZYY51088589981811,45795.97,645.0,1
CUST_002071,Debra Poole,893733535,kellyhill@example.org,NIGG95534334971972,33319.14,419.0,0
CUST_002072,Carolyn Scott,515-31-9386,livingstondavid@example.org,UYBA91731633243087,72009.22,802.0,0
CUST_002073,Whitney Carter,639-47-2892,alexanderashley@example.net,CFLP98969102419827,69044.91,401.0,0
CUST_002074,Sherry Williams,382-36-4863,waltonsteven@example.com,CLER31197789516650,42006.25,844.0,0
CUST_002075,Hannah Callahan,245-75-7779,anamathews@example.com,BDVE31625751000366,9728.41,502.0,0
CUST_002076,Jason Haas,486-18-5411,daviscaitlin@example.net,UZCX84581630212918,36530.13,803.0,0
CUST_002077,Carrie Bell,885209434,marksweeney@example.com,BXGY10262370506748,74417.7,594.0,0
CUST_002078,Darin Duarte,874372598,scottmcneil@example.com,KYWV47631691455903,70981.88,614.0,1
CUST_002079,Nicole Phillips,775220709,,NNOM22676174790455,23180.85,349.0,0
CUST_002080,Dr. Benjamin Patterson,126-45-6228,jimmy99@example.com,LJTO80643719603489,72296.13,353.0,0
CUST_002081,Joshua Schmidt,525315545,patricia83@example.com,FCDY54240150437908,63616.17,820.0,0
CUST_002082,Amy Mack,311-28-6302,lauranguyen@example.net,IKIU87597997425429,71222.3,526.0,0
CUST_002083,Kimberly Powell,450679755,nathan19@example.org,ISPV85078672530815,47851.8,315.0,0
CUST_002084,Misty Chandler,638486319,louissolis@example.net,VFZJ67199927523710,21428.35,546.0,0
CUST_002085,Vincent Howell,494219247,chad03@example.com,PLOB53209361301446,28938.64,533.0,0
CUST_002086,Tiffany Washington,634-59-1661,robert79@example.org,PKQA69328940117130,18086.07,564.0,1
CUST_002087,Angela Smith,410-82-9983,druiz@example.org,ROPZ37316927592746,46777.38,509.0,1
CUST_002088,Rachel Cochran,042-01-8186,calderoncraig@example.org,TWOB18325661806108,272.17,723.0,0
CUST_002089,Kylie Clarke,744-76-1834,pattonruth@example.com,YEEX12683905101181,18633.62,310.0,0
CUST_002090,James Mejia,605-43-8305,cmartinez@example.org,TQPC01494116328225,49553.71,528.0,0
CUST_002091,Rebecca Moon,854-34-8600,riverasteven@example.com,DCPA25449655024218,4520.77,849.0,0
CUST_002092,Kathleen Martinez,703-25-2518,moorerichard@example.net,TKAF42426335231754,69761.76,707.0,0
CUST_002093,Katherine Smith,200-79-1013,morserachel@example.net,GTZU20318676744822,56954.69,704.0,0
CUST_002094,Linda Meadows,653064211,,NHBW96667629602964,37096.52,430.0,0
CUST_002095,Jonathan Perkins,651-23-8539,jcarrillo@example.org,TKIK84465771371534,2371.36,697.0,0
CUST_002096,Chelsea Blair,738-04-2545,atkinsonjesus@example.com,ZOYM65484274946454,45956.72,748.0,0
CUST_002097,Robert Odom,793988583,xcabrera@example.com,KYSJ53882323453356,37523.26,493.0,0
CUST_002098,Megan Olson,009-13-5091,wilsonchristian@example.net,VLJT20398013376191,11029.64,556.0,1
CUST_002099,Nathan Sullivan,040-74-1052,mharris@example.com,YQDU62315394281158,29044.05,456.0,1
CUST_002100,Adrian Taylor,500-29-2267,byrdmatthew@example.net,ULAL79215109810094,24859.59,749.0,0
CUST_002101,David Francis,470-44-3747,rriddle@example.org,JEOU63808263267631,21229.39,464.0,0
CUST_002102,Amy Crawford,726-93-2202,rebekah05@example.net,IFNX42930646143838,30449.27,847.0,0
CUST_002103,Justin Bender,557233067,,JVPI38947528972459,2401.47,,0
CUST_002104,Keith Huff,033-93-5676,iwarner@example.com,UIED00149961177854,28758.31,422.0,0
CUST_002105,Matthew Cline,379-52-3378,fkirby@example.net,MEXN92339530025539,994.4,787.0,1
CUST_002106,David Clark,571-26-6739,patriciacollier@example.net,XGDF52458701311175,33450.18,543.0,0
CUST_002107,Michael Franklin,357-90-8414,durhamrobin@example.com,FDKC56944387871713,33851.31,456.0,0
CUST_002108,Kyle Thomas,563548742,jgrant@example.net,RYYF56273964331612,54688.88,697.0,1
CUST_002109,Melinda May,751-70-5141,kholmes@example.com,WPPK15367209750669,60311.51,447.0,0
CUST_002110,Beth Holmes,403-92-0161,karenortiz@example.org,JCNJ93311156854026,74055.45,428.0,0
CUST_002111,Cynthia Oliver,449-11-4768,erin44@example.org,HVLX18522916561307,31038.28,763.0,0
CUST_002112,Curtis Thompson,376293969,vgonzalez@example.com,AAOU45777414651831,29615.67,842.0,0
CUST_002113,Laura Nunez,020-66-5916,ronaldfry@example.com,XLOW86607025076660,65457.26,672.0,1
CUST_002114,Jeffrey Campbell,865-27-5216,awilliams@example.org,QTNL53264741412404,48122.0,518.0,0
CUST_002115,Brandon Vargas,827299160,mckayamanda@example.net,RVVE08716388193927,67803.04,722.0,0
CUST_002116,Melinda Flores,129-17-6742,kevinpatton@example.com,EDNK01817576018086,28513.93,,0
CUST_002117,Patricia Murray,297734031,allendevin@example.net,EVQT32816651773131,42338.16,476.0,0
CUST_002118,Jessica Schroeder,113-50-3515,bryanttaylor@example.com,PVNZ25593765118256,29841.67,502.0,0
CUST_002119,John Frey,426-82-8275,tnguyen@example.net,IRWG62813413503346,57077.83,798.0,0
CUST_002120,Susan Hicks,502-61-4580,yodermichael@example.org,XJNW54482187398212,65631.7,,0
CUST_002121,Derek Mendoza MD,234401422,matthewallen@example.net,YCKC34650865699638,3482.83,392.0,0
CUST_002122,Tiffany Ayala,898-54-8173,camachopatricia@example.org,WYUH41065729976656,15582.4,367.0,0
CUST_002123,Michael Barrera,224-86-4512,deanjohn@example.net,GMOV77441084397118,35369.09,479.0,0
CUST_002124,Tracy Frederick,487-66-8327,pmoran@example.net,YQFP17320310666465,10977.28,725.0,0
CUST_002125,Victor Kirby,427-09-0888,lchapman@example.org,OQRQ45879579711491,46965.53,587.0,0
CUST_002126,Elizabeth Smith,235-24-6313,,UWSZ51083278668689,10571.79,755.0,0
CUST_002127,Jeffrey Wright,646-97-9335,eroy@example.org,EIDD42076513352949,35504.44,320.0,0
CUST_002128,Paul West,503-49-2496,dodsonshelby@example.org,RIZU92970453868761,42679.22,758.0,1
CUST_002129,Timothy Thompson,052-05-8517,barbara04@example.org,KJUK61431538348995,66363.09,387.0,1
CUST_002130,Brittany Brown,642572031,zpitts@example.org,YAFI17036423733134,29217.99,453.0,0
CUST_002131,Angela Peterson,089-62-5523,dennistracy@example.net,CYPZ79429210172748,47383.82,599.0,0
CUST_002132,Brandon Bell,053-55-5185,bmaxwell@example.org,NHCH24049619651966,59848.48,316.0,0
CUST_002133,Nathan Mendoza DDS,771-63-0186,martinezdeborah@example.net,YGOQ57717121999391,18580.04,825.0,0
CUST_002134,Nicole Fisher,802-37-6941,martha49@example.org,NYFX44527843003987,67889.16,353.0,0
CUST_002135,Scott Powell,483043392,vrichardson@example.com,VYRN84987493203922,24982.6,579.0,0
CUST_002136,Carl Thompson,472-48-0313,charles26@example.com,RLZJ57653092464308,41121.2,,0
CUST_002137,Robert King,449-55-0040,tinahernandez@example.net,JYHW50945573149266,22354.64,504.0,1
CUST_002138,Jasmine Mendoza,251-85-3668,johngonzalez@example.org,QBPC00245886417939,52112.63,643.0,0
CUST_002139,Jessica Ryan,388-45-2958,johnjohnson@example.net,QONR83868982581738,52899.68,435.0,1
CUST_002140,Thomas Powell,683-26-3418,gregory95@example.org,TWUT37873521998068,19633.78,760.0,1
CUST_002141,Megan Perez,617-62-1233,lucerobrandon@example.net,RMOE26628107677786,37913.74,416.0,0
CUST_002142,Bruce Fletcher,248-20-4582,yjimenez@example.com,SOIN89933053740624,12871.59,366.0,0
CUST_002143,Valerie White,479523341,thomas26@example.net,DQRI91986613294063,228.22,313.0,0
CUST_002144,Jessica Lam,717-73-2639,deanna50@example.com,WQKB07284385800999,43498.0,771.0,0
CUST_002145,Lisa Myers,733087985,kgriffith@example.net,CITA48735975434536,3740.56,442.0,0
CUST_002146,Joe Cox,062-61-6873,sgallagher@example.com,UOOE22264615330027,71330.09,303.0,0
CUST_002147,Tyler Johnson,351-01-0896,powellmichele@example.net,WSHR05145386901681,28711.02,842.0,0
CUST_002148,Cameron Torres,549795065,katie39@example.net,VCLL85939224455652,52823.69,780.0,0
CUST_002149,Amanda Smith,756-85-7133,jeanette06@example.org,SLUC76993303815695,13462.05,306.0,0
CUST_002150,Crystal Moreno,071365145,amysmall@example.net,NDUZ12874081173069,42945.27,493.0,0
CUST_002151,Amber Reyes,054-72-3110,duncanedward@example.com,STYS96289302840521,23766.11,533.0,0
CUST_002152,Dana Acevedo,850-55-5787,stephen92@example.com,BIWX85896549818440,37752.41,592.0,0
CUST_002153,Jenna Smith,665-40-4460,xsavage@example.org,UBVL48748705662300,27.22,557.0,0
CUST_002154,Sarah Schneider,713-59-7016,todd93@example.com,DEYV35066566050590,67653.36,361.0,0
CUST_002155,Richard Parsons,750-50-0300,johnsonstanley@example.com,SWHS19474372990352,53566.28,312.0,1
CUST_002156,Jerry Braun,566-14-3592,adrianescobar@example.net,PCYY42432111902662,68542.99,367.0,0
CUST_002157,Regina Butler,414-71-6434,chodges@example.net,HDIL23780346332874,60727.89,679.0,0
CUST_002158,Debra Cohen,705-96-5457,jfernandez@example.net,VKRB00589538157501,13866.52,474.0,0
CUST_002159,Mary Peterson,114591528,smithmary@example.com,BPOT49148815144661,69220.17,712.0,0
CUST_002160,Marc Bell,614-06-2764,joshualivingston@example.org,NEMM68854553637766,56166.68,729.0,1
CUST_002161,Christopher Black,414-28-5492,,HZRD62266484918614,65203.91,452.0,0
CUST_002162,Eric Spence,592-25-7301,,CVLC31356117027847,12544.89,488.0,0
CUST_002163,Mark Potter,713-88-8120,alexis74@example.com,ZXDP61968225885843,14430.61,809.0,0
CUST_002164,Amy Martinez,249-95-4738,edward11@example.net,IAOG97296175657799,16694.32,798.0,0
CUST_002165,Austin Simmons,792-12-7397,macdonalddebra@example.com,BTKI55192415286348,36294.33,361.0,0
CUST_002166,Michael Gray,306-10-5746,eperez@example.com,ITDJ45337520156914,45390.23,444.0,0
CUST_002167,Martin Sandoval,307-45-1666,brandi14@example.net,QIAX91341781090719,479.05,615.0,0
CUST_002168,Kelly Nichols,248-67-8497,reyesamber@example.net,WULK83873680729661,45677.82,432.0,0
CUST_002169,Adam Powers,268-46-2038,huntmary@example.com,EOWF30990704644503,9174.08,784.0,0
CUST_002170,Ronald Thomas,665-50-0735,brenda47@example.org,HGBA27632722373695,24128.15,539.0,1
CUST_002171,Michael Reed,630767117,dustin06@example.org,LGKE26549305397345,35452.17,587.0,0
CUST_002172,Lisa Bond,719-26-7115,robert02@example.net,WATR97274051431641,9098.53,629.0,0
CUST_002173,Lisa Medina,612-41-9391,michael89@example.org,LJFN00628922384357,45508.73,,0
CUST_002174,Jose Waters,526-87-5458,mharris@example.com,EKCU74752949775655,6716.49,451.0,0
CUST_002175,Margaret Frazier,269-23-1208,justin83@example.com,PNNL70310122133875,66763.75,572.0,0
CUST_002176,Sean Lewis,639-25-5597,sarahmorgan@example.org,JVYY57498839683825,53249.03,672.0,0
CUST_002177,Jennifer Garcia,559-06-1259,owenlori@example.org,LCPG46606899247157,24204.69,794.0,0
CUST_002178,Susan Garcia,130-22-6706,courtneygutierrez@example.net,FDWE39551216983232,23219.71,849.0,0
CUST_002179,Jonathan Johnson PhD,081-87-2043,kathleen13@example.org,EDJI53715045196787,45183.65,602.0,0
CUST_002180,Angelica Walter,874-44-7282,bradleyjohn@example.org,NRJF32635546903369,20825.45,,0
CUST_002181,Alex Lowe,239-02-8751,fhicks@example.net,WRDL45527876260235,10376.5,325.0,0
CUST_002182,Lori Roberts,838-88-7539,paul23@example.net,XLAP86796999938191,58072.67,451.0,0
CUST_002183,Dan Martin,485-05-2140,bortiz@example.net,CTWV00241551758637,23213.57,580.0,0
CUST_002184,Joel Cobb,413-94-5959,kaitlyn10@example.com,NZRL84311621065149,43779.27,630.0,1
CUST_002185,Jerry Lopez,340-67-4906,jonathanmartin@example.org,LOPC03027596088958,27346.06,,0
CUST_002186,Melanie Williams,589-93-9581,stewartlauren@example.com,ISIY52125860620981,23953.26,482.0,0
CUST_002187,Dawn Small,176534968,staylor@example.com,XDJA50850134742963,42204.08,340.0,1
CUST_002188,Mark Taylor,689-31-9359,vrice@example.net,WHWS24539604240817,4322.78,369.0,0
CUST_002189,Stacey Maxwell,550-06-9920,asmith@example.net,FOZN82091881224661,6435.39,668.0,1
CUST_002190,Anthony Lambert,359273920,ageorge@example.net,YOSW09635159117533,36680.41,363.0,0
CUST_002191,Erica Allen,026-01-3272,matthewreyes@example.com,MBJU37758725371720,61624.87,512.0,0
CUST_002192,Melissa Moore,423847084,christopherturner@example.org,IOYI13311519683948,17564.54,324.0,0
CUST_002193,Eric Keith,723-26-5386,burgesskevin@example.org,ASTA34913156536671,16034.57,538.0,1
CUST_002194,Linda Russell,449-59-5166,yolandawalker@example.org,FQYU23253485297993,28758.16,705.0,0
CUST_002195,William Shaw,009-58-5473,rodriguezjames@example.com,DVTP06406412315402,52132.92,369.0,0
CUST_002196,Timothy Cross,192524285,shelley36@example.com,UAGU49141052696364,40.0,382.0,0
CUST_002197,Ann Hall,226-17-7999,lisagallegos@example.org,NQUY79674672698630,15564.76,849.0,0
CUST_002198,Joe Henderson,127-54-0682,amyaguilar@example.com,FUNV71996149491851,27759.69,697.0,0
CUST_002199,Janet Chambers,378-79-2781,ericrogers@example.com,WEMA68228795614109,24192.89,566.0,0
CUST_002200,John Johnson,864-84-2277,morgangarrett@example.com,QTBR85069030347112,72563.98,824.0,0
CUST_002201,Danny Weaver,692-46-1108,halesusan@example.net,USKW12920722303358,7558.09,510.0,0
CUST_002202,Mark Klein,187-17-9719,wpacheco@example.com,YTSP73879278767823,50402.58,610.0,0
CUST_002203,Michael Richard,652-39-9274,,KDJI48657430620681,66270.72,,0
CUST_002204,Audrey Fritz,718-82-7177,mwright@example.org,BFSQ11300843391419,64457.03,511.0,0
CUST_002205,Traci Thomas,533-36-4321,hoganrobert@example.net,UKAO49504432719298,29001.96,469.0,1
CUST_002206,Adrian Mccullough,328624822,johnsonthomas@example.org,MSGV62408851632381,49860.34,,0
CUST_002207,Benjamin Lindsey MD,807-36-7107,rcarson@example.com,FNXK94152583851635,3277.12,311.0,1
CUST_002208,Suzanne Serrano,055-13-4674,mwilliams@example.net,DGFV90102915851185,42392.37,463.0,0
CUST_002209,Darren Miller,508-49-6476,thomascody@example.net,LHKU96828901408123,55509.41,,0
CUST_002210,Dr. Paul Bailey Jr.,664-98-4187,ahall@example.net,SFOQ88478718193834,67338.39,609.0,0
CUST_002211,Ellen Bradley,546819646,dwayne59@example.com,RAFQ21311482414304,68549.74,423.0,1
CUST_002212,Luke Davis,089-26-0718,anthonyparsons@example.com,HJSY00197689334500,69793.75,787.0,0
CUST_002213,Patricia Sellers,073-66-1731,mandrews@example.org,CPAM16684648209872,66426.22,579.0,0
CUST_002214,Marie Powell,027-91-9551,russellstephanie@example.com,HYII40557247721396,11073.76,366.0,0
CUST_002215,Brandi Wolfe,813479090,meganpalmer@example.com,SVJD72319017066863,34660.47,479.0,1
CUST_002216,Jeffrey Foster,430-59-1559,stephen11@example.org,XXYU04705712656564,57599.75,587.0,0
CUST_002217,Nathan Morgan,354-59-6899,baileyjennifer@example.org,EBPA18058935967926,50178.81,,0
CUST_002218,Charles Watkins,896-86-8127,jay10@example.org,GLTZ84808618683043,65450.83,745.0,0
CUST_002219,Nicolas Barry,581-85-0261,snowbobby@example.com,WHHS89309040037658,55560.71,593.0,0
CUST_002220,Kristy Nelson,198-51-9907,stricklandkathryn@example.org,NKXA25787090959027,11874.05,680.0,0
CUST_002221,Jeremy Levy,069597499,jacob69@example.net,QYGY86488362696163,30228.62,711.0,0
CUST_002222,Ronnie Norton,771610581,benjamin87@example.com,JVZF69154897881412,50285.67,806.0,0
CUST_002223,Stephen Rodriguez,591-26-8611,rbrown@example.net,KBKN24481888678950,18616.62,440.0,0
CUST_002224,Eric Patel,704-94-3212,mary23@example.com,CJFA13498438281404,64565.9,468.0,1
CUST_002225,Cassandra Brown,766-06-9730,kenneth96@example.net,VFPH30890345446843,10451.31,649.0,0
CUST_002226,John Carlson,382-16-1519,lewismary@example.com,NDPO30790991998467,10033.86,510.0,0
CUST_002227,Robert Hubbard,305-36-1208,ronald63@example.org,XFKP62109028057955,74283.05,342.0,0
CUST_002228,Michael Flores,471-04-1926,dawnfletcher@example.net,LXOF75622021758928,70642.88,532.0,0
CUST_002229,Logan Nelson MD,887-70-5328,mariahramirez@example.com,XAVO20324893237756,62653.39,682.0,0
CUST_002230,Jessica Watson,842-39-6008,rowebonnie@example.com,QJEN89880775746585,43064.97,717.0,0
CUST_002231,Christine Rodriguez,564-60-7874,oallen@example.org,EOSH46829851652287,11255.44,492.0,0
CUST_002232,Ricardo Key,841-23-8148,arusso@example.org,IJRP77476397103188,36887.82,373.0,0
CUST_002233,Benjamin Clark,791-53-5415,schmidtrichard@example.com,NVRQ86742050578462,15297.92,,1
CUST_002234,Monique Guerrero,438-41-1771,samuel60@example.org,YDLH12141382987908,15135.1,373.0,0
CUST_002235,Casey Cooley,384-43-2527,jennifer87@example.org,PAZY59396701552264,49449.67,310.0,0
CUST_002236,Donald Stone,033-93-8743,scott55@example.com,KDMR32022711318002,31853.55,789.0,0
CUST_002237,Robert Riddle,639-67-4080,briana08@example.com,OVPH43282391321836,37249.61,659.0,0
CUST_002238,Mario Green,307-51-9997,michael89@example.net,MTQY73297584562713,40195.81,400.0,0
CUST_002239,Kim Knight,567642908,joseph46@example.org,ATBM60947830626465,51206.04,327.0,0
CUST_002240,Briana Johnson,770-10-5591,huertadeanna@example.net,CEXQ42092749390981,18537.81,394.0,0
CUST_002241,Jodi Alvarez,080-79-0884,harriseric@example.net,LCGM84054165237008,33828.81,645.0,0
CUST_002242,Antonio Trujillo,214183577,amybeck@example.com,NAPH47843267484643,58175.86,,0
CUST_002243,Lisa Gardner,142-35-3376,buckerin@example.org,ZIHO67305858219645,64635.11,328.0,1
CUST_002244,Patricia Mcdonald,679-53-7382,ellismarie@example.net,ELLQ89839230781412,52133.39,697.0,0
CUST_002245,Melissa Perry,540633456,nunezdavid@example.org,VXXU24454759711315,8383.98,829.0,0
CUST_002246,Scott Peters,354657803,nicholasmaldonado@example.net,MZJK96394684583109,21416.64,639.0,0
CUST_002247,Tanya Black,862-71-0509,awright@example.net,ZPLB27192642102387,35902.04,555.0,0
CUST_002248,Whitney Allen,424-19-3096,kristina21@example.org,YWUJ97069599019643,57820.93,344.0,0
CUST_002249,Laura Howard,785078670,carterpatrick@example.com,DQPA00082220532208,36748.0,755.0,0
CUST_002250,Jennifer Brown,413668698,steven60@example.org,DACJ78247599117390,9465.92,324.0,0
CUST_002251,Terry Melendez,677-55-9969,kimberly56@example.com,OGDN03502450632705,39150.73,677.0,0
CUST_002252,Ashley Wolf,455-34-3136,fdixon@example.net,MRNM76469142840000,41574.76,732.0,0
CUST_002253,Christine Young,338061895,joshua77@example.com,DAYP38232258337622,35334.23,819.0,1
CUST_002254,Dr. Marcus Garrett II,309-66-9469,mitchelldavid@example.net,LORN61000059118624,11730.65,491.0,0
CUST_002255,Michael Rodriguez,781299037,sharonhenry@example.net,UVMH15558008757575,19357.0,368.0,1
CUST_002256,Ellen Jensen,165524585,shawn17@example.com,XRII46850138138541,2501.56,507.0,0
CUST_002257,David Sims,547206359,deborahcastillo@example.com,HHPV01065360549712,4029.55,312.0,0
CUST_002258,Scott Garcia,840-95-9112,andreaanderson@example.org,NYXT99060418696095,65969.04,440.0,0
CUST_002259,Tyler Lane,138-65-9696,ghinton@example.net,WAPK86435830975336,49634.74,789.0,0
CUST_002260,Robert Tate,779-74-2510,kim83@example.org,VMDV75686345496422,40375.91,372.0,0
CUST_002261,David Pollard,560-31-1400,scotthinton@example.com,AGZL80875634491088,4633.55,825.0,1
CUST_002262,Katherine Wade,123-01-3702,bradley07@example.org,ZOQZ34079328181671,30719.9,670.0,1
CUST_002263,Sherri Davis,245-08-2761,,NCPJ57417918480000,2739.62,628.0,0
CUST_002264,Jerome Fisher,296-42-6184,holmessamantha@example.com,IACC39215819277244,29003.61,530.0,0
CUST_002265,Natalie Watts,618249978,glennkristina@example.org,NRSD58336597470914,66600.18,461.0,0
CUST_002266,Lauren Cruz,867749283,jessicaspence@example.com,QEXM56197896812666,44786.54,727.0,0
CUST_002267,John Holt DDS,642-65-0257,barreralouis@example.net,VAVQ66574865977597,47925.71,678.0,0
CUST_002268,Rose Cole,458-32-8924,jose60@example.net,NQEG37339347412678,25281.94,848.0,0
CUST_002269,Katie Clay,169-92-2563,matthew76@example.net,XYLE17321330587892,36327.96,440.0,0
CUST_002270,Marie Reed,289-29-5023,colleen97@example.com,YGBQ88370799190623,38533.32,364.0,0
CUST_002271,Dale Brooks,807930771,damon26@example.com,OAUR48671172498596,38270.6,620.0,1
CUST_002272,Michael Harvey,524-60-1946,rrodriguez@example.com,FIAQ96287013215667,72911.72,496.0,0
CUST_002273,Lauren Sanders MD,196-40-6305,parrishcynthia@example.com,WTSZ92071898022131,31500.53,492.0,0
CUST_002274,Jennifer Huerta,309-96-1428,diana63@example.org,HJCP41465545123355,21773.66,670.0,0
CUST_002275,Robert Boone,002-09-9285,gutierrezjerry@example.com,WGMG38648650074435,38768.51,420.0,0
CUST_002276,Desiree Zuniga,282-99-9568,cohenleslie@example.com,OAZM69677813414524,59140.85,645.0,0
CUST_002277,Richard Harris,467-11-0806,evansdiana@example.org,ASAV43518406392946,36067.92,577.0,1
CUST_002278,Anna Reyes,217319283,donnameyers@example.com,FNYY43847098192050,4939.79,427.0,1
CUST_002279,Susan Lewis,028-55-2838,katherinerodriguez@example.org,EKSH28657119249128,13764.07,560.0,1
CUST_002280,Angela Kennedy,628-20-3886,sonyawarner@example.net,UTFI51679177619607,20420.42,730.0,0
CUST_002281,Michelle Osborn,709049413,dale77@example.org,DHXG53153562872450,44443.02,787.0,0
CUST_002282,Carlos Freeman,218-67-7068,dawn73@example.org,YNRF89821824468216,56889.39,355.0,0
CUST_002283,Gordon Taylor,534-63-8872,thomas90@example.com,WFGE24263783681254,9120.37,398.0,1
CUST_002284,Frank Campos,223-23-9487,crystaladams@example.com,IOJW17643441057940,42275.83,310.0,0
CUST_002285,Mitchell Mueller DDS,685-58-0453,whenderson@example.net,VRYH45199550897754,17671.36,525.0,0
CUST_002286,David Levy,440155710,sarasavage@example.net,ADWN22043771494872,62977.98,455.0,0
CUST_002287,Catherine Bolton,595175840,conniesmith@example.net,VHAK68208082078098,72463.18,692.0,0
CUST_002288,Lauren Jackson,089-03-0254,garyharper@example.org,ZSIY23547913027929,55404.44,576.0,0
CUST_002289,Juan Foley,480610527,hallkelsey@example.org,LOSZ98835943260322,17772.85,469.0,1
CUST_002290,Michael Weaver,120-46-1381,donalddalton@example.com,PDZL06852460888959,50172.7,745.0,0
CUST_002291,Ross Mason,501-32-7721,heidiaustin@example.net,MBAS99749411715903,7077.68,383.0,0
CUST_002292,Mary Fuller,077-43-5116,lisadennis@example.net,YAYD25996848343297,63719.27,689.0,0
CUST_002293,Natalie Bush,049-30-6005,,WYKV99571947700719,32467.1,836.0,0
CUST_002294,Ashley Barrett,279-86-3625,hbrown@example.org,TEDU72340515588663,32885.31,510.0,0
CUST_002295,John Hall,670-50-6932,ana43@example.org,KJED18895949192659,28013.65,713.0,0
CUST_002296,Devon Moore,356-99-4351,christopher89@example.net,GZOI00198011063822,21446.25,536.0,0
CUST_002297,Rachel Stafford,219-35-6016,amanda93@example.org,VQDU97855179154369,42029.84,366.0,0
CUST_002298,Cindy Michael,196-11-6514,wlawrence@example.org,JTIB80910069569819,28263.31,802.0,0
CUST_002299,Amy West,059741714,xhanson@example.org,MZMJ03075059990640,25791.37,575.0,0
CUST_002300,Cole Fox,889-94-7121,vquinn@example.com,AZZK92086537494558,63950.34,829.0,0
CUST_002301,Kyle Williams,836-28-0375,hburton@example.org,SHIO81268881078632,27025.17,534.0,0
CUST_002302,Jack Davis,031588239,larry46@example.com,OXNE32558811912776,3279.91,381.0,0
CUST_002303,Gregory Turner,452-73-5782,larsonbryce@example.net,NZWZ00425976571254,32409.98,490.0,0
CUST_002304,David Berger,630-59-3557,ellisrichard@example.net,TACV40905444962521,6466.46,353.0,0
CUST_002305,Hannah Grant,105-17-4546,katherine77@example.net,MPLW24420315799706,55452.67,595.0,0
CUST_002306,Terry Lucas,367-24-6874,millerwendy@example.com,HNHK09680192271662,60483.52,500.0,0
CUST_002307,Dale Hampton,136-83-0942,martinmichelle@example.net,FNKK81326135427018,58627.34,846.0,0
CUST_002308,Jonathon Morris,425-23-9103,,HBIX67407185331156,11030.25,491.0,0
CUST_002309,Arthur Cruz,667793429,clarkdavid@example.org,YQIR33649215296458,38250.07,321.0,0
CUST_002310,Nicole Garcia,107-70-8949,sydneyschwartz@example.com,NYRW80701821557412,34914.55,435.0,0
CUST_002311,Jerry Garcia,498-16-2234,pereztheresa@example.net,AUCP91944557669625,34411.59,765.0,0
CUST_002312,Tyler Davis,395-40-3736,ebonylee@example.net,PWID75659230022422,56465.78,368.0,1
CUST_002313,Laura Swanson,432-61-7029,david11@example.com,LCZT99721115292709,36491.72,704.0,0
CUST_002314,Samantha Roach,548-52-5676,smithamy@example.net,YWHC01091046005204,48375.17,832.0,0
CUST_002315,Joshua Camacho,023636705,ekelly@example.com,LGPV22783929025324,56248.16,836.0,1
CUST_002316,Dennis Warner,893-09-1249,gjohnson@example.com,KJGS59289146312453,2249.46,375.0,0
CUST_002317,Henry Ortega,797-80-5086,,VZOR18222344944748,30637.18,684.0,0
CUST_002318,Steven Anderson,413376498,mcmahondavid@example.net,DULO29914260713391,15775.57,450.0,0
CUST_002319,Tonya Murray,028-31-3504,,TLKI52591372067730,59428.92,705.0,0
CUST_002320,David Mason,545825274,alex06@example.net,WPKG91919382891835,36251.58,777.0,0
CUST_002321,Sheri Thompson,236-65-2018,joseph56@example.com,DLDV14627856621762,71951.19,551.0,1
CUST_002322,Gavin Smith,129842332,charleswilliamson@example.net,CWIS97530144633845,3510.51,776.0,1
CUST_002323,Cynthia Osborn,719-20-3037,,ZQUQ48131205930898,21693.3,824.0,0
CUST_002324,Michael Smith,008-77-7879,swalker@example.com,CZPN69706838282667,4615.55,639.0,0
CUST_002325,Daniel Cohen,204-56-4235,ojordan@example.com,SVNF59590121355301,10518.4,576.0,0
CUST_002326,Susan Rivera,773-90-8091,andrewcallahan@example.com,BNPU56440314822119,33351.08,642.0,0
CUST_002327,Monica Brown,163-20-9184,kimberly93@example.net,KHFD68555026945058,3344.18,829.0,0
CUST_002328,Eric Gonzalez,322-23-3463,qgarcia@example.org,EZXR86689801065285,38304.86,818.0,0
CUST_002329,Abigail Blackburn,584-79-3716,jwells@example.net,NZHU70727420050294,49376.53,750.0,0
CUST_002330,Elizabeth Saunders,512144265,fraziermichele@example.net,CBIQ59159054248784,14323.24,693.0,0
CUST_002331,Jennifer Mills,691025049,sbradford@example.org,OPSY51569922913790,9537.12,728.0,0
CUST_002332,Zoe Henry,862594558,hamiltonjohn@example.com,HAYT94791415928427,40802.73,561.0,1
CUST_002333,Renee Wood,831482266,chad71@example.com,INXM78563716436111,2328.3,794.0,0
CUST_002334,Thomas Michael,536-26-1921,ashley14@example.org,QPJP82563432510110,50282.19,416.0,0
CUST_002335,Sheila Hill MD,798-65-0926,joannethompson@example.com,BCCX20174748157961,73449.09,780.0,1
CUST_002336,Jennifer Roberts,338-36-2924,erika02@example.com,ZWRE47080709278574,60985.72,638.0,0
CUST_002337,Michelle Mills,449-04-8336,pmcmahon@example.org,TDUK46669207297223,53600.59,832.0,0
CUST_002338,Linda Williams,142-72-4967,aaron27@example.net,JYXI53975082903856,61027.36,744.0,0
CUST_002339,David Henry,621-22-6567,copelandryan@example.net,GNWE68494147904475,54182.9,714.0,0
CUST_002340,Jennifer Welch,208-01-9988,edwardcisneros@example.org,YZEH82000297806782,61717.21,528.0,0
CUST_002341,Charles Jones,788-51-0949,angelavilla@example.net,EQRD69035832232723,11071.0,400.0,0
CUST_002342,Kevin Wallace,047-66-1537,hgonzalez@example.org,CIYR99482233228466,42276.25,606.0,0
CUST_002343,Wanda Odonnell,698-82-8068,kelsey22@example.net,UHOY52145544722700,4507.21,621.0,1
CUST_002344,Nicole Beasley,054-52-0073,aarontapia@example.com,KTVO30374850837432,30773.83,331.0,0
CUST_002345,Zachary Mason,511-99-9664,lopezamanda@example.net,HNXV67585987715733,74833.79,705.0,0
CUST_002346,Stephanie Murray,648-52-2536,amber99@example.com,SJZV05694761927812,45598.24,468.0,0
CUST_002347,Frank Rivera,711-51-7450,,FFIV27561737201701,7099.82,384.0,0
CUST_002348,Sarah Dawson,054310298,,LDBN74449989071677,6469.79,455.0,1
CUST_002349,Cheyenne Waters,236-66-0161,karenadams@example.org,EHVV00833418715503,73769.43,675.0,0
CUST_002350,Virginia Ford,142-89-2907,nancycastillo@example.org,HOXH12950488819875,6107.77,469.0,1
CUST_002351,Susan Velez,787-29-8894,yorkbeth@example.net,TSEQ39863910620467,74107.94,300.0,0
CUST_002352,Andrew Cooper,685227215,marcusbarron@example.org,YIRM70769864449118,74507.82,410.0,0
CUST_002353,Dr. Jaime Wilson,353-22-7982,johngrimes@example.net,AXDQ08725842302272,45761.64,441.0,0
CUST_002354,Matthew Hicks,282-53-0436,jacob46@example.net,IHJC66382677597277,52345.68,398.0,0
CUST_002355,Jennifer Moore,129-73-1530,mcastillo@example.com,KUOJ09683486987164,25068.65,466.0,0
CUST_002356,Brooke Ortiz,489-82-4099,matthewstodd@example.net,YAKH90811000778318,21670.82,710.0,0
CUST_002357,Michael Barber,291994640,cvalentine@example.net,BGFF50819339227445,49802.28,515.0,0
CUST_002358,Nichole Martinez,006-88-6160,robinsonroy@example.net,PWTF44771740668679,43870.07,420.0,0
CUST_002359,Jonathan Jones,085-21-6650,leslierocha@example.net,FGOM18259308787909,20826.88,640.0,0
CUST_002360,Robert Mejia,886374762,tonywhite@example.net,ZRDL67102622519335,8757.7,609.0,1
CUST_002361,Marie Hernandez,494-80-6510,,FQIA12520043209182,11318.09,496.0,0
CUST_002362,Dr. Michael Bautista,265-68-1841,jillian19@example.net,OQGA31729409937513,28911.71,809.0,0
CUST_002363,Gabriella Knox,269-06-6115,wryan@example.net,MPST18451920849653,33445.72,634.0,0
CUST_002364,Vincent Morgan,805-94-5258,andersongregg@example.net,LUZS34010752879972,56239.32,488.0,0
CUST_002365,Kimberly Rivera,801-55-7691,nhernandez@example.com,HWZD22725449550307,36260.51,642.0,0
CUST_002366,Lisa Evans,624-89-9476,stevenssteven@example.org,OVPQ39075163806626,71758.23,507.0,0
CUST_002367,Susan Carr,392-43-0317,julie48@example.com,FTXD76480361454402,53208.07,681.0,0
CUST_002368,Patricia Humphrey,524-82-6655,robertsanchez@example.net,CUIS22835602293511,14729.35,451.0,0
CUST_002369,Javier Kane,035-70-4306,randy14@example.com,XBLR46070435175931,39580.62,841.0,1
CUST_002370,Leslie Estrada,552-66-1333,gdawson@example.net,VSMD26508899755853,71211.18,340.0,0
CUST_002371,Wendy Duran,301-41-7560,,BTMK11988874473217,56560.91,345.0,0
CUST_002372,William Jones,845-42-6977,edward70@example.org,BQYU55883485643275,4241.28,727.0,1
CUST_002373,Gabriel Sanders,837146921,sarah60@example.com,ULMF66998180527920,23296.06,528.0,0
CUST_002374,Deborah Wright,159-46-4680,,VMUJ93237558388333,16825.21,560.0,0
CUST_002375,Joshua Miller,041-03-3363,julieross@example.org,FXAZ66653479710900,61523.79,544.0,0
CUST_002376,Nicholas Hines,783-21-5808,changeric@example.net,ORAQ86449916277650,20159.42,726.0,0
CUST_002377,Larry Buchanan,218-68-0408,wilkinsbrandon@example.com,DLGL37592719766162,58993.53,352.0,0
CUST_002378,Alexandra Kelley,877261560,susanwalker@example.com,VBDO74460834864917,58365.45,540.0,1
CUST_002379,Justin Doyle,712-50-8655,samanthalopez@example.net,VHIT76217410375141,49035.74,314.0,0
CUST_002380,Victoria Jones,068-85-9835,bakererica@example.net,OVGU27860284963555,1062.16,432.0,1
CUST_002381,Victor Heath,263479625,greendylan@example.org,SLEK35953019654970,18910.48,465.0,1
CUST_002382,Ariana Humphrey,035376673,wfranklin@example.org,AEBU38870713604212,69846.48,616.0,1
CUST_002383,Tiffany Schneider,827-35-4641,,CBBQ48654255686222,11245.43,424.0,0
CUST_002384,Joseph Waters,797983079,christopher52@example.org,PGTX29369070648723,59479.2,576.0,1
CUST_002385,Julia Blair,222-72-3838,heatherfoster@example.org,JOPA04830762732553,57332.98,847.0,0
CUST_002386,Dr. Travis Wright,058-78-5354,rachel18@example.com,EKBN34837323014646,5786.74,394.0,0
CUST_002387,Sabrina Matthews,822-31-4165,alvaradomary@example.net,WFBG97101044330509,54261.3,388.0,1
CUST_002388,Jessica Mills,479436001,sskinner@example.com,ABXQ76848655842252,51559.5,498.0,0
CUST_002389,Cody Abbott,093-55-6315,austinpatricia@example.org,ESFP75019325267494,63939.72,742.0,0
CUST_002390,Christopher Williams,604-32-8477,ndawson@example.com,GQZD49871420357779,13855.85,795.0,0
CUST_002391,Joshua Hicks,465-56-5836,sandra69@example.net,EYHC75533734776306,16619.72,806.0,0
CUST_002392,Kelly Page,419-69-7659,,CLVU89730378581442,67447.78,337.0,0
CUST_002393,Paul Salas,107-12-6099,browncharles@example.net,KAKM11555107498188,70010.96,646.0,0
CUST_002394,Mark Madden,797136616,abutler@example.com,OESO01268315624206,5934.51,398.0,0
CUST_002395,Brian Shepard DDS,801-32-2065,stephanie59@example.org,IHKY26821947190232,36823.08,648.0,0
CUST_002396,Angela Brown,670366474,kellijones@example.org,DFHZ03489905643172,18075.84,849.0,0
CUST_002397,Ashley Rodriguez,098-20-5883,rachel09@example.net,QWMY70198783505445,22165.49,440.0,0
CUST_002398,Debra Ortiz,707-15-3105,phillipsmason@example.org,PGID35054076471862,63655.14,376.0,1
CUST_002399,Christopher Cortez,388-88-0095,codyterrell@example.com,YTJR07207845845840,30218.75,326.0,1
CUST_002400,Martin Jones PhD,872-98-9121,alexisclark@example.com,YNPE52793444519067,69821.48,402.0,0
CUST_002401,David Castaneda,129408546,gmeyer@example.net,JGXP10842575423735,66574.83,487.0,0
CUST_002402,David Sawyer,225-62-0156,allison77@example.net,UXGF25350227746903,23017.38,381.0,0
CUST_002403,Daniel Turner,787-27-5881,leondavid@example.com,KEFF12004023420338,21939.08,604.0,0
CUST_002404,Lisa Castillo,712421872,jennakemp@example.com,VXNH83666943658694,65786.3,395.0,0
CUST_002405,Matthew Fox,404-14-6514,pross@example.com,ZKXK32967737594283,71148.28,304.0,0
CUST_002406,Henry Downs,683-74-1865,glasssarah@example.com,FZQZ09115416824977,40418.31,570.0,0
CUST_002407,Curtis Wright,375-53-2692,jeffreyestrada@example.com,BNLU47651267490753,24721.74,489.0,0
CUST_002408,Patrick Cox,782-56-1373,joshuaherman@example.net,NKDK82230947605967,771.83,523.0,0
CUST_002409,Ashlee Mitchell,610-29-7757,,GHYJ41467969389252,51024.83,544.0,1
CUST_002410,Aaron Brown,089-13-6618,john18@example.org,FTBQ31168674478687,59496.91,492.0,0
CUST_002411,Austin Shaffer,781-75-9553,jennifer98@example.net,MYTP18701539874054,28827.31,840.0,0
CUST_002412,Christopher Jackson,697-43-8216,debrajohnson@example.org,KVZD17426142274045,43164.04,575.0,0
CUST_002413,Peter Small,155-70-5879,elizabeth99@example.net,BXHL74318910049246,48449.49,809.0,0
CUST_002414,Patricia Mclaughlin,368-88-7356,kaufmanmarco@example.net,ZUOF63150810866704,51693.15,488.0,0
CUST_002415,Jennifer Church,531-89-4628,ewingchristopher@example.org,BMIE82359848876918,53185.65,536.0,1
CUST_002416,Rachel James,114-32-8492,ubrown@example.com,JSMB59370627235264,9538.64,,0
CUST_002417,Kenneth Ramirez,251665775,hsharp@example.com,DNFT84754870096461,7863.46,314.0,0
CUST_002418,Amanda May,078-79-9350,daviddennis@example.org,ZNQK86778953249753,48421.23,426.0,0
CUST_002419,John Pierce,330-69-8922,bryantstephanie@example.org,ZRWX61574236837803,50863.75,754.0,0
CUST_002420,Ashley Hendricks,147-85-2303,jasonbrown@example.com,WEBI65456566363638,13694.05,548.0,0
CUST_002421,Anna Hall,344-99-7330,jodysoto@example.net,YFDB37998204879370,32213.65,462.0,0
CUST_002422,Dustin Ware,274920116,brandon74@example.net,XLTA12929929201337,21325.0,723.0,0
CUST_002423,Anita Dunn,705-03-3574,annarivas@example.com,UCCH92823696493826,57563.54,784.0,0
CUST_002424,Michelle Herrera,518-15-1225,sandersstephanie@example.net,XOXY36140476194561,48140.88,760.0,0
CUST_002425,Terry Williams,697-72-9817,sellerstimothy@example.org,JVEZ92231978958932,19857.78,,0
CUST_002426,Philip Adams,156444066,rcarter@example.net,EXZE74783019441088,36185.64,524.0,1
CUST_002427,Larry Brooks,071-77-1536,carterjohn@example.net,YJCZ78584770239283,19709.52,679.0,0
CUST_002428,Thomas Farmer,434-72-4808,paula87@example.com,OYSW23410242505963,59859.33,713.0,0
CUST_002429,Katherine Mcguire,560-81-1444,averyhaley@example.com,ZNVR96176872962042,20852.41,550.0,0
CUST_002430,Ryan Kemp,328208275,gallowaykyle@example.com,CBXA82592306511768,59824.1,842.0,1
CUST_002431,Karen Franco,537-57-9158,irivera@example.com,ALIN90508495170420,71875.92,635.0,0
CUST_002432,Mr. Alfred Allen,220-41-8892,jamesballard@example.org,HFFX84413335802103,35816.95,491.0,0
CUST_002433,Danny Combs,226-92-4988,espinozadeborah@example.net,NFOJ15708832860416,60246.79,504.0,0
CUST_002434,Angela Wilson,679665732,matthewbond@example.com,SEJL57464333040305,26445.01,689.0,0
CUST_002435,Robert Davenport,893-27-8690,wfigueroa@example.com,ETEL80994919437333,24879.17,782.0,0
CUST_002436,Ana Garrison,797-96-4588,inguyen@example.org,MYRK02208053847927,41963.86,378.0,0
CUST_002437,Roberto Kramer,821-88-6901,garciaanthony@example.net,VLTD46120140798340,14974.43,722.0,0
CUST_002438,Rachel Shields,329261667,ihendrix@example.net,ZXHY17349963215533,40916.89,438.0,0
CUST_002439,Andrew Williams,149-72-7749,alexander89@example.com,MDZF24000259375818,383.19,718.0,0
CUST_002440,Shelby Fletcher,305-10-6352,shelbyfletcher@example.com,LUPW84235180264214,15285.87,648.0,1
CUST_002441,David Kelly,734-25-3786,robertsjohn@example.com,POUS27969392055157,44673.42,546.0,0
CUST_002442,Alexandra Lynch,233-03-0830,gibbslaura@example.org,RDLS88268744337314,52038.1,306.0,1
CUST_002443,Nancy Duffy,240-08-5466,kevingreen@example.net,TCCD40755978621634,66503.85,402.0,0
CUST_002444,Erin Robertson,878990473,jperez@example.com,PKLA82382888161371,31746.48,657.0,1
CUST_002445,Sean Gonzalez,229-98-2539,timothycollins@example.com,DJMH55428468638720,55287.0,321.0,0
CUST_002446,Nathan Wright,030-65-1629,deborah80@example.com,HEPW40265585924580,2912.91,483.0,0
CUST_002447,Kathleen Davis,889-83-1082,,XVZC43882737490994,49455.43,531.0,0
CUST_002448,Paul Christensen,401-25-4765,valenzueladanny@example.net,NECX46133547337025,27181.5,606.0,0
CUST_002449,Holly Garcia,266-14-9723,huntmegan@example.org,LOOV18074922396652,11509.7,687.0,0
CUST_002450,Michael Hall,296-26-6124,tylerwhite@example.com,YOIK74565992507633,66913.98,411.0,0
CUST_002451,Christopher Howard,328-64-4610,sbaker@example.net,MHBP00958304286323,32313.69,470.0,0
CUST_002452,Phyllis Williamson,784-88-9587,josephbautista@example.net,GMMP35216083402897,71222.5,637.0,1
CUST_002453,Jordan Miller,539-69-9882,sarahnavarro@example.org,WMIP93539562154262,42330.67,759.0,0
CUST_002454,Elizabeth Tucker,755230396,matthew37@example.net,CGNC91667322177594,19147.26,519.0,1
CUST_002455,Andrew Owens,544-23-3405,daniellecolon@example.net,ZMSZ79162762439606,21812.83,848.0,0
CUST_002456,Marvin Valencia,539627173,markchambers@example.org,SCPQ73563921187816,9071.81,355.0,0
CUST_002457,Joyce Wade,892-76-2682,melissaross@example.net,LVZZ97344685009479,35688.79,438.0,0
CUST_002458,Crystal Brooks,236-48-2099,aallen@example.org,DMNE90879296863677,17656.46,351.0,0
CUST_002459,Evan Hernandez,558-83-2148,cochranpatricia@example.com,ZZOL50408413838901,41196.94,647.0,0
CUST_002460,Kristen Smith,575-04-2372,rebeccawhite@example.com,TAPP98861825616640,62022.31,345.0,0
CUST_002461,Daniel Burnett,206-26-9354,jamesnovak@example.net,JMNC65175866626570,16148.34,391.0,0
CUST_002462,Elizabeth Wallace,859-41-9305,stephanie70@example.net,QIAT91269176498577,40777.83,629.0,0
CUST_002463,Larry Giles,719-55-6714,henrynichole@example.org,KJOE09264652967947,1999.51,311.0,0
CUST_002464,Carlos Hunt,140-32-5631,henry09@example.com,XBAC79776600220036,54093.3,385.0,0
CUST_002465,Jennifer Green,164-43-5131,wallaceperry@example.com,DFIK62120254094113,5738.76,494.0,0
CUST_002466,Warren Alvarado,197-92-1628,heather06@example.org,WTRH64950926289757,48389.85,358.0,0
CUST_002467,Natalie Wilson,580-17-3655,qjones@example.com,JHZF88589947099069,74124.42,620.0,0
CUST_002468,Allison George,146-83-7547,cwilliamson@example.com,SBPD13646890688785,56315.96,567.0,0
CUST_002469,Julia Gill,506263802,camachojohnny@example.org,GVRX75189534297039,40271.01,594.0,0
CUST_002470,James Horton,711253657,,IVGF69441042320086,57123.76,813.0,0
CUST_002471,Jason Bryant,195-12-2909,,HJFC14746757325141,32319.09,326.0,0
CUST_002472,Jerry Burns,278086407,qpatrick@example.org,SEIP61740353005684,28031.13,649.0,0
CUST_002473,Bernard Walker,476-04-4146,kristin03@example.net,HYFM30150892298309,28017.95,425.0,0
CUST_002474,Samantha Mendez,691-88-2391,mason67@example.net,QNAP29430628734512,23783.85,350.0,0
CUST_002475,Amy Huerta,419-78-5712,kristen21@example.org,XHDM02786348765612,2661.42,340.0,0
CUST_002476,Benjamin Bright,850-17-9955,crystalcohen@example.net,BWTY53161566785971,64129.93,,0
CUST_002477,Dean Holmes,344778426,hughesbrent@example.org,CAIF38524796554508,47536.5,838.0,0
CUST_002478,James Avila,036-74-5994,brandon21@example.net,SZRP88899949844060,8741.99,701.0,0
CUST_002479,Connie Harris,397607354,reedanne@example.net,QSTA20777308815302,55257.22,567.0,0
CUST_002480,Katrina Green,661-89-0285,katherine62@example.com,ELHR41279132533258,71107.61,810.0,1
CUST_002481,Michael Price,547120058,egarcia@example.com,IFED21154448502461,13670.14,365.0,0
CUST_002482,Mark Everett,808-39-0149,kevin01@example.org,VSXP30951460737204,29706.24,602.0,0
CUST_002483,Bradley Moore,446-69-6961,wbryant@example.com,CORK63436145501290,22715.99,604.0,0
CUST_002484,Stephen Roach,676-77-0028,cpotts@example.org,JMTZ83633209481685,27303.37,841.0,0
CUST_002485,Michael Hughes,162-43-0473,johnayala@example.net,YJMD87027392467831,34378.38,341.0,0
CUST_002486,Danielle Taylor,006-51-1179,pjennings@example.com,GTNS64773237249292,26278.04,682.0,0
CUST_002487,Stacey Doyle,098-26-4531,courtneyboyd@example.org,MALM92745056958261,16795.47,677.0,0
CUST_002488,Charles Rodriguez,150-89-6824,nicholas61@example.com,EYKR02562197476044,68313.19,323.0,0
CUST_002489,Karen Rice,474-37-7828,ujames@example.net,BIMJ30072476605313,64662.86,825.0,0
CUST_002490,Tracy Rodriguez,773958269,ronaldgarcia@example.com,ZHPP72424278412876,57788.79,411.0,0
CUST_002491,Jimmy Morales,093-93-0176,robin86@example.com,WSTR77999481940681,73663.65,639.0,0
CUST_002492,Lisa Fuller,775-90-8774,estafford@example.org,GEKZ86848106247165,50362.67,648.0,0
CUST_002493,Charles Smith,763-20-3923,omarvasquez@example.org,AKID52807864770169,17530.69,521.0,0
CUST_002494,Andrea Chapman,020-40-5889,jrobinson@example.com,MLYH81378956235435,18957.64,622.0,1
CUST_002495,Lauren Carroll,657-34-3460,rogersalisha@example.net,TLEJ05004510666058,60349.07,392.0,0
CUST_002496,Sarah Scott,519-78-6453,pamela91@example.net,HFEL70211686602892,58946.67,349.0,0
CUST_002497,Sarah Torres,605264633,ohaynes@example.org,PRDY54836115383366,14448.26,521.0,0
CUST_002498,Tamara Carlson,393-40-0943,samuel76@example.com,HJUE67845661155681,30201.84,335.0,0
CUST_002499,Brittany George,749-92-2193,hharris@example.net,AYYX17829614730748,37618.93,635.0,1
CUST_002500,Christie Tran,576-38-4970,,TNTZ94652174565898,58307.96,837.0,1
CUST_002501,Maria Moreno MD,435-11-3082,martinezkristine@example.org,QIDJ57955738156799,74793.36,330.0,0
CUST_002502,Janet Aguilar,419-38-8185,fergusonmaureen@example.net,FZPM39169497397687,62738.56,836.0,1
CUST_002503,Diane Ramirez,423-07-2497,johnsoncraig@example.com,PLHI09619975117563,52564.31,570.0,0
CUST_002504,Justin Hogan,179-39-3170,eperkins@example.org,ZFNT69672783322637,68049.23,303.0,1
CUST_002505,Luke Arroyo,217-87-9618,gina41@example.com,BBNP89726715691470,25607.34,359.0,0
CUST_002506,John Valdez,410-69-5499,edwardhuffman@example.net,IMAP15006652853004,47766.28,593.0,0
CUST_002507,Theresa Smith,388949003,lcharles@example.org,BAYM59774144201803,25392.75,327.0,0
CUST_002508,Mr. Andrew Price,352-65-3703,mdrake@example.net,PAIX66870817962116,54083.03,520.0,0
CUST_002509,Arthur Johnson,103-31-0343,angel96@example.org,RAXX16658136622208,24806.94,728.0,0
CUST_002510,Patrick Knight,878-39-3402,larry17@example.com,TSIP83488146082474,54669.91,433.0,0
CUST_002511,Mr. Andrew Lee,823-14-6424,melissa80@example.net,MNMC96213239295019,47101.09,645.0,0
CUST_002512,Jordan Foster,482-24-9847,burkejohn@example.com,OEMV70511938830904,55653.66,831.0,0
CUST_002513,Katherine Lopez,282-14-2566,ubradshaw@example.org,EYBC85905273118765,856.65,343.0,1
CUST_002514,Scott Johnson,761527080,christianashley@example.org,WHQJ10195992224924,26779.82,707.0,1
CUST_002515,Daniel Trujillo,815-15-7908,joshuabennett@example.org,WEEB97648618382559,11126.38,766.0,0
CUST_002516,Tyrone Higgins,453-26-2451,eric05@example.com,YLCQ20808617808713,57453.4,560.0,1
CUST_002517,Dennis Jordan,590-96-8816,mosleypamela@example.org,BXHN59592570727929,13346.99,411.0,0
CUST_002518,Nicholas Miller,805-22-6846,connornichols@example.org,XOEC37026167167270,67632.55,515.0,1
CUST_002519,Kelli Jackson,055-62-3789,,RGFA91431938415311,8245.06,611.0,1
CUST_002520,Adriana Figueroa,496-87-7519,tcampbell@example.com,RQPF87713042387680,14152.22,605.0,0
CUST_002521,Scott Stevens,665-34-4101,lindsey19@example.com,OXBT78525399138541,39409.9,717.0,0
CUST_002522,Brittany Ochoa,455130023,uhill@example.org,IIFV33440258855108,3531.73,679.0,0
CUST_002523,Jorge Huerta,122967372,xherrera@example.org,CKTU96460872547775,27302.33,366.0,0
CUST_002524,Victoria Davis,574-89-1456,erica16@example.com,EIPQ11016219897446,74649.95,561.0,0
CUST_002525,Troy Brown,823-79-0225,mendozajoseph@example.net,TDWT07044519649230,46595.06,730.0,0
CUST_002526,Corey Ferguson,578-72-3339,jessicastuart@example.com,JFKF46719306473908,21879.08,767.0,0
CUST_002527,Daniel Kelly,429-79-8132,dianecrawford@example.com,VTXL13331695432324,43235.61,554.0,0
CUST_002528,Jessica Butler,364-47-3572,abigailsmith@example.org,PZFY04397188842716,66494.05,499.0,1
CUST_002529,Jose Sanders,238-01-9066,jonesdeborah@example.net,IPNT64544066899425,60434.34,528.0,0
CUST_002530,Mary Russell,049-10-8931,gjones@example.org,PFDU39830200565723,41768.58,356.0,0
CUST_002531,Daisy Johnson,827-16-8399,brenda41@example.com,YXYN40695805184047,29548.53,420.0,0
CUST_002532,Mary Cooke,109-16-9145,susanberry@example.org,HFFQ55633660235217,12630.55,521.0,0
CUST_002533,Jamie Sanchez,223-05-9679,stephen76@example.net,AWKC02719058147960,16140.0,670.0,0
CUST_002534,Timothy Williams,747-01-4464,qgarcia@example.com,QKXI34645829546373,41867.07,317.0,0
CUST_002535,Gregory Williams,680-93-8236,nicholsjessica@example.com,ZEHJ25301281940011,71981.55,420.0,1
CUST_002536,James Allen,329454305,iyang@example.org,DJML66370704373751,1760.46,450.0,0
CUST_002537,Darrell Peters,378-13-4875,stephensmiranda@example.net,VRWJ76600974909126,49399.36,395.0,0
CUST_002538,Susan Garner,580-60-7576,miguel12@example.org,JBBJ89656084695449,4996.71,521.0,0
CUST_002539,Debra Johnson,152-96-1790,ltaylor@example.org,JABC52290401507629,51268.17,449.0,0
CUST_002540,Brian Espinoza,457-20-3407,robbinsstephen@example.com,SJHI22082419857787,69248.86,423.0,0
CUST_002541,Fernando Wright,327-42-9348,david41@example.com,PDUG61877497895352,17665.36,618.0,0
CUST_002542,Marie Hebert,306-39-2527,julie09@example.net,HNBJ38724308848606,62356.01,,0
CUST_002543,Kelly Cook,356015254,tanyamorrison@example.com,MSGH75790155088063,32285.74,700.0,1
CUST_002544,Cynthia Parker,031-24-7501,michael70@example.org,HPBI76809856835051,73463.62,696.0,0
CUST_002545,Gregory Goodwin,533-06-4714,xjohnson@example.org,IFSK03369368340211,24780.49,326.0,0
CUST_002546,Victor Atkinson MD,268465513,james23@example.org,JUSG09666349166055,20583.15,600.0,0
CUST_002547,Tracy Sexton,027-05-7310,jpatton@example.net,CTUZ31210811038773,30288.22,481.0,0
CUST_002548,Kyle Lewis,546-09-2948,staylor@example.net,ZQDS68706668843316,47976.53,447.0,0
CUST_002549,Kaylee Campbell,607-41-3518,xthompson@example.net,XBDI05439346989847,67126.74,751.0,0
CUST_002550,Thomas Franklin,389858781,hbrown@example.com,QACK35849620032302,33401.39,443.0,0
CUST_002551,Brenda Torres,422-64-7823,wilcoxcrystal@example.net,HQLK55505181761426,9858.08,319.0,0
CUST_002552,Jared Taylor,154-63-5551,christopherfreeman@example.net,CCAQ00264913597489,61863.46,693.0,1
CUST_002553,Lisa Williamson,026-98-0508,jacksongregory@example.org,CALY37256563373434,4542.96,569.0,0
CUST_002554,Nicholas Collins,294-23-1532,lkaufman@example.com,ZEOO60662595787441,72757.42,503.0,0
CUST_002555,Jason Mcpherson,778-76-8253,chenpatrick@example.org,IYUE19404789136716,23222.11,475.0,0
CUST_002556,Lindsey Boyd,048298421,janetrandall@example.net,WQWZ27941455097333,69501.09,775.0,0
CUST_002557,Mr. Samuel Bradley,256-13-1362,joneskimberly@example.org,RLXE70497344463464,7175.07,467.0,0
CUST_002558,Jordan Tran,178-30-2428,sheilagarcia@example.org,FXCU81595881236886,38253.73,625.0,0
CUST_002559,Amy Whitaker,089-97-3516,joshuabrown@example.com,VSKW22549457031768,8655.45,523.0,0
CUST_002560,Crystal Davidson,006-09-6660,heidi48@example.com,GBQD41423757454517,44237.9,472.0,0
CUST_002561,Randy Hamilton,117-62-1525,shawna22@example.net,MLOQ15916655172864,38025.28,396.0,0
CUST_002562,Debra Smith,532-42-3683,ortegacatherine@example.org,ETZW45319651644180,50994.68,404.0,0
CUST_002563,Courtney Garcia,512038576,estone@example.com,AYOY96199097989659,55439.19,811.0,0
CUST_002564,Kimberly Rivera,750-55-9019,andrewsanford@example.com,OIWS16716567098667,11691.51,394.0,0
CUST_002565,Brian Tran,094-11-6235,ijoyce@example.com,EUQL79401541506898,7226.52,498.0,0
CUST_002566,Charles Davis,801-26-4706,ginacastro@example.net,GIQB85149667571695,25180.39,803.0,0
CUST_002567,Hannah Garrett,173-94-4439,thompsonapril@example.com,UYVM99571395700168,64927.06,537.0,0
CUST_002568,Jenny Strong,165-20-5727,james62@example.org,ZRTV30381476040962,12879.85,626.0,0
CUST_002569,Helen Ray,220-03-3941,pmorris@example.com,AXSR53272720667549,55278.3,804.0,0
CUST_002570,Kent Barnes,153-75-4892,seanharvey@example.org,YILZ08830682948170,50896.27,421.0,0
CUST_002571,Laura Hart DVM,500019200,ealvarez@example.com,SCNG79800472028882,17314.22,714.0,0
CUST_002572,Kaitlyn Castaneda PhD,037763021,mackenzie42@example.com,VFXJ24431029932103,57222.47,685.0,0
CUST_002573,Maria Ibarra,339-96-5033,angel82@example.com,AZSQ31818034307148,47002.71,635.0,0
CUST_002574,Spencer Jackson,176-69-6531,frederick50@example.com,ULVT86858197488467,27136.06,643.0,0
CUST_002575,Bradley Hamilton,039-13-2572,jane18@example.org,NIOC74265884066124,42492.1,374.0,0
CUST_002576,Christopher Smith,049-49-3194,bowerscarlos@example.org,DWNB76210969262168,9975.18,707.0,1
CUST_002577,Michelle Vasquez,786-36-7503,lindaleonard@example.org,SEII32954056864296,39836.59,574.0,0
CUST_002578,Marcus Estrada,697-62-3277,holly14@example.org,QRSP06044620374457,65039.86,462.0,0
CUST_002579,Connie Elliott,178-60-1877,jessicathomas@example.com,CDIA78136649290703,71330.7,535.0,0
CUST_002580,Christopher Wilson,228-82-4602,roy66@example.org,BNVJ92225716400489,51701.19,819.0,1
CUST_002581,John Kline,472-46-6858,nicholas67@example.com,TPCQ01206335759979,63383.23,824.0,0
CUST_002582,Jay Miles,761-46-3271,monicacampbell@example.com,MOZI91348169403242,46767.97,819.0,0
CUST_002583,Ariel Montgomery,575-25-6922,charles46@example.net,WUED46100498359005,32826.12,665.0,1
CUST_002584,Claire Scott MD,051-64-5865,schmittbrittany@example.org,BKTV18376539790057,35558.91,491.0,0
CUST_002585,April Lee,811-13-2375,wardrenee@example.com,VGKI51364029422085,72246.03,365.0,0
CUST_002586,Brandon Brewer,786-01-3353,amylambert@example.org,STXL92419716655360,36681.57,453.0,0
CUST_002587,Scott Gardner,896-09-1631,priscilla68@example.com,WLGR36144917921651,63336.1,432.0,0
CUST_002588,Kevin Sanders,473291442,elizabethhernandez@example.org,FMDD73702153845035,59184.86,844.0,0
CUST_002589,Kevin Best,265-02-6292,jonesstacey@example.com,ZZYC24346662913621,46702.61,543.0,0
CUST_002590,Alyssa Phillips,112-26-3095,joe36@example.net,XDWE05849844753936,65017.96,699.0,0
CUST_002591,Katie Hansen,880-49-1446,jamesmurillo@example.com,ICOL18007565825548,1812.88,427.0,0
CUST_002592,Robert Hughes,414-57-3175,durhamjason@example.net,YQPT05073090729485,63862.36,574.0,0
CUST_002593,Craig Page,623-96-3127,ashleymartin@example.com,XMXF86338975470112,14306.1,661.0,0
CUST_002594,Diane Stevens,020-50-4598,harrismatthew@example.net,FQXY28815659604028,71348.81,845.0,0
CUST_002595,Courtney Poole,817806380,myersdustin@example.com,FTSZ24423506884393,16275.88,499.0,0
CUST_002596,Michael Shaffer,881-25-1996,ygordon@example.com,GRWE39192947874545,30070.03,566.0,0
CUST_002597,Nicholas Bailey,083-82-1994,daniel36@example.com,SFPT94812964548277,25010.54,794.0,0
CUST_002598,Curtis Sutton,805-49-1807,wbanks@example.net,JVOP29118844014708,12475.22,526.0,0
CUST_002599,Sharon Franklin,382-15-2641,fieldsemily@example.com,REVV84427180455912,27438.92,528.0,0
CUST_002600,Cheryl Chavez,127-84-2672,andrew82@example.org,JYUJ75636518370470,27376.97,326.0,1
CUST_002601,Andre Cox,580-60-2847,loricox@example.org,XEAH58139795196245,63684.23,632.0,0
CUST_002602,Rebecca Campbell,574-41-5151,derek05@example.com,ZSVT88552292977025,61777.08,529.0,0
CUST_002603,Mark Francis,150-27-0839,simsscott@example.net,XQXO29129896733537,66986.97,376.0,1
CUST_002604,Nancy Harris,290-63-0835,dawnlewis@example.com,XLLP63295166215674,3040.18,834.0,0
CUST_002605,Kristen Rivera,334-24-3054,hmyers@example.com,HQNV02687175840531,5993.77,672.0,0
CUST_002606,John Chapman,276-86-9270,ascott@example.org,FOIN00341058828703,24170.97,635.0,0
CUST_002607,Catherine Hobbs,645-04-2253,rcastro@example.net,TPBN44071253461155,15692.3,729.0,0
CUST_002608,Michael Pacheco,361-17-2407,joseconner@example.org,FBDL81130839531169,31681.88,624.0,0
CUST_002609,Michelle Brown,430-38-0459,cody83@example.org,RSNA71376670806060,52133.01,411.0,0
CUST_002610,Connor Thomas,298-56-1789,rachel52@example.org,RXIA14407904389353,12888.02,692.0,0
CUST_002611,Colleen Shah,179613930,melissabarber@example.net,JUWC13414812689265,35203.02,361.0,0
CUST_002612,Lisa Vasquez,682-76-7028,annette23@example.net,NZQR56069456847093,26754.49,540.0,0
CUST_002613,Amy Shaffer,829-97-3832,castillonancy@example.org,XIIZ94930784578449,11790.61,440.0,1
CUST_002614,Benjamin Mccullough,560-92-9839,nealkatelyn@example.com,ZJUM50286011837691,30914.27,632.0,0
CUST_002615,Brandon Wilcox,712-09-9222,charles10@example.net,QBDD04708444453256,40188.07,586.0,0
CUST_002616,Adriana Cooke,556-96-8538,tmay@example.net,ILXV26582165514620,24965.04,586.0,0
CUST_002617,Dustin Hansen,740-06-8066,douglasbutler@example.net,ZDJH77222855693149,59643.48,624.0,0
CUST_002618,Lauren Clark,557-41-1873,elizabeth49@example.com,CSVT03777311025375,22492.9,421.0,1
CUST_002619,Peter Goodman,049-57-6190,,BVAP46723979881188,9777.46,306.0,1
CUST_002620,Stacy Matthews,392-04-7961,thompsoncynthia@example.org,LKRV70425377696732,16832.79,537.0,0
CUST_002621,Patricia White,235342771,valdezjoseph@example.com,YZPE38057121662966,74335.61,418.0,0
CUST_002622,Billy Carey,759-30-3091,morsekenneth@example.org,RKXV44606889589932,25164.7,334.0,0
CUST_002623,Norma Banks,099-52-3535,colemandonna@example.net,PTKG48564504462404,50990.62,590.0,0
CUST_002624,Audrey Goodman,041-55-6467,brooksemily@example.net,YMYY41700033790474,43775.73,802.0,0
CUST_002625,Charles Hernandez,064-62-5399,andrewfischer@example.net,AWRY56902891708880,31441.96,751.0,0
CUST_002626,Amanda Watson,569-42-4441,josephhannah@example.com,OOEE69667349586015,9295.11,827.0,1
CUST_002627,Antonio Richards,518-31-7776,nicolebolton@example.com,CNPZ92127195261718,71202.59,371.0,0
CUST_002628,Crystal Cameron,311883962,xjohns@example.net,IRUK47133258196348,61134.88,436.0,0
CUST_002629,Jeffrey Davis,860-09-0573,snovak@example.org,MSDV53930581876240,63008.11,307.0,0
CUST_002630,Elizabeth Smith,079-71-1176,dhansen@example.org,SLXQ16189329865366,66353.9,832.0,0
CUST_002631,Garrett Klein,069-20-1323,krystallewis@example.com,OJYW36125142618912,34470.55,324.0,0
CUST_002632,Patrick Vaughn,646-38-1686,piercemeredith@example.com,GABV60328979573775,49719.38,481.0,0
CUST_002633,Kayla Blackwell,261945233,eric25@example.com,EBPE59403764941330,55885.41,671.0,0
CUST_002634,Shannon Young,753-25-3499,baileycory@example.net,JTWI22851413632558,42627.02,333.0,0
CUST_002635,Brittany Cervantes,079148464,blackburnandrea@example.net,HDCD37236790821352,50068.71,764.0,0
CUST_002636,Robin Short,022210293,annarussell@example.net,XBQP99333091389198,3508.78,486.0,0
CUST_002637,William Warren,793-58-7963,dmason@example.com,XQUD81433586283588,34016.09,520.0,0
CUST_002638,Michael Potts,598247730,gilmorebarbara@example.com,RPSB24464423598648,48982.4,490.0,1
CUST_002639,Cheryl Nunez,773-14-5503,gkelly@example.com,LIEZ24898014768983,43036.93,519.0,0
CUST_002640,Sarah Pearson,177-54-3114,jorgefleming@example.org,NVQX14034845453679,59854.92,377.0,0
CUST_002641,Michael Owen,730-45-7711,williamsbradley@example.org,QVCC75966144665849,12075.57,672.0,0
CUST_002642,Veronica Johnson,688-39-4731,ryanpham@example.com,DIAF23596065855229,14840.58,615.0,0
CUST_002643,Daniel Hamilton,715-87-0195,pruittbianca@example.com,RQZJ86181745757682,55646.33,804.0,0
CUST_002644,Lacey Fleming,055-42-5538,kristine13@example.org,HUZB36590774674334,42613.8,567.0,0
CUST_002645,Charles Kline,847-87-0797,riveraabigail@example.com,GYJH17274963188534,53519.56,419.0,0
CUST_002646,Dylan Smith,714-12-1480,glong@example.org,EMGF31078577884620,32629.1,491.0,0
CUST_002647,Melissa Martinez,082-83-5830,hamptonkaren@example.net,PFMH40188149774181,49837.4,779.0,0
CUST_002648,Kim Schwartz,542-52-8805,loganramirez@example.org,IQFX88276343946357,52947.86,634.0,0
CUST_002649,David Coleman,526-14-2376,riverajoseph@example.org,OJKO14727479319807,9365.46,328.0,0
CUST_002650,Chris Richardson,771-05-6529,davidwagner@example.com,HOHS97704145886136,29483.44,355.0,0
CUST_002651,Jason Smith,696-74-6652,ysloan@example.net,KYKI84004210997988,41342.86,776.0,0
CUST_002652,Taylor Valentine,645-24-0269,uhopkins@example.net,OSGS92783607989097,15399.22,681.0,0
CUST_002653,Brittany Rasmussen,388-34-6476,qmitchell@example.com,QHWH81013624083195,69284.84,341.0,0
CUST_002654,Stephanie Lane,269624700,adriananderson@example.net,NWGX22505467884880,48228.22,628.0,0
CUST_002655,Lisa Nichols,888-38-0522,alawson@example.com,XEHJ37142438801372,15358.88,395.0,0
CUST_002656,Amber Cruz,182-24-2460,tyler03@example.org,PHQV53751220721598,54597.4,656.0,0
CUST_002657,Kristina Rosales,335470645,mburton@example.org,UWCH37800684096429,65023.2,823.0,0
CUST_002658,Robert Brown,125-75-3087,zscott@example.com,YYAB82244913061085,30876.62,781.0,0
CUST_002659,Christopher Humphrey,162-93-1984,ashleywalsh@example.org,IDLD18222413295010,8195.35,707.0,0
CUST_002660,Amy Wolf,615755562,feliciamaynard@example.org,WRKQ14273502214916,8414.98,771.0,0
CUST_002661,Rachel Melton,498-53-3958,beckbrooke@example.net,KTPQ42814351941997,57738.96,391.0,0
CUST_002662,Alexander Baker,357-49-2387,sotochristina@example.org,XYDD54316701410488,2659.76,332.0,0
CUST_002663,Michael Marshall,734136974,eshah@example.org,UFWP36529397252056,56876.38,554.0,0
CUST_002664,Lauren Shaffer,470863239,fosterronald@example.net,OZTJ40130597253324,42677.23,,0
CUST_002665,Jessica Price,533-85-4190,gina15@example.com,QPRN19202285404026,48622.3,608.0,0
CUST_002666,Kirsten Campbell,486-05-5596,xturner@example.com,XUEF58481906045982,7084.63,591.0,0
CUST_002667,Sabrina Smith,653-18-6841,pwagner@example.org,VDPE91269815334533,69105.64,308.0,0
CUST_002668,Anthony Medina,367-56-5841,christian74@example.net,GDBW20852056459803,27856.06,317.0,0
CUST_002669,Angie Webster,216-10-1604,koneal@example.com,HYTY50444920954554,72559.56,689.0,0
CUST_002670,April Ramirez,879-42-5589,bradleykylie@example.com,SJIE28329958742796,60304.84,519.0,0
CUST_002671,Christopher Martinez,517764626,gmoore@example.org,ORUV64163882810592,43551.15,317.0,0
CUST_002672,Edward Ellis,645-47-5399,fbradley@example.com,NMLL63630043359015,13902.11,667.0,0
CUST_002673,Robert Henderson,839476819,dpotter@example.com,MXOG59283962577416,9340.19,327.0,0
CUST_002674,James Perez,189369579,ohickman@example.com,JAMG36558617110696,10133.86,793.0,1
CUST_002675,Andrea Doyle,229-90-4052,dstevenson@example.org,JGNT28515628379477,16925.91,806.0,0
CUST_002676,Lisa Tanner,643-82-0908,trodriguez@example.com,BPRN76053450358165,53976.84,,0
CUST_002677,Richard Sullivan,148-64-1614,christopherwalker@example.com,JRZP60857646036324,9049.45,588.0,0
CUST_002678,Jennifer Bender,471-90-7086,zgomez@example.net,XKNN73906072772365,71445.04,462.0,0
CUST_002679,Dennis Mercer,467-56-4439,robertoturner@example.net,PUDN40226123494572,53130.05,,0
CUST_002680,Heather Duran,495-02-5574,malloryholland@example.net,UCAS95781833807033,67834.77,808.0,0
CUST_002681,Helen Figueroa,089-09-0704,alexanderdaniels@example.net,BRYK19838606962498,58906.39,366.0,0
CUST_002682,Jennifer Murphy,539453176,zdavis@example.org,OLQM38040441616613,21020.79,476.0,1
CUST_002683,Phillip Sanchez,471-09-3531,stephenbarker@example.com,JZQZ08805749875840,60661.63,772.0,0
CUST_002684,Randall Graves,813-87-7295,mariarichardson@example.net,VJYI45890573019952,59693.06,826.0,0
CUST_002685,Valerie Allen,773269174,randy36@example.net,MNHN30512816379963,30649.24,535.0,0
CUST_002686,Jennifer Martinez,245-34-3185,,YUKO00150343162923,11721.51,828.0,0
CUST_002687,Mary Cole,146-33-6063,,AKPJ92138606828972,27151.41,409.0,0
CUST_002688,Dennis Newman,331763701,michael71@example.com,YHDV07690700960896,52674.93,774.0,0
CUST_002689,Darren Ross,164-55-8254,scott08@example.org,WVDL63360610132312,3568.17,534.0,0
CUST_002690,Steven Spencer,834131258,jfox@example.net,NTBG50342062895804,72732.68,582.0,0
CUST_002691,Valerie Patterson,754-52-8700,christinabrown@example.org,HSFC14367858733466,14339.8,317.0,0
CUST_002692,Jacqueline Hayes,290-35-5523,jon83@example.com,XPGP03877464385088,26327.68,736.0,0
CUST_002693,Leslie Hall,899-16-8537,icarson@example.org,UQRP42109438054794,41874.97,641.0,0
CUST_002694,Jose Guzman,422-97-5498,jill89@example.com,YWOL39398567600427,29894.78,750.0,1
CUST_002695,Robert Mahoney,455-84-9079,coopergina@example.net,UGVY38053634716780,10742.97,661.0,0
CUST_002696,Kenneth Davis,519743317,hamptonbernard@example.net,JILZ29258249148087,35362.76,332.0,0
CUST_002697,Stephanie Lowe,782-40-1940,murphyrobert@example.org,PMYQ69461841657141,72363.61,325.0,0
CUST_002698,Steven Simmons,798-04-3587,,NFIN30257865357866,49823.51,427.0,1
CUST_002699,Kristopher Hunt,708-21-7879,ydavid@example.net,WFIK86154799844185,17314.37,369.0,0
CUST_002700,Jeremy Holder,156-63-3006,josephhale@example.com,SUBQ23710596023398,52081.07,303.0,0
CUST_002701,Terry Alexander,477-16-6289,darrenstewart@example.org,KRXW11625969718511,12495.1,561.0,0
CUST_002702,Diana Carrillo,730-88-4399,hoodryan@example.net,QBTZ62786118919283,62174.89,808.0,1
CUST_002703,Aaron Carr,372-81-4114,williamprice@example.com,BVQH58897435408584,47735.56,366.0,0
CUST_002704,Victoria Ferrell,205963323,zharris@example.org,VKNO53866881453924,28357.7,599.0,0
CUST_002705,Cynthia Bishop,112-74-2094,stewartveronica@example.net,MVJB81944489020842,36114.13,350.0,0
CUST_002706,Jamie Mayo,437-97-6105,rebeccajones@example.net,NIWI82961205287001,57045.73,747.0,0
CUST_002707,Thomas Keith,653-54-8117,nielsenscott@example.org,ZEEL62443762920665,44431.66,,1
CUST_002708,William Alvarez,789109115,melissa69@example.org,OBCB95575388257843,68285.85,469.0,1
CUST_002709,Jessica Young,211608493,brian71@example.net,WCWX78188758158918,15682.84,352.0,0
CUST_002710,Kelli Lara,040-08-3174,idorsey@example.com,LPCL62100047194065,6221.22,356.0,0
CUST_002711,Ashley Dillon,282-61-0068,mataphillip@example.org,CJNG91027423783762,49363.23,565.0,0
CUST_002712,Brian Baldwin,839-64-7163,anthonybush@example.net,XLNW29266923620134,59838.53,540.0,0
CUST_002713,Gregory Wagner,690-55-4090,ukerr@example.com,MEQD18031968853591,37586.49,759.0,1
CUST_002714,John Gonzalez,134-71-8500,dawnwalker@example.org,OQQW82459198781339,1192.19,850.0,0
CUST_002715,Corey Phillips,116-26-6898,burnettaustin@example.org,WWOK41387055440547,1805.45,372.0,1
CUST_002716,Nancy Barker,011-01-4522,karen45@example.com,XUJS91410717878967,9937.17,423.0,0
CUST_002717,Keith Alvarez,124-21-2606,uvelez@example.org,TJEP53737326953724,69496.22,750.0,1
CUST_002718,John Smith,590-46-3868,,JUUH69200912585340,4159.44,326.0,0
CUST_002719,Benjamin Rivera,586-81-9827,danielvelez@example.com,IBCG74896782637692,6574.13,484.0,0
CUST_002720,Gary Schultz,166-60-0175,qjones@example.com,VJYP94050515949060,6408.53,386.0,1
CUST_002721,Kristin Collins,592575956,charlesbecker@example.org,BBYT17195372817740,19916.42,469.0,0
CUST_002722,Jesse Allison,871-71-8982,iarnold@example.net,LXJK16433982883670,54328.51,701.0,0
CUST_002723,Jennifer Santos,389-41-9081,craig30@example.org,VWPX57198872307557,47471.84,573.0,0
CUST_002724,Bradley Sims,731-11-0475,meredithmiles@example.net,XTGF20646206672983,59180.55,733.0,0
CUST_002725,Jeffrey Day,539-11-7237,pthompson@example.net,FTMG80264928031512,18232.42,799.0,0
CUST_002726,Andrew Reid,553-82-1753,samanthasanchez@example.org,FLOQ36368123053252,24664.67,686.0,0
CUST_002727,Jeremy Fowler,341-23-0772,jane09@example.net,PGQQ80122124365210,60263.27,707.0,0
CUST_002728,Christopher Nash,062-10-1861,rebeccabryant@example.com,CCTU71580851115041,52501.83,589.0,0
CUST_002729,Troy Vasquez,111771528,hilldaniel@example.org,BQFM70390973807991,70134.52,739.0,0
CUST_002730,Kyle Velasquez,479-43-3733,tmcgee@example.com,IMWR81756109583483,376.95,646.0,0
CUST_002731,Cheryl Lucas,862-35-0575,allison58@example.net,TTXB52334750917835,56883.72,,0
CUST_002732,Samuel Mckinney,106-05-4671,kimberlyjohnson@example.org,CDRL57717077576627,71991.63,527.0,0
CUST_002733,Tara Pearson,575-50-1908,djacobs@example.net,PGWX53868281597800,2602.14,746.0,0
CUST_002734,Patrick Jackson,409-23-6785,candicecooper@example.net,KHIW75507481444394,56343.59,,0
CUST_002735,John Gregory,092-25-6055,zwilson@example.com,WQDW38334941552992,6233.23,375.0,0
CUST_002736,Dana Andrews,798587733,lorispencer@example.org,ABCG11378718797892,54220.2,666.0,0
CUST_002737,Allison Brock,187-47-6057,michellemeyer@example.net,ZBTU06250946660506,61466.51,509.0,0
CUST_002738,Zachary Lee MD,649-57-3754,carrollalexis@example.org,OGOU84070419024161,67030.41,649.0,0
CUST_002739,Dan Wright,461974813,mary15@example.com,ZGYB19251864704855,38083.79,,0
CUST_002740,Angela Johnson,735-14-5222,richardchase@example.org,LBGP15007488382682,67935.4,585.0,0
CUST_002741,Alexander Atkinson,478-32-6944,sharon87@example.net,PVVY67957571869725,31883.29,332.0,0
CUST_002742,Erin Ellis DVM,061-76-3230,hcoleman@example.com,UWSI92315110817831,30937.51,364.0,0
CUST_002743,Stephanie Cooper,272-74-3207,langtimothy@example.net,NLQQ18837606171255,4432.69,828.0,0
CUST_002744,Angela Dixon,464148004,maria63@example.com,FNIB83444340288559,47101.76,302.0,0
CUST_002745,Cynthia Smith,126-17-6450,aliciastevens@example.org,PSAG81868320073865,5511.27,577.0,0
CUST_002746,Kim Patterson,268-47-3233,hullrobin@example.com,EISO61934877601310,24146.83,489.0,1
CUST_002747,Holly Wright,291-24-9491,newmanjason@example.com,DREY65227106846665,46043.35,554.0,0
CUST_002748,Elizabeth Morris,486962232,gregorysusan@example.org,ISOG64567121249876,23026.99,818.0,0
CUST_002749,Alan Patrick,087991258,staceyjohnson@example.net,WTCH96839028297672,25191.52,567.0,1
CUST_002750,John Jackson,297-43-7399,sampsonashley@example.com,WHGN68949492783677,9674.96,484.0,0
CUST_002751,Mr. James Willis DVM,854-37-4452,,LISY68472760412817,52122.81,690.0,1
CUST_002752,William Davis,569-06-8795,jamesann@example.com,MGFI70042955471200,31397.4,363.0,0
CUST_002753,John Whitney,622740840,wayne41@example.net,EHTU97767532999839,29313.88,731.0,0
CUST_002754,Michael Henderson,770559863,amberbaker@example.org,YUYW48246411880346,38357.42,566.0,0
CUST_002755,David Williams,289-50-4681,veronica90@example.org,QCAY63707218508226,1370.38,608.0,0
CUST_002756,Christian Ruiz,498-04-1241,john87@example.net,PLFJ00175504935781,3045.35,685.0,1
CUST_002757,Darlene Molina,396-22-8792,jason37@example.com,EVRH92912381187400,64548.1,745.0,0
CUST_002758,John Mason,254-83-4014,kevinyoung@example.net,BXUG56729442472226,11718.11,618.0,0
CUST_002759,Andrea Bryant,026-80-8311,simonzachary@example.org,MBYV32227561758344,40082.61,329.0,0
CUST_002760,Michael Perez,032-98-3611,,WXSW24241296359752,16165.32,818.0,0
CUST_002761,Donald Torres,804777591,tracypatterson@example.org,BAZT29367785145549,27399.49,714.0,0
CUST_002762,Christina Santana,110-50-5406,danielheath@example.com,FZHG48337557378513,31114.41,596.0,0
CUST_002763,Courtney Hall,232-30-5998,ojackson@example.net,ILMW96757057171591,16782.11,354.0,0
CUST_002764,Brenda Donovan,651-84-2099,antoniocherry@example.com,ZLKA13584103411373,8440.28,455.0,0
CUST_002765,Renee Stephens,553533742,bedwards@example.net,HRFE60686866307099,66042.24,785.0,0
CUST_002766,Robert Sanchez,454-48-3120,christineprice@example.com,DSFT95911029849383,1595.04,380.0,0
CUST_002767,Brent Grant,390-40-1817,morganvirginia@example.com,QXMG20130653323969,72917.12,815.0,0
CUST_002768,Amber Smith,289-59-0051,jacobbutler@example.net,JWYV46592396597826,74499.7,,0
CUST_002769,Kendra Keller,227132638,collinsnatalie@example.com,AQQY84391349731053,38478.41,705.0,0
CUST_002770,Ryan Roth,097-06-1596,katherine06@example.org,FQEH61601097289382,5474.48,,0
CUST_002771,Andrew Morrison,318-43-3296,carlsonmichele@example.net,XTPZ84970420977663,33181.71,718.0,0
CUST_002772,Christina Weiss,797-59-6103,perkinsjoshua@example.com,UIEE36532714725076,10619.24,413.0,1
CUST_002773,Tammy Gonzalez,167-20-5180,qwatson@example.net,IQHC74936016168763,56859.02,790.0,0
CUST_002774,Kristen Martinez,689-27-3803,alyssa23@example.com,HMGT17013898810295,64913.08,845.0,0
CUST_002775,James Rogers,449-58-6901,lunarichard@example.net,EVEH42264101442305,27321.43,571.0,1
CUST_002776,Melissa Bradley,255-91-1643,qjacobs@example.com,UELD74342108439889,51951.07,538.0,0
CUST_002777,Tyler Salinas,385-83-9039,kristen97@example.com,NQAY26874851176612,71226.78,348.0,0
CUST_002778,Diana Espinoza,188-43-4767,taylor34@example.com,NJZN92659028277469,21033.12,778.0,0
CUST_002779,Mr. Christopher Mullins,295-54-6008,stephanieedwards@example.org,ZOVR20013768352813,7910.98,498.0,0
CUST_002780,Connor Williams,810637597,bowendana@example.org,UPUB57267798300203,45915.63,803.0,0
CUST_002781,Caleb Cruz,073-77-8758,justin80@example.com,CLGF38840995550627,32598.32,707.0,0
CUST_002782,Danielle Alvarez,202-62-0610,frank14@example.org,MOXM46290651651265,55540.74,801.0,0
CUST_002783,Christine Peterson,487-52-3936,zacharypena@example.org,LEHR77870009854506,51223.77,,1
CUST_002784,David Young,406548800,allenryan@example.net,GKJU33606203760207,59990.31,368.0,0
CUST_002785,Laura Lopez,281-35-9957,delgadopaul@example.com,UONA79046600559319,24335.82,499.0,0
CUST_002786,Debbie Cooper,649-06-8542,hamiltonangel@example.com,TBFZ87982622555741,53798.59,815.0,0
CUST_002787,Carrie Johnson,682-29-3095,joyhughes@example.com,HIAS16169313336345,16828.64,612.0,0
CUST_002788,Lisa Ward,478-39-0299,lvazquez@example.com,ILZQ16494615286815,55393.13,827.0,0
CUST_002789,Carol Hernandez,564-75-7175,collinsbrett@example.com,SDOU90608125706029,38321.24,368.0,0
CUST_002790,Melissa Ortiz,030-11-6612,raymond24@example.com,PLTM50002197976470,68717.63,668.0,0
CUST_002791,Christian Fox,679-38-8178,patrick78@example.com,NEKN95125162802614,39898.56,670.0,0
CUST_002792,Joanna Hess,626-12-7318,adamsdaniel@example.org,DGNQ19480446358002,58713.01,409.0,0
CUST_002793,Jessica Owens,071-93-8370,claireraymond@example.org,FTBL88841936263134,50048.62,546.0,0
CUST_002794,William Webb,596-89-7408,scottclaire@example.net,DSVH85222931142311,38193.17,561.0,0
CUST_002795,Destiny Skinner,079-17-9788,amandahorton@example.net,VSYR83120605395432,31631.66,840.0,0
CUST_002796,Amy Mullins,546727964,khanrobert@example.net,IGCA74914876427300,4099.53,622.0,0
CUST_002797,Teresa Marshall,176-67-1716,oware@example.net,XURG29240116280168,62900.8,440.0,0
CUST_002798,Cynthia Hester,024-07-2459,fvega@example.org,UXBO72188906650565,73980.42,690.0,0
CUST_002799,Jose Stephenson,796-92-2821,hunterbarbara@example.net,NCOE77539954316118,41534.4,531.0,0
CUST_002800,Audrey Watson,038-96-0811,guerramelanie@example.org,HBAJ49229468976166,7291.85,415.0,1
CUST_002801,Derek Delgado,560545138,marshalltheresa@example.net,BZPH78665571955729,61176.81,515.0,1
CUST_002802,Bruce Ward,679060497,thompsonmichelle@example.net,VUWU37272590635931,43144.59,517.0,0
CUST_002803,Anna Brown,703-33-5595,williamfranklin@example.net,FXIQ61311035807710,16866.47,302.0,0
CUST_002804,Sean Hall,202-60-5638,crandolph@example.net,MHQV45354681966230,8153.38,330.0,0
CUST_002805,Steven Davenport,374-58-5744,carlzamora@example.org,CKCW80778336826144,60053.88,792.0,0
CUST_002806,Brent Sullivan,208-78-8120,joshua40@example.org,NNRT74275714891255,13795.99,692.0,0
CUST_002807,Misty Olsen,281-04-2266,antonioboyd@example.net,VXKR66849272545283,41253.96,626.0,0
CUST_002808,Matthew Chambers,604-08-1012,billy77@example.net,XCEF94397150102394,3076.03,794.0,0
CUST_002809,Robert Eaton,638-09-1201,mlane@example.org,ITUD92832495110967,9938.08,622.0,0
CUST_002810,Timothy Moss,498-71-2878,wongjaclyn@example.org,ZJXO87762974679307,59152.96,335.0,0
CUST_002811,William Palmer,747-59-3161,millermonica@example.com,PTZA06846428734576,56245.56,486.0,0
CUST_002812,Patrick Randolph,080-26-6881,jeffreyyoung@example.net,JXTF58674564431328,55535.68,,0
CUST_002813,Samantha Chang,112-66-7827,fgarcia@example.net,XETW04608467407248,32411.33,,0
CUST_002814,Tina Schmitt,436-11-3914,austinbrown@example.com,ARZI81527711527507,68668.56,606.0,0
CUST_002815,William Hughes,818-97-9824,hellis@example.net,HYFF36281979911130,70666.01,588.0,0
CUST_002816,Matthew Cox,505060891,klewis@example.org,OSNZ97816266714168,61254.84,575.0,0
CUST_002817,Ronald Stuart,636209080,drew78@example.com,ZEOC21519709627316,57861.92,499.0,0
CUST_002818,Sherri Harrison,109-35-4362,swebb@example.net,XCOQ40548512061268,39839.34,714.0,0
CUST_002819,Nathaniel Lane MD,431-35-2602,stewartchristopher@example.net,LQUT27812598339919,40265.14,832.0,1
CUST_002820,Kristina Lewis,503-55-7654,sharonmoore@example.com,EWZM10912827756539,49361.09,796.0,0
CUST_002821,Zachary Ellis,717-95-6654,katrinawashington@example.com,FNVN77301423527943,31870.95,671.0,0
CUST_002822,Amanda Hernandez,719-64-2352,matthew35@example.com,IPQW48605641310666,51837.62,542.0,0
CUST_002823,Sara Fleming,151-56-2812,thomassmith@example.net,ATSB14806810659503,57182.04,667.0,0
CUST_002824,Robin Larson,266925842,dabbott@example.org,UJGE26027846240683,65387.47,689.0,0
CUST_002825,Evan Anderson DDS,649-69-8118,mary55@example.org,GYAP10564006741586,70742.41,677.0,1
CUST_002826,Donald Macdonald,879-37-3204,vdiaz@example.com,OKPN44963921481964,38042.51,420.0,0
CUST_002827,Eric Chase,735-94-1594,qfrench@example.org,CSCW60022265679926,9916.72,603.0,0
CUST_002828,Courtney Frazier,552-60-5938,fhill@example.org,JQVX08965861469211,59691.22,448.0,0
CUST_002829,Amber Johnson,054-65-6682,jennifermeyer@example.net,FWQP67044471869413,32398.56,481.0,0
CUST_002830,Richard Aguilar,344-30-5490,courtneyball@example.com,HKXW57142709319121,5120.83,354.0,0
CUST_002831,Eric Jones,079-92-1950,anthonyhoward@example.org,DFNN62068566090288,54721.55,572.0,1
CUST_002832,Dylan Reynolds,524-03-0415,sarah52@example.com,ZMCK54277141045288,27650.05,346.0,0
CUST_002833,Eric Hansen,416-30-6805,,AKWD85464137281122,10185.96,675.0,0
CUST_002834,Donna Atkins,198-19-0533,mccarthyronald@example.net,KLIR59975265700562,3258.47,708.0,0
CUST_002835,Mark Armstrong,152-16-2461,harveysarah@example.net,TNFT39561361510037,3489.51,475.0,0
CUST_002836,Steven Abbott,721-79-1032,mary78@example.com,YMBB77571555623947,12910.71,466.0,1
CUST_002837,Daniel Anderson,860-52-2196,jessica03@example.org,TWVX09519809599056,20639.89,359.0,0
CUST_002838,Tammy Griffin,006-55-4813,brownbrian@example.net,LHAQ70330246776968,13299.0,568.0,0
CUST_002839,Dale Harris,290-74-1520,eroman@example.net,VCAP29967224855157,28906.2,682.0,0
CUST_002840,Jeffrey Morales,572-44-3419,williamgriffith@example.com,BBHU57058334943747,47931.77,360.0,0
CUST_002841,Darren Horne,354-38-1000,xhudson@example.org,SUVH41152564165064,63209.96,411.0,1
CUST_002842,Raymond Davis,486-16-6024,jane67@example.org,IQEM82725639300922,55938.63,344.0,0
CUST_002843,Kathleen Harrison,887-79-6077,,DWPZ42115219269360,3519.63,439.0,0
CUST_002844,Elizabeth Wright,740-63-0591,jking@example.org,USRN88635941230756,23200.21,315.0,0
CUST_002845,Angela Rivera,283-08-4012,thomasnelson@example.com,LNGQ51603121914423,48850.26,816.0,0
CUST_002846,Brian Craig,395-21-9965,mromero@example.org,INIF25592271920744,16638.75,444.0,0
CUST_002847,Courtney Henderson,752-58-0687,harrisoncharles@example.com,UQJK38129166040098,15607.06,722.0,0
CUST_002848,Warren Walker,453224868,kimberly50@example.org,WCRI74400054312226,8225.31,390.0,1
CUST_002849,Brooke Jenkins,453-09-6232,amy35@example.org,QSGJ76499523253774,35297.19,618.0,0
CUST_002850,Ms. Morgan Bruce,543-73-1023,sarahruiz@example.net,JLJX62605538555885,4839.6,564.0,0
CUST_002851,Tamara Lam,108-99-6993,orozcorebecca@example.net,IIXT95853911130832,29947.77,487.0,0
CUST_002852,Robert Delgado,098-01-0906,wcampbell@example.net,ONEL19731029833126,59195.42,668.0,0
CUST_002853,Jamie Jenkins,532-84-1266,melinda93@example.com,RRVU87105484043800,65287.46,455.0,0
CUST_002854,Briana Cox,536-72-8586,brett32@example.com,EEHY39364695494659,32374.34,739.0,0
CUST_002855,Marilyn Butler,463-18-5572,tuckerchad@example.org,OTCN29077269252320,18478.51,606.0,1
CUST_002856,Arthur Palmer,343-65-7713,dharris@example.com,ARJB75882227248599,23502.92,533.0,0
CUST_002857,Jeremy Martinez,589-74-9446,gabrielle50@example.org,HRMP67703737967280,21992.6,441.0,0
CUST_002858,Charles Richardson,238515119,charles87@example.com,FGKP82239497083406,69489.4,351.0,0
CUST_002859,Nicole Willis,198-22-0323,sgeorge@example.com,OUJK99418836808988,72049.53,463.0,0
CUST_002860,Olivia Lee,558-74-7636,tammyalvarez@example.com,XQYC75525391255250,40333.58,641.0,1
CUST_002861,Lori Dixon,354687032,olevine@example.net,BVFP87033215836303,22865.23,328.0,0
CUST_002862,Elaine Cordova,067-69-8374,craigpeter@example.net,MAJQ98833628175060,5791.77,402.0,0
CUST_002863,Kimberly Price,210-69-6185,paul10@example.net,UWLC31914296730746,51344.19,445.0,0
CUST_002864,Bianca Snow,067-53-2376,,ORWY12779491765589,3575.75,481.0,0
CUST_002865,Jesse Mccall,697408050,stevensonbrenda@example.com,JUDQ56233383167290,17152.49,574.0,0
CUST_002866,Margaret Huber,490-83-0559,bonnieanderson@example.net,DXTL13074552900359,5743.32,438.0,0
CUST_002867,Mark Gomez,825-63-9995,richardgabriel@example.org,ENHZ03078371642946,26479.5,360.0,0
CUST_002868,Monica Bailey,052660242,brian76@example.org,ZDVN03089925631140,3333.43,627.0,0
CUST_002869,Melanie Black,398-23-1832,stephanie76@example.com,OPRD28933234542231,65827.34,565.0,0
CUST_002870,Terry Bennett,124164318,zavalajulie@example.com,UNKO07621416350214,2808.85,804.0,0
CUST_002871,Jason Wright,476-01-2494,juliebarnett@example.net,JKKQ20094124451619,44419.51,350.0,1
CUST_002872,Mrs. Patricia Crawford,125-25-5191,gregorydavid@example.com,ZQHZ23236770989534,1617.8,536.0,0
CUST_002873,Alyssa Carrillo,773-09-1698,paigejones@example.org,YLEI89930871301618,21232.34,,1
CUST_002874,Duane Patton,108-56-3816,heathertorres@example.org,MDBS06102967469778,43212.85,303.0,0
CUST_002875,Kenneth Bennett,242-20-2475,kimberly96@example.org,LLOJ90857471771556,2943.34,591.0,0
CUST_002876,Kyle Jordan,020-37-8396,johnathanrodriguez@example.com,DZRU15899609932634,71633.59,644.0,1
CUST_002877,Christopher Hawkins,887759950,osaunders@example.net,ECOY38101897332471,25631.17,549.0,1
CUST_002878,Donna Miller,021-88-8995,courtney34@example.com,BGDY69728188584073,28788.14,334.0,0
CUST_002879,Susan Chase,384-61-7459,austinhodge@example.org,TYQW67589701542270,48131.46,707.0,0
CUST_002880,Joshua Burns,463-90-1297,nancyduncan@example.net,XKWH68890896435382,5063.42,696.0,0
CUST_002881,Jennifer Lara,155-64-2049,susan47@example.org,IXCC53091270736620,17743.51,790.0,0
CUST_002882,Megan Diaz,709-81-7277,sarah68@example.org,SSYN74507162392526,15944.2,498.0,0
CUST_002883,Brooke Stanley,879-02-7790,catherine33@example.com,DFAB56555304074393,27810.13,530.0,0
CUST_002884,James Tucker,078-89-2002,lboyd@example.org,TUFJ23844823289017,63411.6,642.0,0
CUST_002885,Sheila Tran,543-60-0107,misty19@example.org,RGSV54345712840384,5002.33,517.0,1
CUST_002886,Elizabeth Johnson,373969282,sherrytran@example.net,ZDRU73233519509623,21083.11,770.0,0
CUST_002887,Lindsey Morgan,766651112,stephanie80@example.com,RHHG37873358058299,71000.38,453.0,0
CUST_002888,Joel Ramirez,537-62-0982,mary80@example.com,TKCL56746422730063,650.12,332.0,0
CUST_002889,Tara Chan,804-06-1860,marygonzalez@example.com,VRTD92944763377993,3002.81,550.0,0
CUST_002890,Anthony Thompson,762-09-3737,lmartin@example.com,NAIS19179970579731,38037.97,548.0,0
CUST_002891,Nichole Peters,444-04-7738,,LPQJ19032221138869,33027.42,439.0,0
CUST_002892,Valerie Bailey,748-40-0154,jeffrey74@example.net,YSKP24168584536981,73133.35,767.0,0
CUST_002893,Allison Harrison,684-22-6361,qgreer@example.com,FUZG08107993456513,40498.79,631.0,0
CUST_002894,Charles Young,876-90-2643,reneegonzalez@example.net,HXHT62599917802715,44316.55,733.0,0
CUST_002895,Mathew Flores,193-41-7433,michaelthompson@example.org,NDOD68138358178105,31140.56,483.0,0
CUST_002896,Joshua Walker PhD,176-21-7951,rodriguezerika@example.com,WGUY57961444005799,38809.89,379.0,0
CUST_002897,Chad Johnson,296-21-2427,steven04@example.org,NLKB65302006865232,9019.22,755.0,0
CUST_002898,Kelsey Jacobson,706717254,duane93@example.org,QJQK01367245089320,56271.04,306.0,0
CUST_002899,Cindy Howard,117837704,htaylor@example.net,MTJI64310291209765,59542.26,475.0,0
CUST_002900,Jonathan Smith,459-46-1000,owensmichael@example.com,TFOS97934832948074,42750.23,800.0,0
CUST_002901,Christopher Smith,580-03-8686,milessteven@example.org,LBHU16815736640968,57846.59,815.0,0
CUST_002902,Thomas Berry,028401506,meyerkenneth@example.org,VJOM59544088885037,54639.92,620.0,0
CUST_002903,Crystal Hester,204-78-7966,,SYNA46208738432215,51650.26,690.0,0
CUST_002904,Ryan Perez,032-56-5644,charles90@example.com,LEHQ15474329955755,25145.04,542.0,0
CUST_002905,Brittney Briggs,711-18-8607,rpope@example.org,UIIH29792022212370,4571.24,684.0,0
CUST_002906,Marvin Rogers,143329001,olee@example.com,VXNA05206108410697,12514.56,821.0,0
CUST_002907,Jessica Figueroa,853243473,changdeborah@example.com,PGMX42178572280436,6746.07,826.0,0
CUST_002908,Stacy King,114-05-2840,jeffreyhughes@example.org,TCSC80981745527537,12911.24,518.0,0
CUST_002909,Lauren Trujillo,443-92-5364,hjones@example.net,RMJC16927703893136,16762.2,459.0,0
CUST_002910,Donna Tucker,024299098,domingueztyler@example.com,TPES31901018554057,48939.94,434.0,1
CUST_002911,Michael Malone,411-20-0822,ajackson@example.net,IPJT07923285337362,73032.33,668.0,0
CUST_002912,Teresa Medina,289-24-2192,james49@example.org,HDRW58521862539563,55046.81,313.0,0
CUST_002913,Sarah Davies,346-84-8681,msmith@example.org,SGZI26926344483041,53436.76,452.0,0
CUST_002914,Allison Garcia,526036689,mario02@example.com,UOPZ28675668073457,63711.73,430.0,0
CUST_002915,James Gibson,535-11-3386,jeremy44@example.com,JPEE31464202076579,67337.59,433.0,0
CUST_002916,Victoria Snyder,793-53-7896,brian95@example.org,OXMX23696637861204,29388.4,302.0,0
CUST_002917,Belinda Lopez,148348994,ingramjoseph@example.com,MZUT25191155652927,16926.09,750.0,0
CUST_002918,Crystal Paul,035-25-9923,uwarren@example.org,PTHG83950278626314,40063.81,435.0,0
CUST_002919,Maria Collins,476-54-2000,cookamanda@example.com,JCFA11906773685237,6269.24,375.0,0
CUST_002920,Steven Henderson,423-62-8567,gmiles@example.net,SVYP38400811052124,11513.66,,0
CUST_002921,William Miller,481-57-7502,deannawright@example.net,RMYM45338373310747,72384.75,582.0,0
CUST_002922,Sarah Gonzalez,168471177,aaronmontgomery@example.com,NICI41275798802720,60010.11,,1
CUST_002923,Mrs. Cheryl Garcia,124-51-3214,fjones@example.org,LKJX67004758701280,30142.64,677.0,1
CUST_002924,Justin Keller,296119849,itaylor@example.com,QGBD53527800560886,71530.53,341.0,0
CUST_002925,Christina Morris,426-91-8833,james93@example.org,ZDZT44746905792321,38166.95,703.0,0
CUST_002926,Lisa Hansen,375-53-8398,ksharp@example.com,KMEW41951786318927,58633.3,607.0,0
CUST_002927,Timothy Dickerson,224-89-4983,ytran@example.net,WOWG79956880859665,51206.76,493.0,0
CUST_002928,David Lane,331827808,dominguezjeffrey@example.org,IQAD05118426410220,45141.14,471.0,0
CUST_002929,Michael Blair,631-22-6610,davisstephanie@example.net,MFXO38276067062509,66095.85,420.0,0
CUST_002930,Gerald Scott,049-11-9221,elewis@example.org,WBTZ56069932323673,49742.58,651.0,1
CUST_002931,Ms. Mary Sanchez DVM,842-03-9931,amber35@example.com,YFAX27221631741993,7156.6,827.0,0
CUST_002932,Matthew Henderson,216-65-1379,eddierich@example.org,NSFH26624299663907,36720.92,400.0,0
CUST_002933,Kevin Harris,094-71-9684,matthew49@example.com,AFHU70609314173361,22990.69,386.0,0
CUST_002934,Casey Fleming,226-58-0264,hensondaniel@example.com,LCWZ52385897250671,41757.77,545.0,1
CUST_002935,Louis Wilson,541-10-8279,denise89@example.org,MJJH90153395833265,34300.45,491.0,1
CUST_002936,Jane Lloyd,394456481,,UMJK90300679913468,18036.95,507.0,1
CUST_002937,Jean Larson,498-91-0907,uclark@example.com,JPEN72340688772753,52833.64,674.0,0
CUST_002938,Miguel Anderson,651-04-5398,bsullivan@example.com,UEDR08931698237995,53766.98,678.0,0
CUST_002939,Robert Mcclain,642-56-0332,daniel01@example.net,HLZF67565298053036,50473.03,811.0,0
CUST_002940,Sarah Ward,251-98-5462,christian72@example.org,WTKA09872646271675,59710.32,574.0,0
CUST_002941,Gabriel Andrews,304-55-6134,vlewis@example.org,SPIF47425891995974,14552.31,545.0,0
CUST_002942,Susan Martinez,784-29-5838,apriltaylor@example.net,ZMAZ32888948978941,28692.77,814.0,0
CUST_002943,Donna Santiago,588-89-8968,danielsamy@example.com,AVVQ23143025200298,9048.72,481.0,0
CUST_002944,Julia Rose,679-93-8763,hamiltonivan@example.com,HIMP09978506161312,42737.83,613.0,0
CUST_002945,Tina Turner,745487510,beckermadeline@example.com,MTQP42233844461179,10265.95,680.0,0
CUST_002946,Ryan Rose,717-49-7754,turnerbrandy@example.com,YAJT44153614518313,63935.37,545.0,0
CUST_002947,Shawn Rogers,783-96-4717,michael28@example.org,MDAB72607685164064,58157.43,421.0,0
CUST_002948,Danielle Moore,816-77-5270,jevans@example.com,PZET42898116649724,74826.07,571.0,0
CUST_002949,John Sanders,259-50-7195,ryan92@example.net,TDYH37599334582388,70542.38,419.0,0
CUST_002950,Donald Lopez,511-84-6919,daltonjennings@example.org,UFJU76807257975131,3715.66,722.0,0
CUST_002951,Patricia Porter,069-14-4673,emilyrobbins@example.com,NETJ94472724557699,50890.56,318.0,0
CUST_002952,Mark Murphy,373-90-6433,bakernancy@example.com,YGTS60144715997719,39577.68,664.0,1
CUST_002953,Jennifer Graves MD,674-08-5335,gwhite@example.com,OJCQ41264053529322,40948.2,394.0,1
CUST_002954,Carol Fletcher,608-13-8475,gomezkristi@example.com,IKVH26169174993945,61081.23,586.0,0
CUST_002955,Shannon Williams,593586687,karenberg@example.com,BBWN88730296205633,34279.43,573.0,0
CUST_002956,Johnny Navarro,552-68-1203,jshields@example.org,CVFX88263109687254,37040.12,467.0,0
CUST_002957,Joshua Hansen,164-35-2271,ybailey@example.org,IGFQ12773177427894,30524.62,649.0,0
CUST_002958,Madeline Pierce,569-60-5544,jacquelinejohnson@example.net,IAWM50580953164705,33698.96,740.0,0
CUST_002959,Tiffany Dunn,147-70-1962,,UUGF84568893228171,7916.37,363.0,0
CUST_002960,Joshua Freeman,885-68-1546,wesleylang@example.org,WPOL93367835884549,61054.48,749.0,1
CUST_002961,Joseph Lambert,784-22-8359,henrysmith@example.com,YHWW11967647583356,48505.33,346.0,0
CUST_002962,Charles Reynolds,092-87-0876,molly36@example.net,VUSP77730842985077,54576.36,367.0,0
CUST_002963,Chelsea Alvarado,267-94-1978,lisa26@example.net,HEXA15461214912286,8553.59,327.0,0
CUST_002964,Timothy Jones,318792529,cisnerosandrea@example.com,VKVD18580202315218,57577.57,522.0,0
CUST_002965,Jason Morgan,315-47-6857,ianking@example.com,XHKX97309806572738,74505.82,335.0,0
CUST_002966,Holly Moore,462917741,cynthiaknight@example.org,JXAX53606568154098,11140.19,700.0,0
CUST_002967,Matthew Foster,688-81-6292,qcharles@example.net,ESFH46718446173274,54332.2,796.0,0
CUST_002968,Brianna Orr,866-07-9012,emily65@example.net,AADU84766995359607,26094.79,518.0,1
CUST_002969,Cynthia Garcia,294-92-5195,noahvargas@example.net,EAYV56224718038814,61008.46,532.0,0
CUST_002970,Ronald Rosales Jr.,593-26-0186,rosshannah@example.com,BAXO50797522178066,-392.47,672.0,0
CUST_002971,Charles Vasquez,566-15-8261,emily47@example.com,QIEN33618913559657,16265.49,662.0,0
CUST_002972,Anita Newton,784-36-1191,bakerrobert@example.com,FZZV38026709461867,72885.46,780.0,0
CUST_002973,Abigail Mcmahon,075-28-4872,chernandez@example.net,VVSS12936322802979,38114.52,698.0,0
CUST_002974,Sharon Morse,493399757,phillipssheila@example.org,NPHR66751965376703,11458.82,504.0,0
CUST_002975,Bradley Fields,693-72-8458,nataliewilliams@example.org,TOVK05308336014671,7033.14,527.0,1
CUST_002976,Zachary Swanson,584-39-0292,duncandavid@example.com,XFJX89136043745576,52809.57,804.0,0
CUST_002977,Brittany Delgado,475-46-5156,oconley@example.com,QZIW82775947922701,19291.45,564.0,0
CUST_002978,Ashley Williams,822-88-7200,ujones@example.org,GHPD19351708716508,9392.32,514.0,1
CUST_002979,Sean Reed,208-80-9088,lmccoy@example.net,JERD69453845542724,10193.4,465.0,1
CUST_002980,Valerie Morris,389-54-0419,wyattchristopher@example.com,XEVB14829237925996,21548.79,457.0,0
CUST_002981,Allen Henderson,701-98-7923,lbarrett@example.net,KQML11503555818006,53660.3,488.0,0
CUST_002982,Travis Sanchez,600-90-1869,morrisonchristine@example.com,DGNA08438006399378,61489.49,645.0,0
CUST_002983,Roger White,335265415,cpreston@example.org,VQOF19163091651680,67230.21,790.0,0
CUST_002984,Lauren Solomon,059-84-5323,bridgetcannon@example.org,TGKQ71702005550187,3684.35,706.0,0
CUST_002985,Matthew Gentry,253890272,ricardojones@example.org,HELL43349232124302,36160.3,622.0,0
CUST_002986,Jill Bowman,570-02-9150,ybarnes@example.com,EPNX90474473098110,41907.19,452.0,0
CUST_002987,Melinda Gonzalez,760-52-1369,petercastillo@example.com,QJKG34335784370118,29797.59,358.0,0
CUST_002988,Sergio Bell,865-31-0211,josephsantos@example.com,ANAK03351163784573,53867.18,674.0,0
CUST_002989,Natasha Smith,734-63-5412,bradfordchad@example.org,ZAFO32269927287022,26795.68,557.0,0
CUST_002990,Megan Warren,094-98-7237,clarkpamela@example.org,SHTU40996567895645,27305.7,738.0,1
CUST_002991,Crystal Johnson,063830825,,FSEZ84422138433213,50328.9,637.0,0
CUST_002992,Alejandro Neal,334-46-6437,christopherarcher@example.org,MAGA29309587202075,53927.69,516.0,0
CUST_002993,Bonnie Freeman,242-02-0574,,NWFH14387443730535,4044.96,300.0,0
CUST_002994,Crystal Porter,795-51-5081,popejohn@example.com,FKEO39767488139142,49833.1,372.0,0
CUST_002995,Tyler Lopez,289-02-8796,robert38@example.org,ADHS88784295337189,6280.31,614.0,0
CUST_002996,Scott Green,489053086,sarahholmes@example.org,FVRY52120041648515,67898.24,713.0,0
CUST_002997,Joshua Williams,436-71-1138,matthewprice@example.net,HTLX08888423594021,71594.28,785.0,0
CUST_002998,Gregory Miller,492177560,stephanie84@example.com,WMEE44626556157723,5532.67,489.0,0
CUST_002999,Jonathan Raymond,511-94-0045,fcummings@example.com,TVFO05994461735360,71915.36,843.0,0
CUST_003000,Stephanie Thomas,200-19-5848,zhart@example.net,ATXC26028700711064,62969.84,512.0,1
CUST_003001,Zachary Thompson,148-77-6737,colemanchristine@example.org,QABY88148489465411,22811.94,418.0,0
CUST_003002,Mary Russell,331567441,lerickson@example.com,ZRFZ17295218667823,1831.23,824.0,0
CUST_003003,Joseph Wilson,750570297,egonzalez@example.net,VRMH78785597118972,8914.04,346.0,0
CUST_003004,Anthony Holt,137-06-2886,stacymarquez@example.com,ROIO26732681361593,25857.46,687.0,0
CUST_003005,Michael Adams,084-45-8530,,JUSK96241324591231,20948.98,307.0,0
CUST_003006,Andrew Jones,198-33-1227,brittany92@example.net,XYVZ14343825008699,29371.06,616.0,0
CUST_003007,Karen Carter,238-51-1751,phenson@example.org,RGJS42835270607714,33310.87,760.0,1
CUST_003008,Dwayne Heath,403-02-0394,moorethomas@example.org,HYEJ22341779211700,28617.1,655.0,0
CUST_003009,Lisa Fischer,849632011,ajoyce@example.net,PFBS84027094315211,1240.55,550.0,0
CUST_003010,James Cannon,425-21-8484,jeremy74@example.net,FLUM15636886465045,55303.17,578.0,0
CUST_003011,Anna Thomas,501-96-0853,sle@example.com,FRUZ18711363543133,7798.2,666.0,0
CUST_003012,Leah Wilson,073665487,martinsteven@example.com,JPQZ39904979103033,51951.47,777.0,0
CUST_003013,Jenna Williams,292209142,flewis@example.com,BYNI40930577614069,11663.22,723.0,0
CUST_003014,Michelle Parsons,360-44-2370,nperez@example.org,BRQV51744441388258,23208.02,596.0,1
CUST_003015,Brian Edwards,611-81-5766,murrayrichard@example.com,RYBM17799890438100,24822.64,702.0,0
CUST_003016,Amy Howell,120-36-9879,darylreyes@example.com,AVIQ68716907338210,72914.29,568.0,0
CUST_003017,Jeffery Walker,240-67-2544,francesclark@example.net,ASQT47939836469061,53032.27,374.0,0
CUST_003018,Tiffany Castaneda,645-69-7280,brandonjensen@example.com,WFFH53755727059250,45062.79,550.0,0
CUST_003019,Aaron Williams DDS,218-17-5483,iromero@example.com,YZOP67788713084839,20321.99,761.0,0
CUST_003020,Nathan Evans,058-33-3359,,LOJQ93670619750038,796.8,475.0,0
CUST_003021,Thomas Gaines,753-57-8531,jeffery76@example.org,LAAY58353485842556,45210.63,788.0,0
CUST_003022,Jennifer Serrano,195977006,greenjennifer@example.com,DYQX32579816953524,48012.17,834.0,0
CUST_003023,William Preston,371-64-5090,larrywhite@example.net,SSAI01939589818432,72534.03,756.0,0
CUST_003024,Kristen Reed,101-88-0704,warnerjeffrey@example.net,LUCF28695293821062,2773.06,634.0,0
CUST_003025,Lisa Gordon,572-47-5340,oclark@example.net,BCGF57044148224302,53086.53,722.0,0
CUST_003026,Tonya Greer,863-99-5192,kristinecardenas@example.net,PIFU60855026259914,8987.4,550.0,0
CUST_003027,James Roach,050-13-5654,thomaswebb@example.org,ZKNT17207036798893,28303.36,365.0,0
CUST_003028,Diane Williams,024-08-2752,linda87@example.net,OJWR11844878905291,10178.35,664.0,0
CUST_003029,Michael Strickland,001136841,teresa78@example.net,EKOG13022037354053,24665.54,702.0,0
CUST_003030,Michael Dominguez,764-09-4734,imorris@example.org,LVBW60933719865851,43467.45,782.0,1
CUST_003031,Dr. Michael Elliott,022-39-7637,smithvictoria@example.org,SZYV32206152501917,69163.69,523.0,1
CUST_003032,Connie Ibarra,718-40-4597,usmith@example.net,EKBC77591748909239,19082.81,635.0,0
CUST_003033,Erika Gordon,163-18-1402,hgibbs@example.com,ANNB57965273983112,41080.12,349.0,1
CUST_003034,Maureen Obrien,534-42-3683,stewartbradley@example.org,EVJV44516961370340,11396.64,438.0,0
CUST_003035,Chad Lane,324-17-8105,,UOUJ39391916545948,19516.8,512.0,0
CUST_003036,Richard Peters,212-33-9388,crobertson@example.com,FLBT33302068220538,43248.14,816.0,0
CUST_003037,Jacqueline Chase,068-32-0769,mnicholson@example.com,EHEM61038211862050,40290.56,328.0,0
CUST_003038,Gary Washington,263-20-1804,ghudson@example.net,FZZV64977070345621,53162.05,444.0,0
CUST_003039,Sandra Lynch,308-08-8222,zlloyd@example.org,LYPL94190454906547,11050.79,391.0,0
CUST_003040,Susan Wilson,379567613,udalton@example.org,VDQO00749890061802,34669.12,492.0,1
CUST_003041,Rebecca Mcguire,639-31-8772,xhenry@example.net,DNGL92444507654788,16742.76,675.0,1
CUST_003042,Brian Morris,248-23-4002,kathleenrodriguez@example.com,VDJE58074221203736,20664.98,700.0,0
CUST_003043,Jeffrey Obrien,250-92-5413,bankscarla@example.net,EUBI17939538430718,69132.26,463.0,0
CUST_003044,Pamela Gutierrez,883532869,wesleysimmons@example.net,GGHD39360572073115,17149.87,439.0,0
CUST_003045,Timothy Smith,363-38-8079,nathan56@example.net,EMHA16180303879426,14933.04,310.0,0
CUST_003046,Angela Bridges,539-24-7987,ylucas@example.org,QHFF99181280919177,4612.92,425.0,0
CUST_003047,Gregory Gray,461-37-3512,vstafford@example.net,OSKM78587661217744,308.32,737.0,0
CUST_003048,Emily Hebert,333226399,austin71@example.net,QFJR13281801295584,23296.75,358.0,0
CUST_003049,Douglas Clark,649-23-9421,younglisa@example.com,XJUS13104652740456,67715.12,536.0,0
CUST_003050,Benjamin Serrano,622113023,ericcortez@example.com,KDEY94729926337009,17241.58,521.0,0
CUST_003051,Brandon Hale,223-22-7907,travis34@example.org,DLRI25118742231858,40283.87,769.0,0
CUST_003052,Brian Hardy,896-99-5150,brittanyreynolds@example.org,TODX81485436274818,74954.83,316.0,0
CUST_003053,Michael Martin,627-07-0870,christinewilson@example.org,QIUY68519261758692,9496.41,353.0,1
CUST_003054,Jacqueline Wilson,704-60-0062,brandonstark@example.net,BEQC11170404787374,68680.03,565.0,0
CUST_003055,Mary Simpson,502-96-4198,parkspaul@example.org,PYBU16316295810771,62293.13,787.0,0
CUST_003056,Samuel Walker,434-72-4800,daniel65@example.org,MIRK88844424504988,7493.25,487.0,1
CUST_003057,Tristan Farley,567-53-8478,andrew63@example.com,PNNO31552541783211,40030.13,751.0,0
CUST_003058,Robert White,369-79-3028,bsmith@example.com,KQVK69771045688263,65351.84,365.0,0
CUST_003059,Joshua Sanford,745-65-7656,eric15@example.net,ELCZ36272586182114,58536.55,651.0,0
CUST_003060,Matthew Salazar,229-56-9072,sarah97@example.com,ZJOD21627573320061,37788.56,450.0,1
CUST_003061,Maxwell Black,401-08-7380,brandy16@example.net,ZYRA23352358459638,57591.28,378.0,0
CUST_003062,Ricky Flores,570-34-6446,,TQDK55613960475104,8501.55,768.0,1
CUST_003063,Shannon Figueroa,476-19-7682,bmoore@example.net,GHZZ57176853849940,41236.32,351.0,0
CUST_003064,Brian Rowland,538-44-7374,,EPOX14004640879817,3236.02,796.0,0
CUST_003065,Suzanne Curtis,116-89-5975,kristin33@example.org,MJFU01180829548521,10904.32,406.0,0
CUST_003066,Amber Lindsey,235-26-7660,jenningscarol@example.org,RDYX79842769017706,44662.41,412.0,0
CUST_003067,Eric Peterson,077760660,randallmartinez@example.com,MHTY98651436462969,28779.69,560.0,0
CUST_003068,Lauren Thornton,061-82-7721,wblack@example.com,RZIA47608307354600,64215.2,453.0,0
CUST_003069,Abigail Thompson,016-86-7263,xhill@example.org,IIYT25593348869546,60723.62,691.0,0
CUST_003070,Cynthia Underwood,244-82-7711,allenmatthew@example.com,CWXP59596274233412,51772.88,500.0,0
CUST_003071,Crystal Anderson,401-51-1445,nchung@example.net,TZNQ57539169139468,62430.3,612.0,0
CUST_003072,Jeffrey Williams,387-30-9919,garrettadam@example.com,IQDZ17225125748153,24459.82,,0
CUST_003073,Cindy Mack,007-52-1606,nchavez@example.net,LIFB60993960078949,51075.3,819.0,0
CUST_003074,Chad Green,102-63-3644,angieflores@example.net,EBOL11348657968103,58995.73,758.0,0
CUST_003075,Joshua Parrish,072-15-9566,allison36@example.org,UKYW43124674009404,47416.89,514.0,0
CUST_003076,Keith Romero,233292021,atucker@example.org,NWHI05130057239532,19734.56,763.0,1
CUST_003077,Emily Williams,223-86-2753,nicole74@example.com,TSNX81754814423352,26581.3,457.0,0
CUST_003078,Ruben Lucero,017728098,craig86@example.com,QPSE71855137035979,10202.87,437.0,0
CUST_003079,Steven Martin,064-39-8854,wilsonlori@example.com,TUZH93693949957202,44235.95,419.0,0
CUST_003080,Melissa Taylor,286-78-3225,hadkins@example.org,QUCH89331386349235,15986.66,455.0,0
CUST_003081,Miss Nicole Sandoval,133-15-1812,kimbenjamin@example.org,IDOM28510301640403,17060.65,550.0,0
CUST_003082,Nicole Jones,427-54-4779,morganterri@example.net,QSCD48219912062441,61913.44,603.0,0
CUST_003083,Deanna Hall,138-95-8476,,TLPX56811343153293,24809.45,565.0,0
CUST_003084,Steven Davila,878963264,stephensjacqueline@example.net,TMHI72624719391652,14187.15,409.0,0
CUST_003085,Katherine Washington,512915135,ericrodriguez@example.org,IAHM48002540646765,42829.2,529.0,0
CUST_003086,Justin King,013-31-0774,devinnunez@example.org,GUMK56441493001590,63713.03,396.0,1
CUST_003087,Paul Ayala,278-03-6412,tmassey@example.com,ZJGM44566309066958,38107.82,415.0,0
CUST_003088,Mrs. Kimberly Shaffer,340420677,,NLCK71792300288349,39951.8,711.0,0
CUST_003089,Stephanie Cantu,486770826,sheenacummings@example.com,TVQE80379440001056,24167.1,850.0,0
CUST_003090,Toni Carpenter,862-38-8193,christine35@example.com,TMJJ22169689286979,62679.92,300.0,0
CUST_003091,Bryan Johnson,080-96-6045,kyle51@example.org,EEZV31526057948157,69899.06,752.0,0
CUST_003092,Joseph Lane,394-92-1112,wrose@example.org,ILPH79848002032870,58083.35,697.0,0
CUST_003093,Andrew Chavez,368-37-2358,uhanson@example.net,ZEVE50915573222232,58017.84,421.0,0
CUST_003094,Angela Black,789436644,gthomas@example.com,QQYG20991242348390,7940.38,444.0,0
CUST_003095,Amber Moore,249-96-7250,,PGAE39484771467339,13318.14,612.0,0
CUST_003096,Jillian Patterson,692-98-6082,brooksbruce@example.org,PIAZ31694743418815,15880.34,415.0,0
CUST_003097,Matthew Johnson,359-39-0129,olivialee@example.com,QMIK98219415176386,57822.66,414.0,0
CUST_003098,April Thompson,146-47-9304,nlamb@example.com,HLKK99539720560064,30171.97,584.0,0
CUST_003099,Eric Gonzalez,506934251,jared65@example.com,OZBO10601130322323,14536.77,320.0,0
CUST_003100,Tyler Barr,652632345,hannah84@example.org,BZEM74121638245962,51458.26,472.0,0
CUST_003101,Natalie Jones,884088697,gutierrezmargaret@example.com,SNXX09960793910515,11677.67,644.0,0
CUST_003102,Donald Munoz,010-91-1312,stephanie28@example.org,GWKS85153209283534,47201.53,634.0,0
CUST_003103,Melissa Jacobs,175-67-9655,hharris@example.net,BXZN48615779932469,41012.41,301.0,1
CUST_003104,Warren Gibbs,758374457,donald82@example.net,USSN80126699300547,60678.91,475.0,0
CUST_003105,Cody Allen,631-89-0364,kpatterson@example.org,CQGE55126691782729,29557.12,742.0,0
CUST_003106,Michael Freeman,206-64-7821,ncameron@example.net,SMHC65012404034176,16648.95,511.0,1
CUST_003107,Melissa Wright,720901245,davidmunoz@example.org,MJAI70420866478635,66148.68,508.0,0
CUST_003108,Miranda Stout,887-29-2844,joshuamccarthy@example.net,KHVK43187050982216,24884.8,416.0,1
CUST_003109,Desiree Mcmillan,027-18-9330,vaughanjason@example.org,JUAU74938341623252,57481.25,481.0,0
CUST_003110,Natalie Taylor,596-65-6952,hpark@example.net,PNAG92191658064385,58161.35,300.0,1
CUST_003111,Paul Kelley,550-44-3866,pstevens@example.org,VAKQ30976904635077,14684.94,531.0,0
CUST_003112,Patricia Shields,250-28-8480,martinrachel@example.com,LTVW40953324335069,54697.28,529.0,0
CUST_003113,Jennifer Arroyo,366-92-5178,hernandezkatie@example.org,XCVF78066448567868,4279.2,788.0,0
CUST_003114,Mario Hood,181-29-8817,tjones@example.com,XDDQ36063705545651,30157.58,793.0,0
CUST_003115,Andrew Turner,316942797,barnesstephanie@example.net,ATJD38225814010119,54113.05,471.0,0
CUST_003116,Heather Butler,860-71-2599,troy82@example.net,WXBU81063551972634,48891.28,572.0,0
CUST_003117,Eric Richards,488-59-8097,lfigueroa@example.org,XKRI59722050116002,71717.45,419.0,0
CUST_003118,Veronica Wallace,095-12-6559,lindseyharris@example.org,BESO63775557943193,31134.44,846.0,0
CUST_003119,Karen Hanna,222-10-5360,bthomas@example.com,ETHY86291879375937,12953.73,317.0,1
CUST_003120,Brian Herring,418-39-6661,deborahdaniels@example.org,CGQS47785407945393,27332.28,708.0,0
CUST_003121,Terry Ortiz,331-47-8017,ramireztimothy@example.com,MSMO20647405503750,62122.19,441.0,0
CUST_003122,Daniel Hartman,876-75-9686,harveyjustin@example.org,VCEH72873576856429,66778.74,466.0,0
CUST_003123,Mary Reynolds,018-72-0193,justin35@example.net,PWOZ41686744899615,47552.88,755.0,0
CUST_003124,Robert Ellis,194-36-1437,eric42@example.net,RHKX10067076034530,33101.41,786.0,0
CUST_003125,Jordan Phillips,179936845,johnsonevan@example.com,CERD33094380180875,22490.72,,0
CUST_003126,Carlos Contreras,032-21-9195,michaellee@example.com,UXOI58618942062488,58529.44,768.0,0
CUST_003127,Brian Clayton,809-09-9870,jennifer67@example.org,LZKE20538480302515,46144.42,591.0,0
CUST_003128,David Roberts,473-52-6023,amanda85@example.com,GTAY44185071138351,60049.69,609.0,0
CUST_003129,Kyle Myers,124-62-4256,dillonfisher@example.net,YWXO62069348673702,70751.15,651.0,0
CUST_003130,Wendy Carr,011-14-0919,nicholasbooth@example.net,CPFZ25514588501829,74791.73,599.0,0
CUST_003131,Jessica Smith,673611076,mthompson@example.com,VBAV19907394883403,59321.31,470.0,0
CUST_003132,Stephanie Ruiz,185205315,uvasquez@example.net,BGIK05882024469439,72346.37,421.0,0
CUST_003133,Colleen Rowe,652662664,raysanford@example.org,HAJU21453823321301,34130.41,706.0,0
CUST_003134,Hunter Duffy,215-10-8714,kelly46@example.net,KNDC94361475629788,40599.5,577.0,0
CUST_003135,Tyrone Mclaughlin,609-51-6010,bernard50@example.org,BJQQ35634716880177,-458.87,494.0,0
CUST_003136,Ricky Miller,454-13-8307,jennavance@example.net,EGLM41407714210543,61017.67,542.0,0
CUST_003137,Tonya George,695-79-2856,davidheath@example.com,UPWS92291080778585,74610.68,,0
CUST_003138,Matthew Jones,422-03-5530,,SNZB38347862646161,33254.4,679.0,1
CUST_003139,Jonathan Foster,196-62-4918,ygibbs@example.org,YTAU78611407670347,53875.39,712.0,0
CUST_003140,Benjamin Hunter,261-73-7259,alexanderbrittany@example.org,EVLB74762198938359,14849.58,666.0,0
CUST_003141,Michael Cross,785-07-2047,acruz@example.org,LPKD17144034287567,61822.84,601.0,0
CUST_003142,Christina Hansen,060-08-3972,larrypeterson@example.net,OTCV26154098569103,53936.51,319.0,0
CUST_003143,Jasmine Leonard,682-67-9809,john79@example.org,GDUP42216598115791,60175.26,331.0,0
CUST_003144,Garrett Robertson,173-42-0818,lauren42@example.org,RBMH96824817297131,8777.08,536.0,0
CUST_003145,Christine Davis,329-76-5874,james44@example.net,XDFD82882914547054,44909.7,344.0,0
CUST_003146,Melissa Miller,644602633,sarahwerner@example.com,GXTF20781050898940,67630.21,710.0,0
CUST_003147,Gregory Barry,007-79-4943,rdavis@example.com,SHLD07385153435679,10203.14,429.0,0
CUST_003148,Kevin Marsh,099-23-9622,nicholashernandez@example.org,KNGZ78018715130063,35565.35,622.0,1
CUST_003149,Thomas Mccarthy,657-82-5040,kbrooks@example.org,YMDR15797764237885,8928.76,308.0,0
CUST_003150,Lisa Ramirez,646-46-8301,donglenn@example.org,YZAY33501232900112,32688.05,330.0,0
CUST_003151,Ronnie Page,888080400,turnermichael@example.net,YLCD08809895066593,21287.31,633.0,0
CUST_003152,Edward Cantu,271859930,oross@example.net,ZRMA68921744707495,63531.79,537.0,0
CUST_003153,Peter Butler,776-44-4865,waltersvictoria@example.net,DMAB76941658701529,9857.08,641.0,0
CUST_003154,Chad Turner,738273258,alan85@example.org,NOQU53044567598186,67410.05,357.0,0
CUST_003155,Kenneth Duncan,756-25-2397,johnstonkatrina@example.com,DEOI81626985205660,6401.05,369.0,1
CUST_003156,Anna Hunter,886-15-0353,deborahgardner@example.net,LMGU82569028761976,10310.57,774.0,0
CUST_003157,Shannon Moore,537-35-2307,andrewlivingston@example.com,JBFR99365003190857,54728.73,654.0,0
CUST_003158,Mary Hughes,603-07-9962,chernandez@example.org,LEZB77486025637811,13161.32,612.0,0
CUST_003159,Wesley Rice,450196695,bennetttimothy@example.net,FUQL57797484085228,7155.94,418.0,1
CUST_003160,Joseph Burns,699-77-2652,linda86@example.com,FYWT96728241978680,4525.29,644.0,1
CUST_003161,Christopher Ferguson,580-18-5893,wpatterson@example.com,WEWJ19541571762696,44746.12,564.0,0
CUST_003162,Joshua Sawyer,243-14-5948,brandonortega@example.net,KKCI65998314309953,47716.46,665.0,0
CUST_003163,Tony Palmer,675-55-7640,elizabeth67@example.org,MYZL48338806719174,63914.7,602.0,0
CUST_003164,Maurice Cox,044-07-4868,michelle85@example.net,YOUL24097586139347,22171.16,770.0,0
CUST_003165,Nathan Flores,523-61-9867,,BAXY60307984363486,24669.44,800.0,0
CUST_003166,Anita Jones,519-20-6350,reynoldsbradley@example.com,IRMT38413707870330,31307.04,370.0,0
CUST_003167,Matthew Patel,010-05-1027,robertsmith@example.com,QFWX17976467057420,73520.43,737.0,1
CUST_003168,Trevor Fitzgerald,866533661,michael45@example.org,FBDD99068870909042,60812.42,369.0,0
CUST_003169,Erin Anderson,484534293,matthewrobinson@example.com,UUIY07942592202139,21035.7,745.0,0
CUST_003170,Gabriel Elliott,314-87-8474,timothy16@example.net,NDUQ37015774416621,51708.97,718.0,0
CUST_003171,Allen Miller,303-43-7459,smithemily@example.org,YUSW36175682681415,35938.63,824.0,0
CUST_003172,Erin Johnson,431-04-1594,nmiller@example.net,PGUH75911286131883,51259.71,492.0,0
CUST_003173,Michael Howard,849-75-9611,denise44@example.org,XWXL94253525370942,32923.33,687.0,1
CUST_003174,Lisa Neal,490-18-5553,cookerhonda@example.org,RAXS95892821549630,74013.74,529.0,0
CUST_003175,Edward Watkins,663-63-0200,umorgan@example.com,GRUS53491026398649,66593.74,740.0,0
CUST_003176,Victoria Thomas,510-68-2456,scottcarpenter@example.net,LGRR22340917089574,43730.71,329.0,0
CUST_003177,Colleen Levine,513-49-3552,michael72@example.org,OMQB79810513146929,35716.64,317.0,0
CUST_003178,Judy Woodard,419-70-8618,richardsonheather@example.com,MZHU62858498114575,11861.3,387.0,0
CUST_003179,Casey Hopkins,333-13-7599,alyssawalker@example.com,KDDK24718710003003,12350.19,601.0,0
CUST_003180,Andrea Goodwin,645-13-7629,maryharrison@example.org,TJZR78360029845582,46253.62,768.0,0
CUST_003181,Joshua Wagner,786-35-4117,nwillis@example.org,RSDG88721728360696,61703.33,802.0,0
CUST_003182,Meghan Cruz,217-17-8236,qpaul@example.net,COGG22062480727435,70881.31,413.0,0
CUST_003183,Scott Hayes,239-48-0203,nicolepearson@example.net,HYJE05024090508345,43577.43,375.0,0
CUST_003184,Anthony Jones,223-55-1441,carriebradley@example.org,FKWV26175154188228,68001.45,762.0,1
CUST_003185,Tony Mcfarland,414-38-4729,kathleendurham@example.org,GEGS87445122760786,39448.63,568.0,1
CUST_003186,Patrick Moss,894-01-5689,david11@example.net,PPDH59923312899851,15061.36,808.0,0
CUST_003187,Matthew Carroll,238-33-2096,joshua25@example.net,FMEL74894667465505,7413.24,486.0,0
CUST_003188,Glenda Pena,155-98-8211,penajanice@example.com,ARLX11549475046534,56274.91,849.0,0
CUST_003189,Juan Gibson,886-12-1395,cohencarol@example.com,AFSP48057968733520,36622.15,381.0,0
CUST_003190,Brooke Baker,410-72-8780,cynthiahawkins@example.com,GBFQ66535818985791,1211.13,470.0,0
CUST_003191,April Davis,749-63-2103,bhorton@example.org,LDVL10934667308804,10659.43,735.0,1
CUST_003192,Maria Lee,618-88-3675,gilmorejohn@example.org,BCYD15663110848557,6251.99,,0
CUST_003193,Thomas Noble,672-14-7468,jocelynhill@example.net,ZJPM69648461591014,72069.45,312.0,0
CUST_003194,Lisa Burns,490627237,michellepatterson@example.com,DYCG87509310617355,1008.13,424.0,0
CUST_003195,Megan Shaw,612973188,kmoore@example.com,BZCZ62595345479728,71868.71,845.0,0
CUST_003196,Michael Sanders,284926641,vanessa76@example.org,NDMX89837501481027,64893.54,657.0,0
CUST_003197,Amy Flores,442850180,yphillips@example.net,XUZB52723754354778,39599.47,847.0,0
CUST_003198,Diane Green,018292930,davidbaker@example.net,WTGK88397847916659,24244.39,438.0,0
CUST_003199,Michael Hernandez,494-28-7517,andrewwilson@example.net,UXSD42742589159654,25415.45,843.0,0
CUST_003200,Adam Fox,507-52-2069,anthony28@example.org,ZSGT42418504890060,5454.38,657.0,0
CUST_003201,Michelle Ross,509-21-1097,michaelstrong@example.org,GUBA92733852892570,17770.58,361.0,0
CUST_003202,Robert Fox,288-31-6700,ernestrichards@example.net,ZLOP31753639786903,73231.2,740.0,0
CUST_003203,Brad Tran,414-71-9497,hsingleton@example.org,GGNS19571783003056,5989.09,642.0,0
CUST_003204,Abigail Moses,719-53-1635,jpark@example.net,VROK83318390215732,13538.27,655.0,0
CUST_003205,Jeffrey Thompson,563-88-6051,dhartman@example.org,PSJP31109820481611,71717.17,343.0,0
CUST_003206,Rebecca Taylor,692-57-3428,lhamilton@example.net,LRXT67196526302669,13219.16,328.0,0
CUST_003207,Joseph Anderson,886024495,sbarrett@example.org,ASCG74128391756735,28054.88,304.0,0
CUST_003208,Charles Wells,885881034,rodriguezjenna@example.org,ADSE49074882418335,60446.46,562.0,0
CUST_003209,Drew Fernandez,816-76-8268,banderson@example.com,XIXE72208958090151,7415.65,772.0,1
CUST_003210,Dr. Amy Taylor,870-74-0686,braunjennifer@example.com,RNPH64389415235982,65350.53,606.0,0
CUST_003211,Rachel Carter,442430128,johnsmith@example.com,LDLC74772343666479,2329.24,,0
CUST_003212,Kathryn Ortiz,682-26-6790,paigeanderson@example.org,QYWB15276509603075,31187.23,732.0,0
CUST_003213,Zachary Graham,622-29-7289,dbrewer@example.com,STDT45763433997123,19066.81,577.0,0
CUST_003214,Thomas Reyes,783-87-2698,david74@example.org,DTQP80187166993410,59465.64,322.0,0
CUST_003215,Nicole Rodriguez,848-29-6765,sarah93@example.com,BUUO84271713756486,19139.64,303.0,0
CUST_003216,Jennifer Jackson,334-32-3864,kelly10@example.org,COKT08870025188281,70355.58,821.0,0
CUST_003217,Shelby Mcintosh,429-32-3948,annettemelendez@example.org,FBCH92160922893709,7947.38,542.0,0
CUST_003218,Tyler Newton,415-06-0355,ladams@example.net,VBAE32852124006224,9751.75,802.0,0
CUST_003219,Richard Adams,323-06-9143,allenfields@example.org,QQXF47690290276999,31573.78,422.0,0
CUST_003220,Darius Adams,077-96-3055,wdaniels@example.net,YYNX92782972539837,58062.3,335.0,0
CUST_003221,Cassandra Cole,051-50-5183,matthew34@example.net,BRLN43206593124838,67536.51,819.0,0
CUST_003222,Michael Robinson,766-25-4290,mason04@example.com,RXKI13236616252308,72115.94,527.0,0
CUST_003223,Michael Carrillo,719-50-3744,kelly00@example.org,YEIE05267388907613,551.3,557.0,0
CUST_003224,Karen Chen,790-88-3809,tonyabrown@example.org,EAWF67886951270570,8010.14,657.0,0
CUST_003225,Kimberly Dorsey,493-66-1722,danny41@example.com,VBGS01108009282103,13564.87,430.0,0
CUST_003226,Mr. Trevor Davis,679-39-2604,samanthagarner@example.org,QSFN54016242955538,69249.14,369.0,0
CUST_003227,Ryan Bright,402-52-0952,todd94@example.net,LRVG28371587544963,45646.59,664.0,0
CUST_003228,Judy Williams,737-32-0181,joshuarush@example.net,IEFA90014310160970,985.86,806.0,0
CUST_003229,Teresa Wright,182888884,coxdominique@example.com,GLBQ05423357415181,11546.86,680.0,1
CUST_003230,Jasmine Turner,856-13-8550,colemanjennifer@example.org,XHSX90537999155728,46414.5,616.0,0
CUST_003231,Kevin Wiley,273930464,jessica46@example.org,MDZW36243419173959,40570.95,776.0,0
CUST_003232,Jennifer Johnson,501649852,kcohen@example.net,VECR27006268610844,28927.98,561.0,0
CUST_003233,Melissa Kelly,364935272,marksjane@example.com,NPJG33989852588049,5398.71,807.0,0
CUST_003234,David Cochran,066-78-3038,landerson@example.com,HTXK31313521485751,62344.82,519.0,0
CUST_003235,Tammy Buckley,270-52-1685,hendersonamanda@example.org,YWHD45726542586601,2176.18,612.0,0
CUST_003236,Nicole Medina,019250245,wparks@example.com,PJVK25486150855110,35354.28,452.0,0
CUST_003237,Antonio Barnes,395-56-0149,jclark@example.net,PCBK78703713119427,69712.51,335.0,0
CUST_003238,Erin Mullins,273-24-7767,elizabeth90@example.org,XPTQ81594560695599,60095.37,438.0,0
CUST_003239,Michael Parsons,175068631,jamessmith@example.net,MZUD53644316230030,1853.88,647.0,0
CUST_003240,Ronald Hill,674-20-1841,webbbrett@example.org,MQRX88311496386768,17876.32,,1
CUST_003241,Ashley Collins,361-78-5102,williamhampton@example.net,EUDP89426032003902,15822.19,772.0,0
CUST_003242,Emma Burns,184-90-2764,hayesfrank@example.net,RDDE10597012442360,11598.7,411.0,0
CUST_003243,Anthony Johnson,814536098,mmcdaniel@example.org,FBTX55409343688691,35182.36,377.0,0
CUST_003244,Crystal Donaldson,866-35-3856,bensonthomas@example.com,XAXU90387556761342,61683.87,623.0,0
CUST_003245,Joseph Thomas,865-53-1474,pmckenzie@example.org,FPEX05139541491611,7946.54,807.0,0
CUST_003246,Adam Palmer,676-67-3381,smithmelissa@example.com,UMXR62513772769055,35284.06,306.0,0
CUST_003247,Kelli Montgomery,001-97-1111,dylankeith@example.net,NTIG07498209768127,10424.83,530.0,0
CUST_003248,Stacy Garcia,149728169,jennifer34@example.net,LCTB62944205203065,13366.87,447.0,0
CUST_003249,Patrick Cardenas,550-24-7433,castrobriana@example.org,AUYR01360494742142,68308.4,576.0,0
CUST_003250,Sean Li,653-87-9630,claudia53@example.org,JKOZ69229625847072,54647.12,578.0,0
CUST_003251,Tara Brown,251-31-9316,hrobinson@example.org,IIZH19740639590700,13112.24,323.0,0
CUST_003252,Sharon Bennett,738-92-6376,brandybyrd@example.net,YSAS33186839859146,6625.19,433.0,0
CUST_003253,Diamond Randall,402-05-7404,gibsonjessica@example.com,BBSD80732189514197,53875.11,324.0,1
CUST_003254,Vincent Lee,810-89-8735,,JLYZ07568680477900,51749.16,659.0,0
CUST_003255,Kara Short,686-73-3257,peteradams@example.org,SCHT21170594669614,7838.23,849.0,0
CUST_003256,Dominique Ellison,247-11-6857,jbailey@example.net,HVHX52954005453042,66003.59,592.0,0
CUST_003257,James Martinez,024-29-8844,william47@example.org,SYTI03640298168783,41478.2,826.0,0
CUST_003258,James Hurley,493-56-1454,joshuahuerta@example.com,SDKL15219836230817,68043.02,812.0,0
CUST_003259,Lori Robles,773-16-8456,paulwhite@example.net,ICKM82072799994994,16919.46,390.0,1
CUST_003260,Susan Henry,229-39-9675,michaelbrooks@example.com,HYYW67408656002295,63400.99,433.0,0
CUST_003261,Andrew Abbott,316-49-4010,travis74@example.org,DPMB79876799368919,54320.52,841.0,1
CUST_003262,Curtis Johnston,150-99-0886,dgreen@example.org,LJYZ63344190128029,45398.67,430.0,0
CUST_003263,William Valdez,585507495,palmerpatricia@example.net,KLTO20565227192680,19810.67,747.0,0
CUST_003264,Todd Cordova,187-72-8815,kellymelissa@example.org,QWQA69733828789917,16412.11,840.0,0
CUST_003265,Eddie Glover,712-48-1036,gharris@example.net,NTYT28710023977043,234.49,367.0,1
CUST_003266,Alexis Hansen,420-56-0150,baldwineric@example.org,YHFQ99710575498111,55562.04,314.0,0
CUST_003267,Amy Hobbs,471-06-5380,james96@example.org,JPDI38401154033596,-350.64,321.0,0
CUST_003268,Michael Quinn,150927862,nathan79@example.com,XPOC86986830177626,53430.95,712.0,0
CUST_003269,Kristi Chambers,224063887,matthewjohnson@example.org,YUMT68260692804179,38842.47,392.0,0
CUST_003270,Theresa Arroyo,199-10-7670,ryanflowers@example.org,OMMB02855038471068,71598.35,394.0,0
CUST_003271,Courtney Massey,080-49-3281,vincent10@example.com,HWCB10945975130120,9984.21,806.0,0
CUST_003272,Tracy Lee,359-72-5868,kellyevans@example.org,AEYO25772619584361,70852.86,770.0,0
CUST_003273,Mrs. April Collins DVM,745-44-5203,matthewmyers@example.com,EQAZ85762362391613,54845.67,607.0,0
CUST_003274,Elizabeth Allen,880952819,christinathompson@example.org,WZUB88063572989820,68185.44,735.0,0
CUST_003275,Shannon Manning,065-22-2373,avilamichael@example.com,MJHD69580068411602,69062.63,827.0,0
CUST_003276,Carol Irwin,577-14-3553,donna78@example.org,ZZPY23874848936980,54087.45,550.0,1
CUST_003277,Aaron Howell,608-73-2687,bwilson@example.net,GPWI21415709952104,23534.73,678.0,0
CUST_003278,Larry Chase,786-85-6076,zlara@example.com,JJXP61494340501368,60266.62,453.0,1
CUST_003279,Brett Stone,659-12-5315,alex99@example.org,WWLF35589729550552,408.89,671.0,0
CUST_003280,Michelle Vargas,466-24-7070,kevinmanning@example.com,FTVV34662972548354,33209.07,684.0,1
CUST_003281,Breanna Hunt,639044407,barnesbrian@example.net,VABE30972967828661,52656.05,714.0,0
CUST_003282,Joshua Ortiz,306766685,zbutler@example.com,JHZJ10230130113263,9915.09,316.0,0
CUST_003283,Jennifer Brown,778-31-6767,holly44@example.net,GIXQ15391221904360,37778.17,441.0,0
CUST_003284,Scott Perez,420-81-1469,clifford87@example.org,YVZM94421106709905,72595.02,452.0,1
CUST_003285,Austin Parker,263-95-7951,hortonrose@example.com,BIAV44646389892284,66486.81,808.0,0
CUST_003286,Aaron Barrett,580-21-1682,jake00@example.com,UPUH58054163189275,68412.07,497.0,0
CUST_003287,Hunter Davidson,849-95-8372,parsonsjacqueline@example.net,AWNW74817989033039,33809.75,308.0,0
CUST_003288,Scott Johnson,121509295,pooleamy@example.com,DECO09944957181341,71256.54,639.0,0
CUST_003289,Karen Garcia,493-32-2591,,GNCB67076967025891,12840.05,635.0,0
CUST_003290,Heather Martinez,325-54-7507,ipadilla@example.com,UPRY10528941686318,8138.88,332.0,0
CUST_003291,Brenda Ali,617-99-6743,chudson@example.com,TVAK41166911534052,30334.09,355.0,0
CUST_003292,Michelle Coleman,687-06-4753,jwilliams@example.org,QNTZ90078281604137,1736.67,479.0,0
CUST_003293,Thomas Gordon,769-33-5676,tsmith@example.net,JDAH11155770183078,46849.58,370.0,0
CUST_003294,Scott Hubbard,267-33-7967,courtneyarnold@example.org,JHEA13022393540357,39692.55,683.0,0
CUST_003295,Jessica Adams,093-19-4464,keithrojas@example.net,ZDTM57351549606607,71656.88,564.0,0
CUST_003296,Jay Silva,652-31-6637,hamiltonsarah@example.net,RHIQ54975157980058,12916.68,447.0,1
CUST_003297,Nathan Bennett,575-30-4289,darren61@example.net,BCOT82109592783328,28402.86,325.0,0
CUST_003298,Ruth Ball,631-79-6334,riveratonya@example.net,BMLC51382226293658,53797.98,509.0,1
CUST_003299,Sherri Austin,854667629,ricelauren@example.net,JRRE52679138851586,25904.04,731.0,0
CUST_003300,Alexander Miller,221-53-5141,thomasalan@example.com,TCUO80766154580618,23497.7,403.0,0
CUST_003301,Brian Jackson,525-78-8678,jared54@example.org,GLOM91364725985684,29265.2,303.0,0
CUST_003302,Michael Holland,024700462,luke10@example.org,IHBD94267363251531,26006.72,709.0,1
CUST_003303,Tyler Cordova,423-75-1691,thernandez@example.com,FKTB47547691713595,69458.13,752.0,1
CUST_003304,Jay Reed,673-80-7380,wjones@example.com,CEOD99272419878333,63245.34,600.0,0
CUST_003305,Peggy Hoover,351-89-1113,lwhite@example.com,EWEA22796177001280,47752.95,670.0,0
CUST_003306,Michael Day,805-33-0344,vjohnson@example.com,RRWT83311989683540,22399.76,794.0,1
CUST_003307,Raymond Warner,683-53-2790,carrievalenzuela@example.org,JGET00889509157275,20026.58,514.0,0
CUST_003308,Anna Nelson,283-56-2565,adamslisa@example.com,KALH86531235848420,28069.48,456.0,1
CUST_003309,Patricia Ayala DDS,885219686,michelledaniels@example.com,KXPU97273139211808,63182.49,664.0,0
CUST_003310,Colton Bennett,050592259,umcdonald@example.net,IGQK72903216515567,29675.04,583.0,0
CUST_003311,Melissa Davis,141430173,william36@example.net,WWPX65973246057050,50128.84,804.0,0
CUST_003312,Wendy Lopez,776-17-2646,seanjackson@example.org,QFKY17024552674693,18305.36,739.0,0
CUST_003313,Dylan Long,190-22-8192,vincentsnyder@example.com,GAFV73220448400045,37283.43,814.0,0
CUST_003314,Sabrina Rogers,377-74-9898,lauren48@example.org,FIYH34772048443762,60003.49,849.0,0
CUST_003315,Pamela Bauer,450120870,vthomas@example.net,XZPL96559876941300,25722.41,400.0,0
CUST_003316,Alexandra Beck,506-55-2320,lauren51@example.org,UDMS31824464956656,65801.28,618.0,0
CUST_003317,Edward Graham,693-36-9524,jeffrey05@example.com,XBSN12734857949418,18158.66,330.0,0
CUST_003318,Erin Yang,757-48-9211,gpace@example.org,ZLIT41587449150222,39355.89,304.0,0
CUST_003319,Julie Spencer,031084951,kpineda@example.org,CMWK50891490876991,47960.43,817.0,0
CUST_003320,Lance Spence,303-59-5259,frankclarke@example.com,QVAW26782249093427,52264.49,407.0,0
CUST_003321,Jared Roberts,853-54-3775,mwood@example.net,KCKM24993729952043,71826.46,382.0,0
CUST_003322,Sarah Morris,373-77-9430,mward@example.net,YXPW29846858576050,68883.26,786.0,0
CUST_003323,Angela Copeland,600-25-5913,diazrachel@example.org,TFSV18819405484652,6967.06,777.0,0
CUST_003324,Kathy Mendez,158-94-7384,john68@example.net,OMRE05426024421173,66289.27,697.0,1
CUST_003325,Nathan Rodriguez,054-85-7070,antoniostephenson@example.org,JRLB70134223550440,53504.32,352.0,0
CUST_003326,Christopher Williams,172880512,garciaamber@example.com,EADU10412588604960,73352.79,777.0,0
CUST_003327,Stacy Hickman,258062988,srodriguez@example.org,KFMC72827026125927,8596.26,510.0,1
CUST_003328,Monica Hicks,799-79-3474,julie76@example.com,YAZD00849525400351,8513.18,783.0,1
CUST_003329,Mark Lopez,441291320,candacealexander@example.net,SJOQ97926911616466,38955.26,303.0,0
CUST_003330,Franklin Schwartz,777-38-5408,kevinserrano@example.com,YOMR24584851662635,16615.67,,1
CUST_003331,Timothy Rivera,286-02-2769,fdougherty@example.org,ZDNR33142147238032,7885.65,781.0,1
CUST_003332,John Forbes,315818546,david85@example.net,IHEA58920790426613,65873.2,693.0,0
CUST_003333,Robin Morris,161101439,umclean@example.net,ETKQ03120132796855,25083.02,532.0,0
CUST_003334,Alison Burgess,309-73-3048,hoganwilliam@example.org,AAFQ10593903064167,67671.84,486.0,0
CUST_003335,Melissa Boyer,279268322,mariadavis@example.com,IADA77250210985930,27158.4,660.0,0
CUST_003336,Robert Lopez,203-15-1868,brittany69@example.com,GZSY41187274293317,18895.43,600.0,0
CUST_003337,Daniel Santana,273-04-2830,,ULJT17808855763416,13559.83,424.0,0
CUST_003338,Francis Robinson,086610386,trevorstein@example.org,XILW74129860377905,57138.09,660.0,0
CUST_003339,Christopher Clark,892-37-8407,ryanmoore@example.org,DUXY78872878265003,59963.95,665.0,0
CUST_003340,Daniel Davila,607813835,morganjasmine@example.net,TMPD83239530215595,73681.98,673.0,0
CUST_003341,Michael Wallace,530-77-9153,brandon03@example.net,VCBL18507972281089,3646.36,418.0,0
CUST_003342,Jennifer Jones,173-52-9532,hayeskylie@example.net,RUTD13203609603374,-166.91,309.0,0
CUST_003343,Jessica Simon,653-96-8269,nelsonmercedes@example.org,BPTH44696909102319,48482.72,564.0,1
CUST_003344,Laura Knight,543-05-5378,kayla14@example.com,APSC94923592027304,51960.28,527.0,0
CUST_003345,Michael Carter,172-96-4033,nwood@example.com,HADD16705121075353,16139.49,310.0,0
CUST_003346,Jennifer Hunter,302-52-5282,jonathan73@example.net,LLRI91282642491485,5131.87,315.0,0
CUST_003347,Frank Bruce,460-16-6882,susanthomas@example.org,RSHU01612792426281,4880.75,787.0,0
CUST_003348,Rodney Glenn,150-99-7256,nchavez@example.net,PDCI67530157055701,52220.58,713.0,0
CUST_003349,Brad Hickman,821382071,ajacobs@example.com,SDVQ24404283242009,64618.88,,0
CUST_003350,Molly Collins,727436042,hamiltonelizabeth@example.org,MJEN33313256212741,8446.11,582.0,1
CUST_003351,Joshua Garrett,861-65-3058,kennedydonna@example.com,XTOO29161693496174,37670.11,734.0,0
CUST_003352,Jason Shelton,499-36-8284,maddensuzanne@example.com,XWEB75704648371530,23731.85,413.0,0
CUST_003353,Maria Mendoza,576-38-1338,qvaldez@example.com,IHDZ21827259673475,24378.44,400.0,0
CUST_003354,Kristin White,282188966,briankim@example.net,XKXM09157541579614,6933.91,670.0,0
CUST_003355,Garrett Gillespie,651-76-6358,bishopkristin@example.org,NEEH53422132868797,50194.22,,0
CUST_003356,Megan Montgomery,375107196,svargas@example.org,YTJP58598934432801,21600.27,678.0,0
CUST_003357,Jason Martin,444-30-7296,shirley06@example.net,PCLY48949505362360,26536.78,752.0,0
CUST_003358,Douglas Campbell,612-66-9250,nparks@example.org,WKSN46521572489566,8748.98,693.0,0
CUST_003359,Stanley Rivera,004-51-4388,blevinstiffany@example.org,XOAA46660522612471,56324.21,792.0,0
CUST_003360,Deborah Johnson,604-12-5150,laura16@example.com,TUCX70669354891021,73391.86,842.0,0
CUST_003361,Jared Yates,599-29-2452,ipeterson@example.com,GQGH99704983563277,62960.52,815.0,0
CUST_003362,Brett Stevens,783-78-1951,tfox@example.net,ONZR75264379797525,11730.82,476.0,0
CUST_003363,Amy Jacobs,345911955,pagedaniel@example.org,WKSR26349459053754,73585.52,761.0,0
CUST_003364,Sheila Bryan,392-55-9648,katie98@example.org,CART87269059471373,30954.77,556.0,0
CUST_003365,Brendan Cunningham DDS,430-64-5076,browneric@example.com,UQGY70394731254970,10358.17,369.0,0
CUST_003366,Heidi Parks,108248858,katherineevans@example.net,PIXD60731985047882,40910.98,710.0,0
CUST_003367,Ms. Maria Ortega,494-90-3127,patricktimothy@example.com,ERZV72740647088704,66930.29,741.0,0
CUST_003368,Aaron Mcclure,346-36-5654,jennifer22@example.org,URPS43205000943659,50222.56,330.0,0
CUST_003369,Laura Berry,406-11-7399,mcmahonalexandra@example.com,GNAN94347296932152,44144.79,539.0,0
CUST_003370,Jeffery Lewis,778-26-4957,amanda40@example.net,RXWD88264909412547,19107.97,655.0,0
CUST_003371,Tristan Duncan,121-29-0759,ecarlson@example.net,VXIG08943666470547,10431.66,504.0,0
CUST_003372,Kristy Lee,380-91-1202,hmiller@example.org,BPDH08028785272440,63958.46,739.0,1
CUST_003373,Lindsay Franklin,307-01-8552,wking@example.org,RQEE13172361328000,55208.93,721.0,0
CUST_003374,Jessica Lynn,763-01-4451,janet61@example.net,GGIN70577364140226,37235.76,647.0,0
CUST_003375,Thomas Jones,711441399,pedwards@example.org,RBEQ82398843772118,64630.45,547.0,0
CUST_003376,Vincent Sweeney,601723891,calebsuarez@example.com,TUPF04868182041292,15359.37,712.0,0
CUST_003377,Jason Barnes,347-41-3264,kaylanichols@example.net,WUWI56863146870411,52815.58,479.0,1
CUST_003378,Alex Hoffman II,171-23-2953,davidkrueger@example.org,DVEJ64880788990707,62611.7,679.0,0
CUST_003379,Kyle Robertson,044-52-5018,wheelerspencer@example.com,EDLE34841719322571,7548.9,468.0,0
CUST_003380,Mark Gillespie,417867638,hbyrd@example.net,HEAG60714987037844,8108.51,574.0,0
CUST_003381,Amanda Gomez,785-55-7170,wardnicholas@example.com,JDWG19299322394780,12766.97,,0
CUST_003382,Lisa Levine,370-02-5908,vclark@example.com,GMRW56880109997348,60388.61,491.0,0
CUST_003383,Matthew Herrera,257-44-8869,clarencecohen@example.com,UMGB56259722370914,42432.24,314.0,0
CUST_003384,Anthony Phillips,239-98-2401,margaretturner@example.net,AJTM09133077262928,19782.14,379.0,0
CUST_003385,Brittney Garcia,030-69-9798,fkim@example.com,LZVW80257699858939,66207.12,319.0,1
CUST_003386,Ronald Warren,375-22-1801,robert11@example.net,FRWR55189553945345,33146.44,340.0,1
CUST_003387,Thomas Romero,752-69-9878,nicholaswilson@example.com,CBXL59794223413242,14470.48,489.0,0
CUST_003388,Debbie Mendoza,869-97-6475,taylor07@example.com,NKWI56035661973996,43106.69,415.0,0
CUST_003389,Keith Stone,029-73-1071,,TISD20032586637021,32208.96,547.0,1
CUST_003390,Anita Baxter,224-19-7075,davistracy@example.net,WODP38233797130271,55478.19,632.0,0
CUST_003391,Christian Evans,080-52-4662,tiffany79@example.com,GZNH76274208600219,61230.59,632.0,0
CUST_003392,Robert Maxwell,099397613,terri88@example.org,QRFI89323174848741,34382.31,461.0,1
CUST_003393,Logan Gomez,898-38-7596,michaelsanchez@example.net,ZMCP47383669471834,67057.98,420.0,0
CUST_003394,Phillip Martinez,234-91-0409,odaniels@example.org,NKVW55605923389251,57816.51,739.0,0
CUST_003395,Herbert Flores,882-47-9005,fwhite@example.org,WUFT28503413590706,48264.06,475.0,0
CUST_003396,Elizabeth Richardson,514188062,joshuarichardson@example.net,AQPY81329911118279,15008.38,800.0,0
CUST_003397,Alexis Lopez,097-56-3880,webbjennifer@example.org,QMLW98989208582455,54070.34,817.0,0
CUST_003398,Charles Klein,149874272,larsenheather@example.org,GLTX98575122537698,36884.71,,0
CUST_003399,Donna Harris,177199447,jacobwade@example.com,AVOC01563391807576,272.33,405.0,0
CUST_003400,Tyler Rich,142-10-3462,tjordan@example.net,JFGE89310498806944,13555.89,379.0,1
CUST_003401,Jason Jacobs,465-41-6020,lisa33@example.org,WDXL92822496382569,17483.84,333.0,0
CUST_003402,Rachel Evans,812822250,barbara41@example.com,QDLV11300105899114,12588.13,460.0,0
CUST_003403,Barbara Carson,578-10-1527,vanessaphillips@example.net,XMDG54663907387565,12166.84,666.0,0
CUST_003404,Judith Sanchez,068-57-4292,kevin85@example.com,WSAJ01272419750288,24519.55,360.0,0
CUST_003405,Steven Sutton,206-58-2782,brownleonard@example.com,FOLO77783218673372,24306.34,334.0,0
CUST_003406,John Miller,609-67-9805,jeffreyhuff@example.org,YLLT15178273350214,41799.79,513.0,0
CUST_003407,Cindy Smith,004612497,lindamitchell@example.net,EIEQ23442907122302,21738.02,552.0,0
CUST_003408,Kelsey Williams,480-95-2946,kathy94@example.com,UIII40513748870554,40073.97,655.0,0
CUST_003409,Anthony Wagner,730146146,randallmitchell@example.com,THBS98233215328233,9037.58,575.0,0
CUST_003410,Carol Green,635260151,conleyhaley@example.net,BSQB78721138470402,58395.72,702.0,0
CUST_003411,Jeremy Rios,427-01-3345,jacobbennett@example.org,VFZT55363157370388,3761.36,446.0,0
CUST_003412,Frank Rivera,889147116,davidray@example.com,NGLS99906702317508,22828.75,,0
CUST_003413,Brett Buchanan,386-98-8873,yenglish@example.org,EFDZ19864471334181,58002.98,574.0,0
CUST_003414,Seth Heath,697-75-3974,deniseavila@example.org,KGNZ13818487867771,73941.77,400.0,0
CUST_003415,Andrea Stephens MD,028-80-1505,leachjoe@example.com,OUMF57316956285916,7040.53,681.0,0
CUST_003416,Gregory Meyer,632-93-3112,snguyen@example.net,NOZK80827337799793,20192.25,626.0,0
CUST_003417,Brittney Melendez,258-97-1685,dylan39@example.net,QKQM85873257443387,28423.68,445.0,0
CUST_003418,Nicole Johnson,509-78-7628,jamescampbell@example.net,VZDC96862113759648,57367.17,327.0,0
CUST_003419,Robert Taylor,264-81-4750,mgoodman@example.org,YCQF69549001038012,67630.12,622.0,0
CUST_003420,Joseph Houston,889-87-0692,yhale@example.net,FSOH99599274033921,4240.99,535.0,0
CUST_003421,Kelly Navarro,718-09-3105,desireeharris@example.com,IBBY51563935130399,53844.55,442.0,0
CUST_003422,Elizabeth Graves,301-99-5897,robert90@example.org,EFRS95182432565094,3227.39,752.0,0
CUST_003423,Brittney Harris,158759793,pbrown@example.org,GMLI53157434797564,45212.58,429.0,0
CUST_003424,Raymond Mayer,257-14-7394,brianna97@example.net,BUND12170437965084,6553.54,541.0,0
CUST_003425,Rhonda Alvarez,522-40-2172,david81@example.com,FPNT81716420743751,69848.7,412.0,0
CUST_003426,Matthew Harrington,629-62-0700,kgarner@example.net,KUQR78711967477531,40476.23,804.0,0
CUST_003427,Jason Jenkins,416-72-0130,angelahowell@example.com,TXLL15403289262475,72104.0,540.0,0
CUST_003428,Kelsey Davis,358-57-0262,danielle46@example.org,DWJZ55451175595839,6693.26,358.0,0
CUST_003429,Eric Gill,881-62-9480,steelewilliam@example.com,WTLM72308554436449,32213.47,358.0,1
CUST_003430,Wendy Turner,031-51-4091,matthewmcneil@example.net,XWNR83849169715762,55010.69,843.0,0
CUST_003431,Jim Thompson,645-82-0389,jeremychase@example.org,CZYQ62647788093676,52310.04,,0
CUST_003432,Mrs. Amanda Mcdonald,899-17-4969,jmartin@example.com,THTB20014501624440,29541.34,428.0,0
CUST_003433,Melanie Mitchell,206755415,matthew42@example.org,HBLM96058082300679,64600.9,626.0,0
CUST_003434,Susan Carpenter,658065817,,MAVR17597011908047,11506.31,487.0,0
CUST_003435,Gina Wang,413457255,monicahall@example.net,QQEL81202725811416,54564.88,715.0,0
CUST_003436,Cole Stephenson,388-72-2441,ymoreno@example.org,KCKL29742866771902,30544.78,557.0,1
CUST_003437,Andrew Cruz,848802360,zbryant@example.net,RWZS70794720529177,59365.38,551.0,1
CUST_003438,Kristy Snyder,291-15-1728,jeremy64@example.org,ZURI31124098604366,364.07,313.0,0
CUST_003439,Jeremy Patton,427-31-8892,,HCMI21963461087598,32975.49,437.0,0
CUST_003440,Lori Williams,674285370,matthewsmichael@example.org,WYVS26824837516061,62016.36,353.0,1
CUST_003441,James Edwards,219-39-9741,rickey24@example.org,BATP46524834831145,62614.52,340.0,0
CUST_003442,Carol Palmer,301823106,jeffreysawyer@example.net,DHQW59864684808522,5872.37,524.0,0
CUST_003443,Abigail Wells,292-60-1568,cisnerosedward@example.net,TQUF59955114068400,11604.32,774.0,0
CUST_003444,Mary Gould,694-59-0158,zmcgee@example.org,DCYD62820556419903,51959.5,729.0,1
CUST_003445,Kari Brown,547-70-3454,christy94@example.com,JTEF10561219997525,2314.03,709.0,0
CUST_003446,Luis Lewis,377-81-8891,sean63@example.com,OEVL12120865509907,62960.99,785.0,1
CUST_003447,Kyle Garcia,437062695,albert63@example.net,IDKD36124036012782,39191.98,662.0,0
CUST_003448,Mrs. Stacey Castillo MD,199-19-3775,ispencer@example.com,KYNR87955299100629,19988.96,392.0,0
CUST_003449,Anthony Johnson,145-53-1500,jonlee@example.com,ARGV40017047640038,7904.97,502.0,0
CUST_003450,William Howell,597-63-9579,arose@example.org,JSLN88968273470724,19052.63,395.0,1
CUST_003451,Leslie Wheeler,619676850,rhondapearson@example.com,BKVK06728236083523,28876.25,582.0,1
CUST_003452,Dr. Susan Liu,626-90-1554,johngraham@example.com,WPYW02874892823131,12990.12,781.0,0
CUST_003453,Stephen Torres,233-85-9995,christopher61@example.net,WLGG51749646846719,67019.32,332.0,0
CUST_003454,Trevor Roberts,326-55-4935,psimpson@example.org,PFIY05394772313336,13094.59,346.0,0
CUST_003455,Amanda Peterson,039-10-4553,thomascox@example.net,KGSL73033416046290,64305.27,402.0,0
CUST_003456,Natalie Miles,896437577,watsonroger@example.com,FMHL40570136324938,36828.28,493.0,0
CUST_003457,Shane Durham,815-63-1770,stephenspaul@example.net,WSTC49825046161713,41807.32,755.0,0
CUST_003458,Sarah Young,105-95-6223,andersonkaren@example.org,ANSB66131212988746,16036.33,653.0,0
CUST_003459,Brittany Perez,808-01-0106,paul48@example.org,JNWD19263393090658,42731.26,759.0,0
CUST_003460,Teresa Martinez,176-04-3300,spencergreg@example.com,RNSL59616891490889,57839.67,678.0,0
CUST_003461,Veronica Martin,668-41-0123,justin56@example.com,GXNG65675696542095,42370.41,587.0,0
CUST_003462,Stacy Roberts,391-68-6215,,BDWN29988584916584,19599.64,312.0,1
CUST_003463,Lauren Odom,835-08-0137,cantumichelle@example.com,HUVI99850308389244,24959.82,620.0,0
CUST_003464,Ronald Frye,665389328,thomasdawn@example.com,FFCR43230748745340,20528.8,628.0,0
CUST_003465,Brian Collins,608-79-8377,fscott@example.net,GWVL97280466746493,58466.45,788.0,0
CUST_003466,Francisco Baker,576-47-3660,sanchezronald@example.com,ACWQ97239858798066,63405.46,720.0,0
CUST_003467,Catherine Wagner,869636311,kiddstephanie@example.net,WOGA40009536567372,38952.55,582.0,0
CUST_003468,Karen Maddox,841-64-8710,xgonzalez@example.net,YRII14253360286908,56309.36,659.0,0
CUST_003469,Glenda Henry,338-92-9787,jmorris@example.net,IZZJ63428535746206,50797.46,697.0,0
CUST_003470,Jessica Rodgers,588-18-5596,dnielsen@example.com,SQBY01769666715630,58552.21,676.0,0
CUST_003471,Emily Peterson,634-75-2280,robin34@example.net,UMMR00027313726512,38573.45,334.0,1
CUST_003472,Mary Owens,834-77-2662,wigginsbenjamin@example.org,BFWC19906436977944,43053.28,412.0,0
CUST_003473,Kenneth Lin,459-78-4055,andersonjames@example.org,RYFP36921916771086,48560.81,694.0,0
CUST_003474,Christopher Sweeney,453-79-9735,dorseyjo@example.net,ORDW78952786903004,31844.55,645.0,1
CUST_003475,Holly Wilson,454-94-1037,,OCMC37018110735527,31572.84,821.0,0
CUST_003476,Nathan Holmes,519-56-8986,steven25@example.net,VQWR34987789415679,15429.77,714.0,0
CUST_003477,Michael Moore,212-63-8756,hgreen@example.net,XSSM72334617891771,9740.77,487.0,0
CUST_003478,Jennifer Wright,166-35-6396,adavis@example.net,TVJO47179938868487,20731.3,383.0,0
CUST_003479,Corey Sullivan,097-95-2299,pageheather@example.net,LYLC31277315281590,32033.55,523.0,0
CUST_003480,Nicole Howell,848131954,catherine87@example.org,MGTW45128589130898,28734.42,510.0,0
CUST_003481,Lisa Farley,725-78-9696,hsalazar@example.net,ZIQX34306741671239,38385.31,,0
CUST_003482,Jennifer Shea,103-03-8379,vlee@example.net,PQTT72437243675235,59810.91,630.0,0
CUST_003483,Carlos Chase,527-60-1741,sbates@example.com,NCZG08524719535307,9994.42,420.0,0
CUST_003484,Debbie Chen,172939244,obaxter@example.com,UZPQ48399741353123,57257.07,379.0,0
CUST_003485,Joann Lawson,662334179,gerald69@example.com,YBCE47101038333112,29001.94,491.0,0
CUST_003486,Robert Patterson,496142325,heatherschmidt@example.net,MVFU42823766378831,69785.41,315.0,0
CUST_003487,Marilyn Perry,097369229,gflowers@example.org,SIHG83645482739548,62691.83,382.0,0
CUST_003488,Steve Christian,735-45-6163,donaldroman@example.net,QXYY29682924590947,8559.85,457.0,0
CUST_003489,Matthew Massey,257-80-0773,oyoung@example.org,KELQ88582124023814,60223.35,774.0,0
CUST_003490,Jacqueline Haynes,358610036,lynnkimberly@example.com,DVZE56809634893659,61588.07,615.0,0
CUST_003491,Diane Smith,573110275,sandovalbrandy@example.org,FPQL39874573641492,15071.64,848.0,0
CUST_003492,William Patton,201248660,daltonmccarthy@example.org,FXVX10796366902051,57716.75,634.0,0
CUST_003493,Gabrielle Leonard,801847953,ywoods@example.net,RLLF02981352833882,20811.91,728.0,0
CUST_003494,Wayne Page,889-13-5560,bryantmichael@example.net,GXBF35988600000468,25168.38,749.0,0
CUST_003495,Amy Bass,357-13-5743,shaneho@example.org,XZXG35701916509298,71873.55,578.0,0
CUST_003496,Jennifer Miller,155-18-4905,jfernandez@example.org,UEWP40129676424954,58869.4,355.0,0
CUST_003497,Paula Sloan,662-50-6490,thomasholly@example.org,DXVH25880761292706,5188.52,414.0,0
CUST_003498,Jesse Blake,126-84-2085,alfred38@example.com,ZEGO92814802298358,27956.34,577.0,0
CUST_003499,Jacob Mckenzie,226-38-4639,tpham@example.org,FWQX83351158270245,43282.33,353.0,0
CUST_003500,Susan Contreras,712890691,jchen@example.org,FCCC94701172396319,69036.11,445.0,1
CUST_003501,Victoria Wall,414312789,ohayes@example.net,PQLL67123016743021,70430.92,347.0,0
CUST_003502,Jason Schneider,796-22-8593,,LQTJ83286464126630,47126.21,343.0,0
CUST_003503,Jonathan Payne,391-49-8298,dgray@example.net,PHNX49335468175579,1874.13,367.0,0
CUST_003504,Randy Werner,679-10-7653,amanda04@example.net,MURX50756638623388,30803.74,478.0,0
CUST_003505,Kevin Vance,198-20-5658,,LNVN03562380255578,24131.8,330.0,0
CUST_003506,Olivia Francis,093-55-8166,barbara48@example.net,JOBU23756190424462,43248.75,647.0,1
CUST_003507,Elizabeth Winters,033551716,briley@example.org,TLZZ83960483182118,6205.71,729.0,0
CUST_003508,Patricia Sims,731-75-1366,leverett@example.net,IVIA60882479222978,44787.98,694.0,0
CUST_003509,Matthew Williams,885277619,kerrcharles@example.net,FWTG98908553277770,674.48,333.0,0
CUST_003510,Garrett Brown,647-87-5844,matthew54@example.com,UTME47665905349757,3789.8,479.0,1
CUST_003511,Jonathan Hurley,615612930,dglass@example.org,NEGF17914018643571,20686.13,523.0,0
CUST_003512,Omar Cox,507213539,petersphillip@example.net,SILK46972614244839,18607.67,834.0,0
CUST_003513,Bridget Gardner MD,419449063,ryan37@example.net,EUNS44655173723423,326.88,602.0,0
CUST_003514,Kim Bailey,519-01-8221,,NWQZ28742594373591,65706.35,520.0,0
CUST_003515,Russell Ortiz,591-30-3680,,NUMU27387248863592,71740.24,769.0,0
CUST_003516,Ann Larsen,273811916,micheleperkins@example.net,MCIG26995376882409,33576.86,360.0,0
CUST_003517,Samantha Hays,165-12-7450,kimberly94@example.com,JOAH48993192649928,68830.96,600.0,0
CUST_003518,Tammy Johnson,075-02-2253,stuartmedina@example.org,TUQM73921121961872,22779.57,660.0,0
CUST_003519,Brian Miller,411-64-3356,vreeves@example.org,WTAS44675075046122,5476.52,845.0,0
CUST_003520,Justin Walsh,611-89-8914,hannahlynch@example.com,MPNC46117769693911,728.26,548.0,0
CUST_003521,Donald Bryan,846-34-3113,mollysparks@example.org,XGSK27367413045047,38006.57,450.0,0
CUST_003522,Debbie Levine,891-75-4261,taylor10@example.com,SAZX07136591061835,18282.11,678.0,0
CUST_003523,Carol Gregory,618-24-9684,suzanneparker@example.com,UTWV23595510725457,72035.13,536.0,0
CUST_003524,Jill Armstrong,183-54-5150,williesims@example.net,EFQT89924280310846,46682.17,841.0,0
CUST_003525,Ashley Everett,334048246,collinsjohn@example.com,OUQR85882818896672,42304.54,796.0,1
CUST_003526,Angela Hughes,275-91-3424,wolfekayla@example.org,YYRB80579163392829,56011.35,562.0,0
CUST_003527,Timothy Mccarthy,136-26-8614,parkerandrew@example.com,WQBW38650306665575,42057.5,431.0,0
CUST_003528,Wayne Dougherty,827-33-9664,garrett22@example.com,MNHY22581602237799,69821.92,717.0,0
CUST_003529,Robert Wilkerson,842-16-3803,schneiderelizabeth@example.net,UXZS86794220585927,68105.43,458.0,0
CUST_003530,Nicole Schroeder,330-43-0283,bsantos@example.com,PHES72914022680814,18220.1,628.0,0
CUST_003531,Megan Sawyer,327-55-6744,crystalmurray@example.org,UUKJ07913705711327,38364.98,807.0,0
CUST_003532,John Lang,209-60-1733,billy07@example.org,FXCY68445655201332,22233.64,552.0,0
CUST_003533,Lisa Wallace,401467550,kristin52@example.net,FPPP19101646082821,18485.89,552.0,0
CUST_003534,Nicole Vega,092116600,costajody@example.com,HUXF76733022930848,57214.9,,0
CUST_003535,Eric Barron,805-45-3334,porterhayden@example.net,UEYD64942027818325,4520.64,604.0,0
CUST_003536,Tim Bell,310-98-3088,ljones@example.org,EZCL56719201248441,10582.95,368.0,1
CUST_003537,Ryan Douglas,125253059,cookmario@example.com,PWRG15234993726995,2048.56,591.0,0
CUST_003538,Sandy Wilson,741-60-2932,smithmegan@example.net,IZQL80482764233693,14911.46,807.0,0
CUST_003539,Calvin Jenkins,483035618,stephanie43@example.com,CELO37821056733806,2004.49,745.0,0
CUST_003540,Laura Moore,086-09-0733,,HLMK02671534557404,58835.78,438.0,0
CUST_003541,Alexander Wilson,144-42-3967,petersonsusan@example.org,SVRB41865673856488,10925.54,831.0,0
CUST_003542,Laura Dodson,326-17-8226,kaitlynmiller@example.org,DLWY96360402451719,36078.18,736.0,0
CUST_003543,Maureen Kelly,478-40-5055,richardclark@example.org,HQTN01052822753495,41681.8,710.0,0
CUST_003544,Wesley Phillips,528623411,kaitlyn77@example.com,ZKWA32467781732265,40662.53,334.0,0
CUST_003545,David Wright,762-97-9159,hawkinsjennifer@example.net,QJEM59798436201711,-174.3,785.0,0
CUST_003546,Dana Vargas,435-29-7136,ufranklin@example.com,OEYY60346317890236,30341.08,402.0,1
CUST_003547,April Hicks,150-32-1258,,ROXB01745388322197,56706.02,597.0,0
CUST_003548,Kristen Martin,712-02-5025,robert97@example.net,HLWS01818102105025,36551.82,423.0,0
CUST_003549,Roberto Boyd,242-39-8884,obrown@example.org,LUKT36654552180859,35903.22,623.0,0
CUST_003550,Michele Weaver,849-69-0160,josemontoya@example.com,SKZB60810998452761,14331.92,473.0,0
CUST_003551,Jennifer Hicks,085-71-5990,tiffanywilliamson@example.org,IGIC84243504814853,6005.15,483.0,1
CUST_003552,Kimberly Hughes,648-40-2638,amy97@example.com,IOHP25773063855619,62604.8,372.0,0
CUST_003553,Erica Clements,372-30-7274,juanmoore@example.org,FMFK76229782489182,13835.74,488.0,0
CUST_003554,Gina Edwards,726-89-2696,sydneymatthews@example.org,TFVW99695280707718,21139.14,,0
CUST_003555,Lawrence Chen,098-86-1504,lindadavis@example.org,LMEK59165434967097,39858.16,431.0,0
CUST_003556,Andre Foley,550730491,patriciacole@example.com,DRZB13805206357243,-112.06,781.0,0
CUST_003557,Pamela Summers,334-16-9487,margaretmarsh@example.net,FBOJ47227643911722,35076.88,334.0,1
CUST_003558,Rachel Brooks,623-56-9506,efigueroa@example.net,UQYO04859593897872,6282.05,544.0,1
CUST_003559,Lori Manning,096521917,xlloyd@example.org,MQOW75411847629749,19732.83,692.0,0
CUST_003560,Christina Bates,746-63-5138,froberts@example.com,FWON30901573045231,59506.33,821.0,0
CUST_003561,Jose Brown,275-93-2669,johnsonemily@example.net,MKZJ20986664507073,60485.92,628.0,1
CUST_003562,Elizabeth Jordan,350729202,heatherschmitt@example.net,XBUC67443619353858,29126.25,674.0,0
CUST_003563,Christina Osborn,717-31-6995,lschroeder@example.org,CVGK24624702177025,36638.22,784.0,0
CUST_003564,Jacob Rollins,808-22-5851,joanbutler@example.com,ATTF20896958251749,59987.53,618.0,0
CUST_003565,Roy Saunders,152464091,jferguson@example.com,RXVD19523613775342,74581.81,554.0,0
CUST_003566,Lindsay Pittman,283017073,marcusbrooks@example.net,VIZG31145939207708,60222.53,324.0,0
CUST_003567,Bruce Jones,541-35-0945,fprice@example.org,QJXC45483038606551,70452.76,340.0,0
CUST_003568,Travis Ward,834-31-6357,jgibbs@example.net,WSBJ90782433616063,51179.2,,0
CUST_003569,Jennifer Hudson,609586725,justin31@example.net,JBMY38346611749538,40306.61,455.0,0
CUST_003570,Thomas Jones,552-92-1723,rowedylan@example.org,FKIP56080079376224,67547.81,589.0,0
CUST_003571,Tabitha Rice,261-54-9783,yayala@example.com,PZRZ53733502067238,17373.11,727.0,0
CUST_003572,Jaime Esparza,503-54-0563,joshuadavis@example.org,CJSQ38648878873812,22148.57,321.0,0
CUST_003573,Tamara Lyons,119-91-3587,flemingsharon@example.com,JNSA25968166401748,32116.19,343.0,0
CUST_003574,Rebekah Mcdaniel,765-19-2002,sarah52@example.com,WQHG20671467031286,2713.29,472.0,0
CUST_003575,Juan Adams,843-73-9693,caleb64@example.org,FWQJ38632221705075,6495.56,588.0,0
CUST_003576,Melissa Vazquez,557-13-4379,iorozco@example.org,RQOS70532686679016,10467.09,699.0,0
CUST_003577,Patricia Harvey,749424659,thomas55@example.com,FCIY71195266533067,41846.23,651.0,0
CUST_003578,Robert Nelson,288-46-7050,sheila80@example.org,QVEK42771855168770,44346.97,712.0,0
CUST_003579,Heather Lopez,549511884,brandtkayla@example.org,LMOX61156405873422,11499.38,318.0,0
CUST_003580,Julia Garcia,251-98-8077,annamcgee@example.net,IHBT02068183691248,35544.23,579.0,0
CUST_003581,Amber Small,074-83-9105,hallthomas@example.net,EIUB02432405049113,59141.93,844.0,0
CUST_003582,Stephen Brown,667-97-1865,elizabethadams@example.org,OVUE41742265488510,14349.82,754.0,0
CUST_003583,Tina Beck,633-64-8839,uwelch@example.net,OQCI26632759348755,42708.27,549.0,0
CUST_003584,Mikayla Mcpherson,213-96-9792,dcastaneda@example.com,SNHF38664297422441,74834.06,435.0,0
CUST_003585,Jennifer Singleton,643-01-7687,xjohnson@example.org,HNED02735810790247,27882.48,302.0,0
CUST_003586,Tracy Wade,452-42-4629,christopherbrown@example.com,IPIY55014823479931,55359.67,608.0,0
CUST_003587,Anthony Jackson,799290577,,PZRG67606968799286,-51.71,697.0,0
CUST_003588,Trevor Baker,165608633,hrussell@example.org,UOWA40492224066606,17356.05,,0
CUST_003589,Brian Nunez,651-12-2367,vdixon@example.org,AGGD37587807767758,54685.52,389.0,0
CUST_003590,Frederick Khan,690-11-6589,markandersen@example.com,SNIQ93988611395543,43876.51,311.0,0
CUST_003591,Brian Jones,691-26-5796,michaeleverett@example.net,WRBZ81786977288736,3932.02,542.0,0
CUST_003592,Nicholas Leblanc,400-45-3687,urobinson@example.org,TKEK80009631800986,25091.96,504.0,0
CUST_003593,Shelby Maynard,572-80-2567,joshuajackson@example.org,CBGQ00619587301924,44607.91,536.0,0
CUST_003594,Brandon Dean,420-82-9973,martineztina@example.net,JOCL51515285489598,2645.33,846.0,0
CUST_003595,Victoria Smith,162-37-0277,tylerreyes@example.net,NRMZ11839497527129,61011.93,804.0,1
CUST_003596,Molly Miller,750-29-9974,greenalexander@example.com,QDNJ43373090090629,47077.42,440.0,0
CUST_003597,Michelle Hines,321-72-5826,patriciastone@example.com,BMHG14767300916461,51858.18,637.0,0
CUST_003598,Taylor Adams,521-38-4153,mullendavid@example.org,OIMH19452362190361,8618.56,698.0,0
CUST_003599,Michelle Hutchinson,213-43-2053,stephenellis@example.net,FUYU62376345962635,63317.75,638.0,0
CUST_003600,Andrea Kidd,305-22-4874,ianallen@example.com,BPNM60965459254495,51280.07,452.0,0
CUST_003601,Judy Rodriguez,218-12-7562,rebeccahicks@example.net,RRZP61005948270690,28181.41,540.0,1
CUST_003602,Mr. Nathaniel Reed,773-67-0132,,BEZA82064602883685,22874.57,733.0,0
CUST_003603,Tony Raymond DDS,049983070,heatherrojas@example.net,RVCU86967504464307,56711.59,715.0,0
CUST_003604,Zachary Zimmerman,839100604,amanda37@example.net,RBSY98895377476930,37549.57,327.0,0
CUST_003605,John Hicks,269309508,diana09@example.org,JTQN00542518868905,16895.16,392.0,0
CUST_003606,Aaron Caldwell,714-58-7241,hhanna@example.org,RCJT83502652879059,39255.23,363.0,0
CUST_003607,Whitney Jones PhD,744-27-9395,jamesnolan@example.com,RXRD30575410031699,44100.16,614.0,0
CUST_003608,Joshua Branch,167-39-7361,daniel73@example.com,LCIE43294292840645,54760.18,674.0,0
CUST_003609,Robert Blevins,544-57-8871,cwilliams@example.com,ODRR28533231951215,68801.52,355.0,0
CUST_003610,Mark Jones,125-43-0252,kaylamercado@example.com,YMPI09061435631082,56764.58,837.0,0
CUST_003611,Robert Tate,748594692,wallen@example.net,VUQN11416355578841,22175.99,714.0,0
CUST_003612,Bradley Sherman,588-57-5657,xjohns@example.org,OQUU57671634477987,17246.39,630.0,0
CUST_003613,Sarah Miller,677-17-8624,rebeccaguerrero@example.com,BUWJ53707471314396,29397.1,307.0,0
CUST_003614,Kathleen English,032-13-1613,carol93@example.org,UTXH07504757097414,74533.43,789.0,0
CUST_003615,Tara Salazar,775-49-2563,pauljennifer@example.org,RLPY19751644785894,64093.17,402.0,0
CUST_003616,Larry Campbell,456-16-8374,ohale@example.org,QSWZ74854208481395,17763.11,494.0,0
CUST_003617,Donald Estrada,474-14-3349,igreen@example.com,QLXU62623924151340,15558.96,436.0,0
CUST_003618,Karen Hoffman,390-41-1671,jandrews@example.net,XZYY41895081648773,13546.27,436.0,0
CUST_003619,Madison Byrd,369-59-8766,rthompson@example.org,LYWE52747046571737,67130.6,771.0,0
CUST_003620,Emily Park,238-22-5457,hescobar@example.com,AMAZ89819209382963,32666.85,542.0,0
CUST_003621,Katie Todd,031-62-4500,lewisbrenda@example.org,AXEE12446416166945,25030.16,444.0,0
CUST_003622,Steven Malone,451-16-3890,jwilliams@example.org,WJVL42289743476296,18477.85,300.0,0
CUST_003623,Erin Jones,391222044,vjennings@example.com,QSEC66224165673868,38478.06,600.0,0
CUST_003624,Laura Medina,606-03-0043,,FNTE33833124676773,44119.72,452.0,1
CUST_003625,Michael Silva,026-25-2502,jason14@example.com,RLDL96981322124954,23741.7,386.0,0
CUST_003626,Jennifer Barnes,058377117,williepark@example.org,HQVA51589527783404,3847.21,753.0,0
CUST_003627,Jeffrey Price,829-89-0630,,HFNN80866315271776,41109.12,526.0,0
CUST_003628,Jerry Fry,632-63-6668,bowmandeanna@example.org,SIIM97895500479626,73843.44,518.0,0
CUST_003629,Tonya Foster,863-42-8382,kpierce@example.org,SMRT81928108717682,54215.33,454.0,1
CUST_003630,Joseph Ward,488-72-4521,bartonstephen@example.net,NHIP14113631776260,70412.13,724.0,1
CUST_003631,Christopher Dominguez,447514171,,RPBC45065804695755,29836.59,605.0,0
CUST_003632,Kristen Jones,539-89-0501,jasmine09@example.com,OAZY99190798451743,41667.63,353.0,0
CUST_003633,Jennifer Savage,097978001,ashley31@example.net,MYGV94453221784151,46604.82,611.0,0
CUST_003634,Calvin Horton,384094652,codyking@example.com,GNXI39621976403932,35205.22,604.0,0
CUST_003635,Debra Villa,457-04-0188,davisamy@example.net,OQCN89655208620766,48424.28,744.0,0
CUST_003636,Kenneth Ortiz,563-55-9075,,SIOW57862180816360,31228.72,680.0,0
CUST_003637,Jennifer Williams,218-82-7410,lloydlaurie@example.net,AXYT99757061851688,541.4,340.0,0
CUST_003638,Christina Burgess,308-92-8687,waltersjennifer@example.net,DJCA88265257569078,26440.68,713.0,1
CUST_003639,Arthur White,844-71-3056,michelle80@example.net,PGIA57179857539463,20845.7,758.0,0
CUST_003640,Aaron Cline,074-18-8303,jeannelson@example.net,ESRE51628167279664,38965.26,522.0,1
CUST_003641,Laura Ferguson,067-79-6474,elijah44@example.com,FBVP31083708905377,42860.81,584.0,0
CUST_003642,Brian Nguyen,016-03-0157,townsendheidi@example.net,JBMI97768979903238,52807.96,737.0,0
CUST_003643,Philip Garza,324-22-3836,afisher@example.net,XWMT35419893209899,572.56,588.0,0
CUST_003644,Brandi Martinez,517-67-2743,emilynewton@example.com,IGOW71578993703872,58018.36,746.0,0
CUST_003645,Sandra Weber,361-87-2452,allisonperez@example.net,JROX94769325726044,18923.12,690.0,0
CUST_003646,Kevin Webb,553642893,apalmer@example.com,ZBSR80253523484712,70059.31,846.0,0
CUST_003647,Andrew Salazar,575065785,,LXAL28430443424645,46001.8,647.0,0
CUST_003648,Ann Munoz,468-90-5471,fwyatt@example.com,ZRLJ37826259458385,33507.47,467.0,0
CUST_003649,Stephanie Martin,108639089,thansen@example.org,AFYY44011432054880,68614.23,809.0,0
CUST_003650,Randy Cook,145-21-8873,melissajackson@example.com,XLXB56828607485298,29525.72,772.0,0
CUST_003651,Carrie Duncan,188-99-3757,scarter@example.org,XFUU08172755258939,37339.62,444.0,1
CUST_003652,Mariah Williams,098434404,david89@example.net,VDFD39511673749762,48494.33,359.0,0
CUST_003653,Alison Bauer,169-57-5518,coxcindy@example.net,HUIV75843740278062,38922.82,693.0,0
CUST_003654,Lauren Lynch,279-12-2748,brenda56@example.net,ULEG04514246963710,42952.86,678.0,0
CUST_003655,Benjamin Mercer,463-88-2234,lisapena@example.com,RVZC91112919742694,72921.22,577.0,0
CUST_003656,Renee Walker,272-58-9939,danielphelps@example.org,AHQA90131718718036,33008.62,575.0,0
CUST_003657,Sharon Hanson,537-09-5977,isaiahhaynes@example.org,HWEX87171856067148,17728.86,303.0,0
CUST_003658,Kevin Johnson,585-49-3937,ucook@example.org,WPVH55831062128891,60200.86,351.0,0
CUST_003659,Jessica English,657-08-9137,richard24@example.com,RWQF90311860909166,28506.43,435.0,0
CUST_003660,Stacey Davila,884-79-7940,tracyhood@example.com,KKGQ10904298565851,33446.2,818.0,0
CUST_003661,Jennifer Dominguez,547-41-5808,katherine60@example.com,QCJH02345999274662,71000.16,630.0,0
CUST_003662,Virginia Wood,811690610,xnelson@example.com,QPRT17639029640821,74335.45,,0
CUST_003663,Jeffrey Le,809-73-6080,vbullock@example.net,TZSN31887187988235,39045.0,645.0,0
CUST_003664,Kevin Forbes,369-70-8430,ashley28@example.net,AKLQ14791225157538,21483.35,358.0,0
CUST_003665,Tonya Baldwin,018-96-9507,mariefarrell@example.org,DXBI11097929362584,11119.92,562.0,0
CUST_003666,Michael Coleman,142-08-2119,xrobinson@example.com,FMBR08287238856566,35159.36,603.0,0
CUST_003667,Stephen Knox,085-56-3214,,YTKQ00048916858416,30193.46,847.0,1
CUST_003668,Gloria Silva,244-04-6836,robert45@example.net,HBVW86893977704251,61453.96,342.0,0
CUST_003669,Kevin Smith,732-14-4025,natalie20@example.org,PJUD45187365158543,2941.43,605.0,0
CUST_003670,David Alexander,076-60-8916,michael75@example.net,INGG83280287353941,30546.52,477.0,0
CUST_003671,Cole Simmons,022-95-8011,jasmine39@example.net,MUFR57433116478961,55059.28,528.0,0
CUST_003672,Shelia Mason,487-01-4359,ianderson@example.org,SXSR09075043315999,15550.63,312.0,0
CUST_003673,Angela Le,352-94-8007,zmcconnell@example.org,KTHG68830116064166,44526.44,798.0,0
CUST_003674,Joseph Barber,567-55-3511,shelley47@example.com,DSYO92183160887453,7768.45,,0
CUST_003675,Fernando Simpson,624-62-5107,mcabrera@example.com,WEYV67950355889053,2688.92,509.0,0
CUST_003676,Tyler Spence,116-66-7913,lwagner@example.org,BJFF02445890237024,74083.21,314.0,0
CUST_003677,Matthew Hawkins,335-13-0051,reidamanda@example.com,QWXV68671491696801,18466.72,319.0,1
CUST_003678,John Riley,152144614,dhernandez@example.net,VELU26405179589219,10096.86,742.0,0
CUST_003679,Brittany Glover,841-69-6067,jwoodard@example.net,PKUY91776640072032,65329.43,345.0,0
CUST_003680,Donna Jensen,466975577,franklinkelly@example.net,RFQK97121578550486,73109.27,443.0,0
CUST_003681,Michael Reyes,652-59-8153,kevin51@example.net,DMWS21776797717593,13936.34,619.0,0
CUST_003682,Michael Wilson,065-32-4583,lhobbs@example.org,UPYB30368733911584,34217.64,592.0,0
CUST_003683,Michael Meyer,464-40-4403,rodriguezharry@example.com,PIYS93524143984010,8082.75,616.0,0
CUST_003684,Victor Case,891739635,scotttammy@example.org,NHOW86282509942414,51348.56,462.0,0
CUST_003685,Gina Giles,113-33-0355,kelseynelson@example.com,YBIU06388698475951,45281.23,832.0,0
CUST_003686,Adam Hanson,750-68-3450,steven39@example.com,AZMA05325897486971,42576.64,462.0,0
CUST_003687,Christopher Gross,149-87-9805,qcooper@example.org,RGUI12708345730711,1850.16,669.0,0
CUST_003688,Robert Howe,148-57-1688,brycemiles@example.org,ROHV34172050465784,34173.12,792.0,0
CUST_003689,David Watson,776-84-4293,bobjames@example.net,DHXF65373397850375,14031.47,302.0,0
CUST_003690,Rebecca Chen,329-56-8456,samantha42@example.org,KBDT33443659153276,47989.24,388.0,0
CUST_003691,Michael Parrish,776-81-8915,michael75@example.org,PYBI85513138436611,57208.9,779.0,0
CUST_003692,Heidi Weaver,573-76-3750,nicholscraig@example.com,FUTO59989001118195,61661.32,648.0,0
CUST_003693,Sarah Wallace,757-71-3926,johnsonjason@example.org,SCVB87798087456347,69984.1,456.0,0
CUST_003694,Jessica Jones,059985829,,NGHR61602227421782,8488.06,814.0,1
CUST_003695,Dustin Thomas,419-33-2324,alex01@example.com,RYHF55121383083393,35100.24,357.0,0
CUST_003696,Nicholas Blair,019-88-9739,laura05@example.org,IZFL91447383336707,61706.12,758.0,0
CUST_003697,Tammy Olson,509-70-1962,hamiltonchristine@example.org,JUJA84771002757898,33220.43,630.0,0
CUST_003698,John Deleon,859-59-3549,leonangela@example.org,JZRG89665367630728,23203.99,507.0,0
CUST_003699,Wesley Taylor,277396150,christinebrennan@example.org,VXTD31338607927462,40329.41,340.0,0
CUST_003700,Virginia Edwards,714-80-9187,lisa96@example.com,YVTW26691976963302,43530.51,628.0,0
CUST_003701,William Smith,811-65-8251,piercemark@example.org,WSIR47167569485648,74061.25,699.0,0
CUST_003702,Paul Burke,466182604,,VMXJ03356264085955,38135.35,720.0,0
CUST_003703,Melanie Robinson,312711518,josephburns@example.net,TNBK26716977819767,35663.49,381.0,0
CUST_003704,Heather Gray,443-26-9713,uwright@example.net,LNBK02065157202419,70141.89,328.0,0
CUST_003705,Richard Kennedy,129-87-1719,cordovarobert@example.org,NTBL36256654819011,40785.12,458.0,1
CUST_003706,Mary Jackson,557-95-8946,irodriguez@example.net,VXWS96067524750712,63473.76,400.0,0
CUST_003707,Maria Evans,212065363,ramirezamber@example.net,ZFZQ75428900567418,36378.3,711.0,0
CUST_003708,Tracy Hanson,272-27-2422,howardjennifer@example.net,CPGX00865787970415,8440.84,765.0,0
CUST_003709,Frank Hines,429-62-5437,tonya99@example.org,NNUR29273073937073,10370.38,536.0,0
CUST_003710,Connor Jones,404-45-0926,rachel44@example.net,UBWV97499375792708,32467.75,611.0,0
CUST_003711,Rebecca Kirk,096-28-2996,andersontristan@example.net,JMNX11771623024829,2840.02,802.0,0
CUST_003712,Shane Rodriguez,501-77-6276,colin45@example.org,XLPK22625548315229,54585.23,530.0,1
CUST_003713,Daniel Murray,686-14-5034,williamwatkins@example.net,XRLI91248668001563,59927.63,752.0,0
CUST_003714,Amy Mendoza,360-63-7835,whitneyharrison@example.org,AXJZ46358521101799,67359.24,523.0,0
CUST_003715,Debbie Lopez,769766387,,HGZU56573294601288,57456.2,750.0,0
CUST_003716,Lisa Gregory,062589191,heatherrose@example.net,XFNS70727908733381,35622.31,527.0,0
CUST_003717,Michelle Salazar,681529195,dbrown@example.org,LLRT91354665228975,27257.16,821.0,0
CUST_003718,Kimberly Foster,822-82-3221,tonyaford@example.com,KMVU98299769971468,66526.18,352.0,0
CUST_003719,Eric Green,580-17-8709,ksmith@example.net,AKLL08348403628995,73322.16,630.0,0
CUST_003720,Michael Arroyo,396-91-5682,nicholsoncaroline@example.net,MQSQ12118588533929,23984.6,702.0,0
CUST_003721,Matthew Williams,838801467,walkerdominic@example.org,UEKM30800003810741,43499.84,748.0,0
CUST_003722,Mr. Joshua Walker Jr.,410-30-4183,jennifer54@example.com,OVUE99447462269640,66127.25,537.0,0
CUST_003723,Ashley Henry,437-19-1337,summer87@example.org,ANBU78054071298997,31689.55,598.0,0
CUST_003724,Megan Lopez,510-95-5111,brookeleon@example.org,CIKV03315235253220,68580.95,537.0,0
CUST_003725,Melissa Rowe,665-47-2684,wpierce@example.net,AXYD12840172344677,60987.47,367.0,0
CUST_003726,Melissa Lane,709-10-9762,webbmadison@example.net,BRFM81542382919698,56757.88,818.0,0
CUST_003727,Tanya Leonard,222-72-9272,campbellmichael@example.com,ADLT19770744347821,27136.89,464.0,0
CUST_003728,Todd Ray,788372239,floydsandra@example.org,NUWJ20244642859525,7386.77,702.0,1
CUST_003729,Donald Rodriguez,287-98-6535,jacobhinton@example.net,JEVU58432991378077,42152.58,390.0,0
CUST_003730,Brittany Bailey,172-35-9750,kendracunningham@example.net,RWXZ45930506998758,11857.64,532.0,0
CUST_003731,Jodi Miller,664-38-1140,misty51@example.net,PNIA06964690164423,27650.05,655.0,0
CUST_003732,James Williams,599-11-1375,kallen@example.org,BYLY17757861235876,28874.12,777.0,1
CUST_003733,Lisa Rose,251-32-2197,coreytorres@example.com,MYYF53786307013168,53030.93,698.0,0
CUST_003734,Manuel Bailey,485-22-4378,bryan11@example.org,RMIY91705803071460,40630.09,384.0,1
CUST_003735,Thomas Mckee,270312423,,SPXH03105196814691,45536.83,,0
CUST_003736,Cassandra Johnson,493-41-3009,zjohnson@example.com,FIHR22442951538410,12001.65,825.0,0
CUST_003737,Carrie Martin,367-17-2850,collinsjames@example.net,LWIX31130963774019,70680.79,401.0,0
CUST_003738,Troy Gonzalez,650-37-6945,dustin67@example.net,AUAM23050478277345,28688.6,359.0,0
CUST_003739,Jeffrey Wood,210-59-8054,justincole@example.com,UVJT98835199177376,60720.03,594.0,0
CUST_003740,Kristin Miller,301-75-6974,zlee@example.net,IDZL39660860489940,8965.81,714.0,0
CUST_003741,Andre Clark,787-85-1754,salazaralyssa@example.net,XWTJ56189134931675,70034.95,455.0,0
CUST_003742,Jennifer Martin,209134317,tiffanygarcia@example.net,QFTL63797367898801,1732.55,693.0,0
CUST_003743,Richard Calhoun,821-58-9405,robert13@example.net,FKHI04444072111259,27971.92,770.0,0
CUST_003744,Nicole Harrington,505-92-6330,jacksonmarie@example.com,GWLH01936339597577,71417.26,301.0,0
CUST_003745,Rebecca Allen,417-19-0577,bcruz@example.org,LDYI92410096900418,12629.15,332.0,0
CUST_003746,Brian Daniel,416-07-0047,adammcneil@example.com,AFYB11745188934773,73403.05,575.0,0
CUST_003747,Casey Reynolds,865-43-0701,martinezcynthia@example.net,SPHP06124555195132,54252.45,733.0,0
CUST_003748,Daniel Jones,014-06-4565,jennifer15@example.net,XBUW56949045788471,718.98,785.0,0
CUST_003749,Jose Herring,080-59-5048,michelle18@example.com,FXRJ36568586974430,20343.9,713.0,0
CUST_003750,Stephen Orr,894-22-1192,evelyn07@example.com,CFAL40483457682541,58153.24,658.0,0
CUST_003751,James Baker,274-84-5516,christophermcintyre@example.net,RCRX43939578476505,66067.0,443.0,0
CUST_003752,William Buchanan,371-62-3815,dustinlee@example.org,ZNPQ23627842374051,18098.13,431.0,0
CUST_003753,Kent Hernandez,748-96-4823,carlathomas@example.com,GQDJ20028734036275,54997.34,690.0,1
CUST_003754,Jessica Mercado,729-17-4718,hodgesronald@example.org,IWKZ20826075981731,47771.59,797.0,0
CUST_003755,Andrea Williams,898-92-9564,danielmunoz@example.org,NARE78157584987552,22046.61,346.0,0
CUST_003756,Ryan Murphy,785024605,lindsay86@example.net,QSMH55231335862685,40841.77,302.0,1
CUST_003757,Kirk Neal,041-63-3173,danielrichardson@example.net,BDBC63290004219989,54011.48,513.0,0
CUST_003758,William Carter,129-14-8117,sandovalluke@example.org,XMCI20621402499889,51092.62,708.0,0
CUST_003759,Tina Martin,883-35-7283,ashley76@example.org,GDFR41527765592532,-440.08,780.0,0
CUST_003760,Theodore Anderson,323705858,edwardphillips@example.net,JSFT89618752882817,20337.5,385.0,0
CUST_003761,Jennifer Pena,329-78-1297,alexander66@example.net,HCNO20838884610862,26498.66,417.0,0
CUST_003762,Jessica Wilson,623-66-5668,morgancrystal@example.net,IEKB55629755933841,44018.23,624.0,0
CUST_003763,Jeffrey Bender Jr.,708261669,hhughes@example.com,WGRQ46975384736592,43528.8,592.0,0
CUST_003764,Jeffrey Blair,402-36-5749,arthur60@example.org,XUWQ65048708728401,14171.1,841.0,0
CUST_003765,Hannah Walker,430430466,edwardpage@example.org,BWVC87328565809053,39961.47,549.0,0
CUST_003766,Patricia Wolf,243659640,cynthia08@example.net,APAW30885423489837,4401.68,534.0,0
CUST_003767,Lori Zimmerman,597071387,omiranda@example.net,YPUW36547746011084,59914.17,797.0,0
CUST_003768,Amanda Holland,274-40-9460,swansonmichael@example.net,HLQP51460025300958,50189.79,837.0,0
CUST_003769,Joseph Rosales,722123119,micheal26@example.net,IADO74950354492530,3492.37,302.0,0
CUST_003770,Christina Henderson,199677953,billy78@example.com,IAAR93875598680666,69299.58,373.0,0
CUST_003771,Jason Garcia,247-84-4513,lcarter@example.org,UGMF18481774558489,30020.45,354.0,0
CUST_003772,Christopher Williams,711-52-1355,,STCJ31509707102023,24810.67,643.0,1
CUST_003773,Jennifer Ortega,622-27-1224,georgesingleton@example.com,NFRS81899932840078,12199.08,,0
CUST_003774,Elizabeth Davidson,020486049,jonesamanda@example.org,ZDSZ10022591633453,2268.45,622.0,0
CUST_003775,Adrienne Mosley,364-46-4477,cookcrystal@example.net,BHBX52703441844043,6706.36,711.0,0
CUST_003776,Michael Hutchinson,111-79-1610,,LVUK86445264650723,9218.74,439.0,0
CUST_003777,Martin Clark,634-53-1357,,JIRH57531480810262,43826.52,488.0,0
CUST_003778,Julie Saunders,161-93-3951,chaneyjennifer@example.net,OTAM47395800817441,6718.24,347.0,0
CUST_003779,Denise Hill,096-61-7096,bryan60@example.org,ZTJM66298199788358,15285.23,403.0,0
CUST_003780,Jennifer Hogan,312-82-8658,ronaldtaylor@example.com,TCTG05127198109844,71629.44,419.0,0
CUST_003781,Timothy Kirby,377374824,toliver@example.net,GBJB63252956910352,62346.49,721.0,0
CUST_003782,Debra Smith,122-52-5975,david38@example.com,KQCW85012083892116,29679.45,,0
CUST_003783,Theodore Ochoa,302-86-9745,estradarobert@example.net,ETVV36317619730141,38155.91,739.0,0
CUST_003784,Jennifer Clark,281-85-0963,jordanjohn@example.org,XRKQ64907961840421,71282.05,553.0,0
CUST_003785,Tanner Parker,276-68-5572,davidtaylor@example.org,HTGH73617984489983,64956.21,548.0,0
CUST_003786,Leah Gonzalez,500-07-9310,steven26@example.org,PXLT16489704640014,46448.2,537.0,0
CUST_003787,Kyle Burton,104-50-4626,nicole96@example.com,DMHC57761574355136,74794.55,713.0,0
CUST_003788,Sheila Norton,685-19-8311,myerswhitney@example.org,UFJU34701492791026,57184.31,699.0,1
CUST_003789,Emily Cruz,418-63-0101,goodwinsarah@example.org,INHU64304497969771,4073.69,726.0,0
CUST_003790,James Herman,886-79-4692,jsmith@example.org,VRAA24318100982533,16047.75,714.0,0
CUST_003791,Monica Cole,813-74-4928,frank82@example.com,UNFV36595679971468,58197.83,577.0,1
CUST_003792,John Thomas,635-66-8248,ahernandez@example.net,YBRY33678092273558,25023.82,717.0,0
CUST_003793,Jaime Robinson,246-86-1210,kevinsmith@example.net,GZVW74686398405537,25100.83,555.0,0
CUST_003794,Pedro White,525-68-0017,igonzalez@example.org,MBPV37715061380649,28813.42,454.0,0
CUST_003795,Louis Perez,801-86-5342,cflores@example.com,WBJB47941612365289,64687.55,728.0,1
CUST_003796,Christine Walker,649-48-1668,peter87@example.net,JLRF57423772043934,19994.74,593.0,0
CUST_003797,Danielle Paul,002-78-6385,pgibson@example.org,OWDH95038543366581,43120.21,722.0,0
CUST_003798,Amber Rios,066-05-5122,phernandez@example.net,DNFK68578843475850,35014.36,542.0,0
CUST_003799,Jacob Cline,529706206,xsanchez@example.net,KEQV46159654391051,5325.88,398.0,0
CUST_003800,Paul Smith,023-44-1375,oclarke@example.com,EFMK59993312993152,29220.68,827.0,0
CUST_003801,Elizabeth Decker,405244409,jacquelinewilson@example.org,EGJZ31946574998164,37031.26,513.0,0
CUST_003802,Lindsey Flynn,202-02-5568,jason00@example.net,KNAH41146259541280,62172.37,304.0,1
CUST_003803,Jesse Ayala,017-54-7603,yorkjames@example.org,JNOJ80411457533951,71898.9,319.0,0
CUST_003804,Crystal Green,564-75-7259,michael59@example.com,INUL30722995521572,8395.76,425.0,1
CUST_003805,Susan Mejia,726519870,brenthernandez@example.net,QIDG89288875699908,58616.29,752.0,0
CUST_003806,Ryan Salinas,629-49-9130,christopher90@example.com,YGKE87675667315841,43150.52,468.0,0
CUST_003807,Kelsey Collins,770-54-4286,martinezjohn@example.net,MWLD52035083686067,68745.66,495.0,0
CUST_003808,William Stewart,451-49-2950,amanda44@example.net,YQUU92700698219290,60392.69,607.0,0
CUST_003809,Antonio Jackson MD,226-35-8472,garytorres@example.net,YVSR15951774340219,49703.26,412.0,0
CUST_003810,Luke Hartman,069-32-9187,mathew68@example.com,NGIC52138674171448,42320.35,390.0,0
CUST_003811,Kimberly Short,535905220,richarddonald@example.net,LRMC62484388933044,66620.01,529.0,0
CUST_003812,Kenneth Acevedo,224-27-2668,lgonzalez@example.net,UQVU67397960086078,28917.02,,0
CUST_003813,Melvin Meyer,264204525,,YKUD77698367139088,53740.36,578.0,0
CUST_003814,Timothy Green,741-47-2457,sheppardallison@example.com,FPGC54212588706570,16987.6,578.0,0
CUST_003815,Randy Armstrong,341-33-2045,chavezmichelle@example.com,QDRL48050098516850,59908.12,580.0,0
CUST_003816,Rebecca Combs,761-51-8401,martinkelly@example.com,ZEBQ82257465448063,59684.25,571.0,0
CUST_003817,Larry Snyder,472818619,kellycalderon@example.net,AFNU72601880381459,44837.4,338.0,0
CUST_003818,Amanda Perry,311746223,jordan90@example.org,CJSJ41116496494897,286.86,589.0,0
CUST_003819,Eric Aguilar,538299629,austinbonnie@example.com,AUVQ07350153484298,1381.1,619.0,0
CUST_003820,Keith Rodriguez,306-66-9077,stevendavenport@example.org,DOBE90280133278091,39487.58,727.0,0
CUST_003821,Joshua Blackwell,027268916,nmayo@example.net,ZLNW71949556821069,1990.02,374.0,0
CUST_003822,Keith Wells,038-97-5368,daguilar@example.com,LSMM23546795383779,71585.37,505.0,0
CUST_003823,Carl Morgan,573-01-4175,mary51@example.org,ZAZE88552980024614,19215.55,459.0,1
CUST_003824,Daniel Sharp,397-22-3495,robertnewman@example.com,ALLS67287841856788,51999.6,398.0,0
CUST_003825,Sheila Good,690-58-9907,lori76@example.com,YFYI44380774421495,40537.66,360.0,0
CUST_003826,Brandon Morrison,297344198,debrascott@example.net,JUDL07958532662528,6023.99,807.0,0
CUST_003827,Nicole Munoz,632-74-0462,andrewmcgee@example.net,PSNH57846113845130,50979.31,316.0,1
CUST_003828,David Taylor,065076924,dramirez@example.com,XVPE09562505752149,11698.68,833.0,0
CUST_003829,Calvin Hall,570-36-2029,kpage@example.com,HOMB76069420222588,62948.9,770.0,0
CUST_003830,James Miller,614-95-4150,jamesross@example.org,SRUJ74018076813010,52138.63,518.0,1
CUST_003831,Brandy Bowen,256-43-5739,xsanchez@example.net,ZUNO74773133411702,21739.58,738.0,0
CUST_003832,James Jones,346-44-9923,sarahfox@example.com,QYMR71775024839912,2331.95,811.0,0
CUST_003833,Diana Ochoa,432-63-5836,april83@example.com,XZOL22356551519275,58575.53,593.0,0
CUST_003834,Gary Gomez,175-47-0818,courtney44@example.org,MEKW80419111688028,3115.33,543.0,0
CUST_003835,Edward Kirk,056-49-6446,rsullivan@example.com,NVEA47148908049479,49591.19,489.0,0
CUST_003836,Justin Dean,439-96-9000,priscillabauer@example.com,YEYH69238220502580,12125.16,630.0,0
CUST_003837,Mary Hamilton,583-99-3265,ethan38@example.com,HPRT40986681986486,-347.75,672.0,0
CUST_003838,Morgan Clark,238-24-6080,jonesmaria@example.org,PWDF12270119235737,43573.09,582.0,0
CUST_003839,Alicia Edwards,891-32-3174,,FPVD96703105371809,20815.65,526.0,1
CUST_003840,Sara Doyle,654-60-4214,monicawoods@example.com,HCEQ47943315216644,52407.09,648.0,0
CUST_003841,Lisa Sanders,413-97-9141,smithryan@example.org,QXHA05752575836492,27104.33,816.0,0
CUST_003842,Tracy Hart,778-37-2230,elizabeth32@example.org,AAPZ21826535382181,54193.03,766.0,0
CUST_003843,Kelly Olson,406039178,,IOJS35494109758776,27205.35,,0
CUST_003844,Dana Johnson,637-93-7039,gcarpenter@example.com,TXGL42762931770772,21701.55,581.0,0
CUST_003845,Stephen Johnson,699-04-4048,christopher83@example.net,FBHD59157314305961,48445.29,731.0,0
CUST_003846,Ethan Cruz,172-36-5219,,WMBJ00819822283280,58241.22,405.0,0
CUST_003847,Joseph Monroe,288335192,teresaphillips@example.net,SMDY24222616733660,30392.94,360.0,0
CUST_003848,Monica Rogers,374-78-2070,ballheather@example.net,AUKJ13237153579539,9735.96,444.0,0
CUST_003849,Samuel Sullivan,146660175,crystal39@example.net,DYKJ73653193366520,8689.45,465.0,0
CUST_003850,Donald Walker,267-66-2310,nriddle@example.org,DGEF55600101454783,11204.25,313.0,0
CUST_003851,Donald Lee,656-19-4212,andersoncharles@example.org,ZSVR61889186359124,26522.65,604.0,0
CUST_003852,Steve Barton,809701000,aking@example.com,TSDW49214171019154,19732.23,418.0,0
CUST_003853,Victor Cunningham,197-69-1867,wilsonjohn@example.com,WRRX63320026839700,18093.74,330.0,0
CUST_003854,Victor Farmer,648-34-7444,kellyfuller@example.com,CCYY50647566139611,58372.54,753.0,1
CUST_003855,Jennifer Stewart,210-17-0386,lfreeman@example.com,DZVQ40614854600811,69226.95,307.0,0
CUST_003856,Kimberly Perez,560-54-3424,,ZXCK68493314768463,49700.31,801.0,0
CUST_003857,Samuel Johnson,246-48-2933,,JKWV02528431295431,1705.4,317.0,0
CUST_003858,John Ramirez,124-57-7121,edillon@example.org,AYMO28252442331132,68207.53,637.0,0
CUST_003859,Christopher Alvarez,225-01-5686,jenkinsjesse@example.net,YTTV84522059798845,58891.57,822.0,0
CUST_003860,Robert Dunn,476520582,cassandra27@example.net,ZAQC83281595726768,41453.1,765.0,0
CUST_003861,Tina Hughes,837-62-6365,wilsonamanda@example.net,ZPEQ82463585932109,5917.68,822.0,0
CUST_003862,Leonard Cannon,155983190,wrightanthony@example.org,UFNQ89851551965781,56578.66,809.0,1
CUST_003863,Logan Glenn,462384672,ricejustin@example.com,KHLJ81370268920058,74651.7,775.0,0
CUST_003864,Jeremy Knox,516-91-8756,jamie59@example.com,SVYK07141580465721,61705.01,755.0,0
CUST_003865,Samantha Evans,030-30-1793,brookscassandra@example.com,TYVB35651169986077,44517.73,314.0,0
CUST_003866,Nancy Mullins,835-36-7487,nicholas25@example.net,XHFL08580426726966,36720.5,681.0,0
CUST_003867,John Parker,247-61-1832,johnsonjerry@example.com,ONSE46584035262120,20508.43,300.0,0
CUST_003868,Linda Johnson,314-47-1346,ethanlewis@example.org,HTCE04080637631586,51555.02,667.0,1
CUST_003869,Katelyn Alexander,275-09-4532,patriciawhite@example.net,HODR34830863701267,27983.29,349.0,0
CUST_003870,Megan Smith,424-45-6134,tinamiranda@example.net,RHCJ46820401807949,20139.32,754.0,1
CUST_003871,Nancy Perez,175-37-7552,nicoleholt@example.org,LWPM51396013132107,6539.12,528.0,0
CUST_003872,Joseph Chung,376-01-1675,,UEJM39484184986935,3923.26,666.0,0
CUST_003873,Angela Miller,463-89-2730,kristy35@example.org,GLGV68666961702775,29584.35,464.0,0
CUST_003874,Sarah Hill,492-90-3428,jacob21@example.net,YWXN70103775658695,57927.34,810.0,0
CUST_003875,Diana Hernandez,598-47-6255,bhunter@example.com,ONMZ45807190645700,39628.53,488.0,0
CUST_003876,Benjamin Vaughn,726010049,whitelinda@example.com,CCUS47259487761268,38177.42,332.0,0
CUST_003877,Lindsey Barber,553-47-1325,kennethjones@example.org,PGNA51713644592364,24490.05,552.0,1
CUST_003878,Brent Hoffman,484273982,shawjonathan@example.net,XKLT56923183142560,23307.06,,0
CUST_003879,Candice Hess,518899907,greenjessica@example.com,QNAN15048548743900,37173.56,687.0,0
CUST_003880,Bradley Torres,650-14-5989,lhill@example.net,IMMI24941827543071,74754.58,518.0,0
CUST_003881,Megan May,790-08-4174,gjones@example.com,MXIO23661176147027,21479.31,485.0,1
CUST_003882,Anna Taylor,159-75-8237,,FIZO89146534619240,60687.48,,0
CUST_003883,Mark Rios,435082375,epope@example.com,ZOFM73129340472117,45185.12,701.0,0
CUST_003884,Jennifer Strong,657820638,fryemary@example.com,BMEA96317864897143,11423.84,797.0,0
CUST_003885,Amy Hansen,738119586,tiffanyfranklin@example.org,ORAV00133034902575,22303.68,717.0,0
CUST_003886,Kimberly Knight,301-58-6853,raychristopher@example.net,DVLJ05626959519753,51179.53,480.0,1
CUST_003887,Kenneth Mercado,137764258,kimberlyfigueroa@example.com,MHDS59035790622481,62483.07,705.0,0
CUST_003888,John Ellis,246-74-1893,bmiranda@example.com,EPNK11402007310652,15766.39,536.0,0
CUST_003889,Stephen Garcia,452-94-8493,,VHIW10628647923176,61509.93,307.0,0
CUST_003890,David Kirby,736-66-7207,hullashley@example.com,KZNI26439694591511,7521.34,545.0,0
CUST_003891,Michelle Gordon,254-02-7291,jessica40@example.org,DIMF30137189327665,36284.62,363.0,0
CUST_003892,Kenneth Ellis,756-65-9395,johnburke@example.com,WIWG66446902466645,25290.17,401.0,0
CUST_003893,Kendra Jones,525-50-2538,starkmarissa@example.org,UYEH52488071963142,50614.66,804.0,0
CUST_003894,Samantha Arias,587-51-8947,michael29@example.net,JHSB81597324831915,-314.47,760.0,0
CUST_003895,Christina Anderson,626-03-9225,cwilson@example.net,QYOF60718709752851,21066.93,652.0,0
CUST_003896,Brandon Edwards,866-07-9470,margaret32@example.com,UGRR49583435849727,72159.17,779.0,0
CUST_003897,Natalie Sanchez,036-46-8709,karisalazar@example.org,CMPM45687946857678,27951.76,751.0,0
CUST_003898,Hunter Rogers,246-82-5017,rodriguezbailey@example.net,TUZO04683227359471,8429.36,602.0,1
CUST_003899,Michael Williams,768-23-9254,sheacaroline@example.com,VMWN47990737074348,7382.96,382.0,0
CUST_003900,Shelby Garcia,520-70-3978,tmiller@example.com,KSBJ21685163577208,31814.84,359.0,0
CUST_003901,Michael Alexander,817-69-1098,herrerabrian@example.org,VMTV39821611995882,4550.68,327.0,0
CUST_003902,Robert Anderson,835598908,michael49@example.org,PLHP14227690362644,23746.99,356.0,0
CUST_003903,Sheri Reed,079-64-3600,dawnmolina@example.com,MYEP77302360316508,9469.43,370.0,0
CUST_003904,Andrea Brown,698-62-3969,rothcory@example.net,CVPU71888749442318,32855.83,695.0,0
CUST_003905,Christy Phillips,863515471,steven22@example.org,VSXO56832670456987,9728.99,503.0,0
CUST_003906,Albert Scott,691-23-3990,christophermartin@example.net,BGAY85938870567680,65109.85,687.0,0
CUST_003907,Terry Perez,298-45-3096,onguyen@example.com,BQCA88870344480773,30763.42,809.0,0
CUST_003908,John Richardson,276-04-6542,smithstephanie@example.net,SMRX56838905052686,1128.8,329.0,1
CUST_003909,Crystal Sanchez,194-61-7661,garrett42@example.net,GAHO40063924948403,18047.19,850.0,0
CUST_003910,Timothy Wilkins,850-56-3856,dhunt@example.com,KCOU75656588469181,5022.79,446.0,0
CUST_003911,David Doyle,186-82-6620,bking@example.net,FIKO95170649527616,28197.46,513.0,0
CUST_003912,Ashley Brady,487657993,nrussell@example.com,ZKCS76212663505705,7297.75,506.0,0
CUST_003913,Jordan Hernandez,892-01-6576,phillipskent@example.org,FRZH32383562737119,73900.09,515.0,1
CUST_003914,Timothy Schneider,452-71-3157,william19@example.com,TNYU82301134826551,49881.07,331.0,0
CUST_003915,Erin Miller,483-20-7964,jasonzimmerman@example.org,PDJZ63970903552970,21609.2,741.0,0
CUST_003916,Tamara Hubbard,880-58-8344,angelamiller@example.com,SWPU69113188336589,4302.83,447.0,0
CUST_003917,Jason Crawford,313-91-2131,jenniferrichardson@example.org,LHPM61418013742587,72148.83,554.0,0
CUST_003918,Debra Torres,815-42-4331,anthonywise@example.net,BSKT75685420667124,56228.51,780.0,1
CUST_003919,Rachel Dickson,090-18-3073,tmoore@example.org,RUVN09784838939242,31652.47,468.0,0
CUST_003920,Timothy Lyons,028-84-3114,grice@example.com,REQQ77787313503574,8583.69,,0
CUST_003921,Eduardo Chambers,249860849,kellywheeler@example.com,HAIA74198888663183,9285.85,728.0,0
CUST_003922,Mitchell Carrillo,014-56-0497,levipotts@example.com,OYZB27680670480383,61290.97,355.0,0
CUST_003923,Matthew Graham,066021382,valeriehicks@example.org,IXCM72090691221898,53177.63,483.0,0
CUST_003924,James Walker,555257738,juliamorris@example.net,RVNF96629231912266,32784.15,520.0,0
CUST_003925,Patty Scott DDS,806419940,amychapman@example.net,YXWT87346893918521,42952.37,608.0,0
CUST_003926,Nancy Christensen,527-45-6185,elliottnatalie@example.net,GVBY38547289594211,10624.49,500.0,0
CUST_003927,Tyler Taylor,275-71-8749,carlbrown@example.org,AJZR18902901818140,70086.32,306.0,0
CUST_003928,Andrea Fox,251-98-2947,melodygonzalez@example.com,PVAZ57377339871409,64276.7,440.0,0
CUST_003929,Holly Patton,756-31-0372,wkennedy@example.org,JJBR13727763115136,34151.14,508.0,0
CUST_003930,Steven Thomas,688-27-7313,gina40@example.com,ZGHR43463184761240,41440.29,447.0,0
CUST_003931,Kimberly Wade,506-16-3363,avaldez@example.com,PVPP93208284188946,51852.87,576.0,0
CUST_003932,Thomas Stevenson,073173718,dwayne92@example.com,UGNR12811731052156,54603.21,312.0,0
CUST_003933,Glenda Bishop,505581878,,IPMU96503018507730,64648.37,832.0,0
CUST_003934,Michael Obrien,899-39-6852,ymendez@example.org,DOCK91204644462741,59430.04,455.0,0
CUST_003935,Terry Allen,207-29-9192,lopezalex@example.org,JWNY49057520724863,50529.62,599.0,0
CUST_003936,Christopher Shelton,192-32-1110,danielhayes@example.com,NAPM26506403684069,72334.07,508.0,0
CUST_003937,Donald Marsh,448-77-9917,jennifer05@example.com,YZJE72516096477165,43007.42,323.0,1
CUST_003938,Casey Stuart,358-15-4715,joannaburgess@example.net,CQCR78177097632923,45196.53,810.0,0
CUST_003939,Tina Reyes,544-95-2877,zingram@example.net,KZYJ43240863283168,63812.51,559.0,0
CUST_003940,Michael Pham,266378687,jamesjanice@example.net,NVUL02136080608317,9547.6,679.0,1
CUST_003941,Jeffrey Blackburn,567-21-8530,jonathoncarroll@example.net,RHUJ84262504118556,64965.07,449.0,0
CUST_003942,Charlotte Palmer,099890860,dawn62@example.com,AMTL54563352526159,69754.9,683.0,0
CUST_003943,Bonnie Stokes,187-78-0907,smithheather@example.com,BNMR03602651635373,7675.23,639.0,0
CUST_003944,Carmen Parrish,392-25-1894,,NYMT45926808730909,53512.34,361.0,0
CUST_003945,Donald Saunders,654150176,simsalan@example.com,FFWL55196757761648,43069.32,336.0,0
CUST_003946,Michele Lamb,616-08-4952,ashley52@example.com,EDWR23586363878931,17770.27,656.0,0
CUST_003947,Daniel Mitchell,376-07-5940,xmiles@example.org,MMIL70269148040541,62439.66,495.0,0
CUST_003948,Evan Ruiz,674-49-6699,john69@example.com,YUQJ76236228829607,35537.04,769.0,0
CUST_003949,Darren Jones,373248189,jeffreybrown@example.net,WVDZ39475943496778,407.68,712.0,0
CUST_003950,Danny Cook,482-95-3406,,BZNE77271135694712,62980.02,761.0,0
CUST_003951,Sheri Simmons,163-03-8255,ann06@example.com,PITY00683262021230,11184.96,773.0,0
CUST_003952,Daniel Carter,004-26-0389,dvasquez@example.net,MVHH53685302418657,51890.57,509.0,0
CUST_003953,Ian Graham,144755456,phillipwood@example.org,XTXD97555490476639,69552.15,734.0,1
CUST_003954,Evan Gonzales,199-12-8732,douglas24@example.com,IGIE07577661303060,42632.11,694.0,0
CUST_003955,Cathy Adams,881-70-0617,whitekyle@example.net,RTGB69290554381285,14540.07,723.0,0
CUST_003956,Edwin Lewis,832-75-9002,timothy97@example.net,FMXB35425859580132,24629.38,849.0,0
CUST_003957,Gregory Gordon,681-83-0084,mccoybrian@example.net,JQYW65312855279936,43898.72,732.0,0
CUST_003958,Alexander Cooper,601593770,courtneycannon@example.com,COVI87041877863078,71365.08,553.0,0
CUST_003959,Christopher Murphy,644-91-5186,sarahjohnson@example.net,VZHK97335115524157,11521.29,709.0,0
CUST_003960,Gina Guzman,529-87-0927,jaime37@example.net,ZEFN65823814493289,24803.91,344.0,0
CUST_003961,Ian Bruce,300-12-0766,mary86@example.net,ZYRY51222959356460,31795.65,796.0,0
CUST_003962,Michael Miller,444583977,zmartinez@example.org,SMKO14684728963081,-12.26,827.0,0
CUST_003963,Rebecca Bryant,455-44-1302,ijones@example.com,ZUMG77273014085070,56423.21,740.0,0
CUST_003964,Peggy Sanchez,466-78-6841,hensleyjessica@example.net,UOSR85339619381078,47666.84,362.0,0
CUST_003965,Marco Davis,733-37-0367,claireramos@example.org,PSLS70932141818439,31698.42,544.0,0
CUST_003966,Steven Ayala,539-76-1700,ryan56@example.net,XFHI21543800729236,77.88,,0
CUST_003967,Charles Davis,241-95-9759,riverarobert@example.com,ITFE60421725401486,62063.18,470.0,1
CUST_003968,Jeanette Price,582-20-4934,nguyeneileen@example.org,COPZ13538990969594,71234.55,418.0,0
CUST_003969,Sandra Gonzalez,030-16-5813,slee@example.org,XOHN56118740749911,51843.7,792.0,0
CUST_003970,Lawrence Quinn,443470622,crystal93@example.net,ZKXA70192950508661,4141.63,753.0,1
CUST_003971,George Knapp,212-49-5446,bcarter@example.net,VWQB50442185120362,64244.99,444.0,0
CUST_003972,James Arnold,041-97-7425,andreahamilton@example.org,IUFA75425523493241,72305.55,657.0,0
CUST_003973,Michael Stewart,319-15-1519,william22@example.net,PHRR95018051051193,73901.9,396.0,0
CUST_003974,Brandi Pittman,660-91-6161,matthewmay@example.org,EKQL77029807195605,70068.01,786.0,0
CUST_003975,Frederick Davis,141-18-1713,,WYHX66618800972459,29606.45,766.0,0
CUST_003976,Nathaniel Brewer,596-19-7480,smithlaurie@example.com,IVIV04568477562691,39063.15,,0
CUST_003977,Cindy Carter,343-12-1914,hnguyen@example.net,MZOK58311081234893,27181.73,465.0,1
CUST_003978,Robin Reyes,645-23-1407,ravensmith@example.com,COXY60807946613030,28179.57,673.0,0
CUST_003979,Brandon Terrell,369-14-9828,chelsey37@example.org,IPEV09587601213305,9102.4,390.0,0
CUST_003980,Bryan Wood,221-29-4452,mosleylee@example.org,LCGH86399754682385,503.03,321.0,0
CUST_003981,Amanda Garcia,202-71-8912,wellsdavid@example.org,SZSU02659266509373,57050.86,642.0,0
CUST_003982,Rebekah Flynn,613487132,sarah94@example.com,AZCA32831110397472,24320.85,398.0,0
CUST_003983,Lori Douglas,398-96-4533,darinharris@example.com,WCHW07206102834960,172.96,816.0,0
CUST_003984,Roy Shelton,710-13-4712,johnpierce@example.com,QCFK87811025270612,50041.56,779.0,1
CUST_003985,Tyler Owens,379-28-5078,rnelson@example.com,CJKX82313842873330,14849.76,626.0,0
CUST_003986,Jennifer Jones,675530211,shannonbrandon@example.org,JAEG05541212428359,6239.04,491.0,0
CUST_003987,Jacqueline Mckinney,761-79-0146,fthompson@example.org,MPNS12357910033167,18537.26,548.0,1
CUST_003988,Thomas Hill,576-16-6174,santiagochristopher@example.com,SXQM79514316585577,28744.07,590.0,0
CUST_003989,Jeffrey Pacheco,573-58-1256,thomasjody@example.com,FXCL66396279549304,6417.25,806.0,0
CUST_003990,Jason Williams,325-73-1917,yatesanthony@example.org,TGVX96411774494013,58290.35,445.0,0
CUST_003991,Wayne Brown,225918274,brian54@example.org,WWAC28370256202835,67573.95,810.0,0
CUST_003992,Brittany Greene,783-40-6287,hwatts@example.org,HCMK87120501223271,65983.77,444.0,0
CUST_003993,Stephanie Miller,364-84-6309,tmoss@example.com,TMHC15697171626782,55844.36,317.0,0
CUST_003994,Mary Mathews,590-71-8881,dkane@example.com,KBFM15861861347176,15239.6,446.0,0
CUST_003995,Jeanette Carroll,071-63-9783,dawnrobinson@example.net,IZSY59737862659117,3805.01,502.0,1
CUST_003996,Steven Wilson,694-97-8614,callen@example.com,QQHI02586263808692,15888.82,505.0,0
CUST_003997,Amanda Rogers,612-97-6388,jesse87@example.org,FUJJ35648078940627,43994.63,838.0,0
CUST_003998,Sarah Stout,002-01-5481,martinchristina@example.net,GJWM22464428722313,8103.83,303.0,0
CUST_003999,Caroline Gonzalez,646-95-1255,patricktaylor@example.org,NTGK04953640352703,12598.51,536.0,0
CUST_004000,Shane Gutierrez,837218340,smithmichael@example.org,SRHY84248120089541,70721.05,484.0,0
CUST_004001,Bradley Miller DDS,671-01-8777,vhuynh@example.org,BXTD97657941050319,19319.66,525.0,0
CUST_004002,Adam Nelson,295392924,,EHQK54768476750634,29240.06,846.0,1
CUST_004003,Cynthia Fernandez,702-56-7398,erindaniel@example.org,NIJJ10619208412220,73870.92,739.0,0
CUST_004004,Natalie Lester,843-99-6038,kennethmartin@example.org,SXCQ46122391824514,22384.04,769.0,1
CUST_004005,Jill Cox,140299513,gherman@example.org,MMPV31678504374431,65322.03,525.0,0
CUST_004006,Kyle Bates,689-34-9047,bensonkristen@example.net,DWXY87052845311587,25838.29,,0
CUST_004007,Kimberly Mills,288756180,parcher@example.com,QFSQ10860441593850,37038.2,507.0,0
CUST_004008,Mark Yoder,850-83-1681,sarah64@example.org,GHXO15974333434118,41606.32,427.0,0
CUST_004009,Marissa Glass,195-89-5738,iabbott@example.org,ZEFS48302204872874,74901.71,664.0,0
CUST_004010,Heather Turner,505272913,kennethmoore@example.org,HUDR41807178098865,31749.13,400.0,0
CUST_004011,Maria Welch,830-14-9351,lisa34@example.net,GQZN17556517394262,39573.16,521.0,0
CUST_004012,Donna Brown,704-97-5523,marshalllauren@example.com,LFAY58470854124478,49841.0,325.0,0
CUST_004013,Jennifer Brown,261-18-2743,miguelanderson@example.com,GKGF44492957978612,11690.61,711.0,0
CUST_004014,Michael Oconnor,831-36-2789,perryemily@example.com,MWXP75166630317211,38361.6,827.0,0
CUST_004015,Jenna Johnson,629-44-5405,courtneykennedy@example.org,CVON00040839366666,5964.71,704.0,1
CUST_004016,Jonathan Hebert,610-18-9320,,BGKU58453779734174,44968.09,850.0,1
CUST_004017,Kevin Eaton,547-81-7080,ryan33@example.net,LZQR70432080468990,60535.97,848.0,0
CUST_004018,Alexis Smith,835423032,raymond42@example.com,IULS84071752476938,10998.19,630.0,1
CUST_004019,Kathryn Palmer MD,246-39-1993,justinlopez@example.net,UFJZ58613476154001,62814.65,678.0,1
CUST_004020,Alejandro Miller,768-41-1041,andrearobinson@example.org,QAMO72243390695422,68843.43,597.0,0
CUST_004021,Michael Thomas,285-11-8230,hardingchristopher@example.com,WOTZ00302242793166,24389.44,492.0,0
CUST_004022,David Mccullough,542610900,griffincatherine@example.org,PYVX84152358828031,64654.4,705.0,0
CUST_004023,Kurt Bailey,017-91-7043,,JAEO84919293372974,8118.38,615.0,0
CUST_004024,Bonnie Zamora,564-72-6128,hjones@example.org,XBIU76330112051449,2790.81,488.0,0
CUST_004025,Sheryl Austin,453-07-1407,cynthiawatson@example.org,OYGS78645167885051,33264.03,803.0,0
CUST_004026,Dustin White,236-22-2340,,VRZY06272974127822,757.85,444.0,0
CUST_004027,Brittany Avila,201768607,timothysmith@example.com,UBWC26821334237436,25162.1,313.0,0
CUST_004028,Robert Hernandez,451-62-5607,omartinez@example.net,ETIG97242279346290,20280.4,323.0,0
CUST_004029,Jessica Ward,350-73-5114,sydneyprice@example.com,MKHV93479703288404,11734.85,493.0,0
CUST_004030,Jessica Maldonado,487081457,kimberlyyoung@example.com,SEBR94561210757918,28525.35,342.0,0
CUST_004031,Patty Odom,614-35-8359,tonyajones@example.net,HAAI65229782807535,9775.66,567.0,0
CUST_004032,Corey Wood,493-07-9213,parrishthomas@example.net,MREC33851663184983,19096.96,762.0,0
CUST_004033,Jennifer Cohen,565-01-1016,robert47@example.com,WGJG37479945530952,74557.75,634.0,0
CUST_004034,Timothy Dodson,112-99-5158,ybrewer@example.org,WZWH82882599785455,20420.25,700.0,1
CUST_004035,Chad Rivera,875-77-0849,sharon84@example.org,ZIQZ06067924493923,58161.45,807.0,0
CUST_004036,Jordan Coleman,303-42-8504,charlesphillips@example.net,ZQWS40943474797978,15225.04,611.0,0
CUST_004037,Dana Harris,419-18-2441,uburns@example.org,DVUO14727039395498,20691.9,739.0,1
CUST_004038,Victoria Ross,205731264,christinesnyder@example.com,NGXX79325549041845,69524.62,826.0,0
CUST_004039,Mark Holden,619-02-1101,jamiepage@example.org,HIVU14671701645273,21898.85,534.0,0
CUST_004040,Teresa Sawyer,833-48-2273,smithkyle@example.net,XMSJ64594450040177,47063.57,726.0,0
CUST_004041,Kimberly Roth,159-37-0479,andresvazquez@example.net,XIVC15299264408410,38577.68,546.0,0
CUST_004042,Jessica Lopez,224101828,carriemoore@example.net,INLR78747685193298,39101.63,304.0,1
CUST_004043,Christopher Kelly,759-64-5401,brandi19@example.com,YRQH80416993769708,66228.54,718.0,0
CUST_004044,Shannon Ingram MD,537-65-5489,timothyspencer@example.org,WJHM27141722283048,18512.58,549.0,0
CUST_004045,David Trevino,154-78-8719,imartinez@example.org,QUYD49623402164667,64922.3,332.0,0
CUST_004046,Troy Tran,869711003,laurarichardson@example.com,TVFF94322711523578,3997.79,332.0,0
CUST_004047,David Smith,032-03-5003,michael52@example.com,YAKQ27991404186905,61616.25,352.0,0
CUST_004048,Michelle Jenkins,001-74-5176,xanthony@example.com,KIMB67926888334580,56765.79,346.0,0
CUST_004049,Joseph Duncan,126-08-5428,butlerdawn@example.net,BUGO64789133900746,10211.83,622.0,0
CUST_004050,Danielle Fisher,035-89-4173,,GLQW77663161986405,51264.69,547.0,0
CUST_004051,Tonya Shaw,755-70-5218,nelsonlori@example.net,FYUV52060579934121,74456.91,412.0,0
CUST_004052,Dr. Renee Martinez MD,242-21-2254,moralesdaniel@example.net,SKMB56073771188242,22142.25,651.0,0
CUST_004053,Anthony Anderson,739-65-4036,tammy63@example.net,IVXD73714421402092,25428.04,366.0,0
CUST_004054,Tiffany Wilson,759-89-6483,mbaldwin@example.com,VLKO75437295412521,50261.34,538.0,0
CUST_004055,Jessica Bowen,029413300,mezabrandon@example.org,MLIA80043865268418,24461.19,380.0,0
CUST_004056,Michael Tran,168434184,taylorgarcia@example.com,LRYI81369565656663,49089.94,329.0,0
CUST_004057,Theresa Malone,055-10-7475,michael69@example.com,ONTQ75146460625104,34284.29,570.0,0
CUST_004058,Kenneth Larson,867-46-3377,awang@example.com,MFNJ89730123199566,60362.39,652.0,0
CUST_004059,Angela Robinson,634-67-9609,walvarez@example.com,SMUE19765886081251,14029.13,658.0,0
CUST_004060,Lindsey Becker,442-19-8860,kimberlysmith@example.com,BSIC68406157363561,32069.86,341.0,0
CUST_004061,Dr. Jessica Shea,271-06-7199,dianefrederick@example.net,ZKDD68031413759261,23975.51,380.0,0
CUST_004062,Craig Cardenas,874-67-7560,rowemaria@example.com,NGHD50679264207121,23106.17,525.0,0
CUST_004063,Henry Bryant,088-27-4714,michael25@example.com,AQHS71534871340839,35279.93,410.0,0
CUST_004064,Lauren Terry,057-44-7575,david79@example.org,NWXK00744914223471,74825.41,443.0,0
CUST_004065,Linda Pruitt,345-19-6680,mitchellzachary@example.org,VFCU54409874182619,31449.97,470.0,0
CUST_004066,John Horton,535-12-3813,mcgeedavid@example.org,ANSK62514658926963,1670.43,563.0,0
CUST_004067,Maria Hancock,249-13-1749,blanchardstephanie@example.net,FNQH42319660058749,11563.67,360.0,0
CUST_004068,Karen Stephens,551-09-1233,collierjacob@example.com,AGMM84074198387731,1023.41,540.0,1
CUST_004069,Sara Maldonado,843-04-2429,,RVLU82106261262408,36802.42,360.0,0
CUST_004070,Christine Rhodes,310-16-3798,williamjohnson@example.org,TURZ72495806953020,44058.06,446.0,1
CUST_004071,Gene Harris,405-08-0996,ywells@example.org,OSPY03549157514044,32773.85,402.0,1
CUST_004072,Stephen Glover,576-59-3243,steven00@example.com,GAMM55621261371640,61997.74,843.0,1
CUST_004073,Matthew Bryan,437-01-1931,kingmichael@example.com,CDNX91741878614873,63690.78,392.0,0
CUST_004074,Jimmy Thomas,189-66-9300,,GCZJ30171106583852,61101.22,710.0,0
CUST_004075,Jesse Bowman,276-65-4635,mlarson@example.org,ULZK12244948870934,58800.21,543.0,0
CUST_004076,Misty Lopez,474-66-1144,gwilson@example.com,UYMV36620570427877,32838.04,777.0,0
CUST_004077,Alex Mccarthy,647-21-0757,perezgloria@example.com,QRUR13990178556657,44080.49,592.0,0
CUST_004078,Amy Herrera,831-59-6989,aroberts@example.com,DEKJ96013348536819,14835.81,606.0,0
CUST_004079,Nicholas Gonzalez,488-62-5390,robert28@example.com,CSWW47125093700911,5884.01,339.0,0
CUST_004080,Alexis Guerrero,306749625,peterserica@example.com,BMDM32839677572985,36015.13,409.0,0
CUST_004081,Pamela Perry,147-24-0101,cpatterson@example.org,FCLE93823141046871,50322.57,778.0,0
CUST_004082,Brandi Gray,291-62-5010,aaronmartinez@example.org,KLVL65046765505605,4349.46,762.0,0
CUST_004083,Glenn Wilson,787-41-2954,estevens@example.org,PNPC46235118222488,51240.78,385.0,0
CUST_004084,Kevin Walker,082869709,bradley80@example.net,CLDX76788235513532,11249.29,400.0,0
CUST_004085,Regina King,474-03-9586,dallen@example.net,YWXP87851453885283,23830.86,523.0,0
CUST_004086,Julie Taylor,371-67-0965,jessicareeves@example.org,IGGS59564223144908,26603.36,826.0,0
CUST_004087,Andrew Harris,396-55-2190,briansimmons@example.net,PQDT62364956917578,63708.42,382.0,0
CUST_004088,Margaret Underwood,512-75-9188,websterkrystal@example.org,XGGM06602759454253,281.6,481.0,0
CUST_004089,Lisa Gonzalez,705-45-1588,,BURV16957872307445,17924.7,806.0,0
CUST_004090,Mary Montes,384-81-7297,raymond41@example.com,OBOV81592181697752,47665.32,356.0,0
CUST_004091,William Anthony,060-32-8718,cturner@example.org,OIRA86631648959353,3065.93,348.0,0
CUST_004092,Julie Duncan,726-50-6076,carterseth@example.com,MIJL69020053316400,30310.56,770.0,0
CUST_004093,Alexis Gallegos,266-62-0909,ccarroll@example.net,LVCS01749938379785,10537.77,734.0,0
CUST_004094,Anthony Li,177-03-9026,acostaanthony@example.org,BAJE52769595341074,40984.27,435.0,0
CUST_004095,Jose Henry,331378447,tarawilliamson@example.net,QIDR64223596053962,17898.17,587.0,0
CUST_004096,Michelle Landry,249881517,brandygarcia@example.com,ODEN34267243714082,6939.77,848.0,0
CUST_004097,Kathleen Wright,098-86-3281,amber99@example.com,JZAC40152503006464,57706.59,501.0,0
CUST_004098,Eric Brown,269-85-7123,michaelnavarro@example.net,WWKY67268111041451,8677.67,720.0,0
CUST_004099,Jacqueline Gonzales,697-60-9792,joel55@example.org,CCJX01908485393138,49901.11,388.0,0
CUST_004100,Joshua Kirk,175-52-4679,wrightdavid@example.org,EHEO33791802502266,44817.57,777.0,0
CUST_004101,Joshua King,361-49-5858,theresacampbell@example.net,IGAY49685644132207,35901.78,347.0,0
CUST_004102,Melissa Watts,429-34-1093,fdalton@example.com,QWDL90619292214264,7029.1,351.0,1
CUST_004103,Michael Norton,305-30-6568,,DBQU87834618845243,19809.07,673.0,0
CUST_004104,Dustin Barajas,414796056,parker76@example.net,RGRO97004085321757,45302.54,406.0,0
CUST_004105,Joshua Villarreal,089-29-2746,pmunoz@example.org,XREG14576110225144,7814.75,382.0,0
CUST_004106,David Blackwell,226-51-6651,curtis22@example.com,PVVT32858642715701,26934.33,783.0,0
CUST_004107,Heidi Powell,343-98-5074,shannon17@example.com,JOGC98740621527381,44803.01,764.0,0
CUST_004108,Howard King,179-01-2532,shogan@example.net,FMCI22079827307220,60721.52,813.0,0
CUST_004109,Colton Bennett,363-31-9308,stonebrandon@example.org,TMBP08519412103155,26255.34,409.0,0
CUST_004110,Dr. Katelyn Williams MD,528-01-7906,shahcolleen@example.org,ZFGO79644391209237,32766.76,524.0,1
CUST_004111,Laurie Baker,214187936,torreskathleen@example.net,DTMZ40760150043852,14267.59,837.0,0
CUST_004112,Tamara White,586-47-6383,hailey35@example.net,DOSR30323110938788,10054.13,595.0,0
CUST_004113,John Jones,289-83-9781,cassie46@example.net,PESG12368929756988,66373.85,480.0,0
CUST_004114,April Parks,148-77-3425,blairsabrina@example.net,XFHO60179434337804,50838.24,373.0,0
CUST_004115,Ryan Hendricks,600-04-9616,murrayjames@example.net,YMRG51204256344312,46778.81,404.0,0
CUST_004116,Jennifer Valenzuela,287772957,sleblanc@example.com,ZMSU06828700762599,74271.42,731.0,0
CUST_004117,Danielle Allen,555-23-4903,mcruz@example.net,FLCT48675683633319,18394.02,620.0,0
CUST_004118,Kelsey Williams,672-19-1863,kyle65@example.com,GPHY28201550675201,35969.24,322.0,0
CUST_004119,Ann Jones,373-43-6892,uroberts@example.com,JTTQ69065227204381,1637.16,525.0,0
CUST_004120,George Lewis,334-69-9681,emilythomas@example.org,PVOE00805080458954,16639.49,380.0,0
CUST_004121,Lisa Gardner,362-34-9609,wardthomas@example.net,RISO38666160107945,58349.56,416.0,0
CUST_004122,Emily Perez,518-42-3110,morrismeghan@example.com,LMZC95721789402667,44672.41,586.0,0
CUST_004123,Carol Greene,634077950,ibutler@example.org,GEMK88276881508850,51262.14,396.0,0
CUST_004124,Brian Johnson,827-25-0062,simsterry@example.net,RBUO27358674280588,35725.98,831.0,0
CUST_004125,Dr. Dominique Wright MD,246-60-2525,candace49@example.com,FRHP90002736379358,57837.09,710.0,0
CUST_004126,Patrick Long,862-67-3880,colsen@example.org,YWDS22892850274940,39199.43,833.0,0
CUST_004127,Mark Owens,382-03-5952,bbrown@example.com,TGZT68767122373922,45879.68,358.0,0
CUST_004128,Justin Gallagher,168-99-6854,brian39@example.net,BPSB29807812160490,7833.6,719.0,0
CUST_004129,Johnathan Goodman,267508978,hendersonadam@example.com,CLMR34347113513959,41243.34,847.0,0
CUST_004130,George Marshall,347-74-5397,tmarsh@example.com,QQWG71571406924711,5311.2,516.0,0
CUST_004131,Katherine Reed,677834948,colescott@example.net,YTGZ76313108556049,30181.86,549.0,0
CUST_004132,Derek Jenkins,658-37-6257,coxkaren@example.net,EHDN58647026016804,34305.38,675.0,0
CUST_004133,Patrick Day,166-92-9253,lambertryan@example.net,MHKW41530538637725,30788.54,728.0,0
CUST_004134,Micheal Diaz,336-23-8722,janet03@example.net,NQLC26739086943837,37787.3,390.0,0
CUST_004135,Joseph Long,466257605,imoran@example.net,LGEI45768833516607,44043.3,354.0,0
CUST_004136,James Jimenez,229213514,melaniesweeney@example.org,MODT71320923267722,57152.54,313.0,0
CUST_004137,Larry Garcia,639051692,efranklin@example.org,OKVX68188195577447,51086.72,475.0,0
CUST_004138,Jessica Garcia,825-98-2054,franklinkane@example.org,TURH09245004968708,69029.7,547.0,0
CUST_004139,Allen Davis,379-46-1929,egraham@example.org,BXFM16695343295064,2265.64,346.0,0
CUST_004140,John Pineda,375-51-7877,amandaparsons@example.com,RSVR65830983664165,11832.34,665.0,0
CUST_004141,Alison Williams,275-94-4755,daniel81@example.com,LCOC45224149109053,25301.85,731.0,1
CUST_004142,Samantha Brennan,231-63-9888,andregonzalez@example.org,NSHK08370065868923,43742.74,426.0,0
CUST_004143,Kevin Simmons,601166617,pamelaweaver@example.net,PZMS69729006438428,47224.88,448.0,1
CUST_004144,Samuel Davis,802-18-5138,kyle55@example.com,XQUQ70527683735486,60558.51,371.0,0
CUST_004145,Deborah Kelly,710-44-9214,brendamyers@example.org,VTSE85338765758240,65801.64,560.0,0
CUST_004146,Richard Watson,499-35-2422,watsonwendy@example.net,KLVU37829159507162,7525.17,486.0,0
CUST_004147,Ashlee Thompson,823-99-8929,cookzachary@example.net,SLUQ42952496726961,29334.96,567.0,0
CUST_004148,Monica Mathis,363-73-3206,towen@example.com,WHHK04258538683511,18502.53,539.0,0
CUST_004149,Wesley Gentry,465-69-2932,sydneymorales@example.org,MHQR56853193556429,155.11,781.0,0
CUST_004150,Stacy Nicholson,258-79-0433,suarezpatricia@example.com,HZCI34204249397684,46443.06,738.0,0
CUST_004151,Ronnie Thompson,368-14-6250,,VBUG22969893145662,34593.45,584.0,1
CUST_004152,Jose Harrell,368-29-0758,nicholerussell@example.org,ACTG84404775152566,64901.4,410.0,0
CUST_004153,Richard Brown,053-26-4863,lopezkristy@example.com,RAJO67783901838440,70900.96,395.0,0
CUST_004154,Mr. Christopher Chambers,102-50-6848,andersonlisa@example.net,KTBX61887223530336,72205.83,,0
CUST_004155,Mark Carpenter,380693710,john03@example.org,ZDDU82493283255744,8637.3,531.0,0
CUST_004156,Anthony Michael,761548702,simmonsstephen@example.com,XNOR87966113014444,9511.61,475.0,0
CUST_004157,Rebecca Stark,104-08-5470,wrodriguez@example.net,MCXI48906593793013,46063.07,535.0,0
CUST_004158,Charles Potter,537-63-5416,gina06@example.com,XTJH91856867484758,54880.73,744.0,0
CUST_004159,Ryan Rios,039-15-6004,david33@example.com,PAWE24585277130597,48485.42,617.0,0
CUST_004160,Lisa Ramsey,009-07-3190,anthonyfoster@example.org,DFGX15033777474673,63902.0,459.0,0
CUST_004161,Rachel Williams,826-63-2808,matthew45@example.com,CZZU77122804424166,60542.49,676.0,0
CUST_004162,Daniel Powell,274998330,bauerandrew@example.org,LMQZ34822778934843,67030.64,393.0,0
CUST_004163,Lisa Keller,288-14-0115,lauramaxwell@example.net,TASG87614733220633,24895.41,580.0,0
CUST_004164,Michael Alexander,492-85-7104,nathaniel04@example.com,IXLL50145307300229,26042.25,366.0,1
CUST_004165,Cassidy Silva,608-14-3045,andersonmichele@example.org,XZMY22036999575380,9634.75,632.0,1
CUST_004166,Tonya Ryan,816875857,michael78@example.com,CHFV64011662892793,61761.22,694.0,0
CUST_004167,Nicole Ford,771-59-8937,orrjessica@example.net,DZWH08585001769209,48046.82,625.0,0
CUST_004168,Sarah Hubbard,114-31-4335,stacyhoward@example.net,QZLE59463089646962,74250.78,336.0,0
CUST_004169,Victoria Ellis,436-31-7474,cassandra53@example.org,LSLF89216722340287,32175.06,733.0,0
CUST_004170,Gabrielle Brown,206-42-7050,tchristensen@example.org,IYXM68967613617369,40063.09,395.0,0
CUST_004171,John Chan,886-21-2264,,TCES30431130121550,58573.88,496.0,0
CUST_004172,Matthew Kidd,839899767,joel49@example.com,ICQP42948806406858,59446.35,429.0,0
CUST_004173,April Craig,469-83-9689,amy35@example.com,TPTL82324711462772,31560.31,481.0,0
CUST_004174,Rita Harris,649-41-8906,khanna@example.org,GRCA66612816413209,22143.05,829.0,0
CUST_004175,Wyatt Watson,898614858,salazaredward@example.net,CETK91603998989052,27504.99,839.0,0
CUST_004176,Michael White,178-50-1833,smithtaylor@example.org,CKGZ46191987875827,32316.66,670.0,0
CUST_004177,Vernon Adkins,522-86-6253,saundersdavid@example.net,GDWJ42510110900537,28470.79,436.0,0
CUST_004178,Daniel Ho,501-09-7834,janet62@example.net,FYRQ32298374612207,61500.03,322.0,0
CUST_004179,Noah Johnson,539-77-1091,cindy91@example.org,GOTM75663763733547,47336.92,835.0,0
CUST_004180,Amy Foster,499-77-8525,iromero@example.com,RVKN88615553513592,69047.83,308.0,0
CUST_004181,Bradley Meyer,493-01-5749,hjohnson@example.org,KXRZ46623449622787,31357.18,634.0,0
CUST_004182,Christian Figueroa,414342408,serranobrett@example.org,SCGJ34296643121885,24274.37,564.0,0
CUST_004183,Aaron Huerta,255-08-4294,timothy97@example.net,SROV86972809957810,57032.67,648.0,0
CUST_004184,Bryan Fuller,231-84-1024,laurenrobinson@example.org,GTPD64799097422350,20245.26,591.0,0
CUST_004185,Wyatt Bowman,775-70-0552,april91@example.net,WSCJ96733106009621,72196.8,740.0,0
CUST_004186,Jessica Carney,716-69-2923,danielmichael@example.com,TKMH93865160486912,30348.02,409.0,0
CUST_004187,Jody Lee,010-14-6684,carriedickerson@example.org,TDUM13657059482929,64923.53,743.0,0
CUST_004188,Jeffrey Kelly,548-14-6328,steven45@example.net,ZUND59072667162562,5693.68,326.0,1
CUST_004189,Laura Garcia,613-15-5985,vjackson@example.org,AEQU24021019237026,71307.39,758.0,0
CUST_004190,Vicki Powell,723-99-5633,gjones@example.com,VUXZ13652439435684,54456.12,300.0,0
CUST_004191,James Moore,500-64-1407,danielmartin@example.org,YHKR14918824367580,1010.21,398.0,0
CUST_004192,Brandon White,780-44-1159,wlewis@example.net,UPJH21056901716454,51073.34,509.0,0
CUST_004193,Timothy Oconnor,618-94-3181,dianabrown@example.org,YQUI17502278311695,47794.42,745.0,0
CUST_004194,Kevin Raymond,307-42-5603,bking@example.org,HFIB07212187854270,20507.03,317.0,0
CUST_004195,Cesar Johnson,658-13-3193,mary92@example.net,TSAY43316820778527,59219.58,534.0,0
CUST_004196,Louis Peters,446-89-6803,james13@example.org,ODGH97450214531159,67540.67,482.0,0
CUST_004197,Marissa Odom,870-70-7738,lawsongeorge@example.org,ZMCJ55092540834512,43880.97,639.0,0
CUST_004198,Ms. Tammy Becker DDS,347-43-7861,mccoypamela@example.com,MYUF74225853963502,24448.1,546.0,0
CUST_004199,Emily Baker,524293898,anthony89@example.com,ZION52868384324761,12518.44,685.0,0
CUST_004200,Kimberly Cole,501-80-6916,jamie17@example.net,VUIJ46871749095529,30551.04,555.0,0
CUST_004201,Angela Collins,382-69-5255,zbrown@example.net,ASDD77864964658894,64388.58,353.0,0
CUST_004202,William Wilson,840-75-5250,anthony79@example.net,IASY92643690258552,53866.83,386.0,0
CUST_004203,Holly Gutierrez,249260971,gentryjerry@example.com,LLSQ98343702410528,43146.97,641.0,0
CUST_004204,Paula Welch,830-61-0855,sean93@example.org,IDPF71477809602015,21692.91,815.0,0
CUST_004205,Robert Allen,105-89-2769,kelleymelanie@example.net,AWAE42636326184760,34204.82,836.0,0
CUST_004206,Michelle Serrano,603-87-7064,thomaswilliams@example.org,YXGR41273106381518,30829.02,352.0,1
CUST_004207,Erik Bridges,037-37-2376,alexander88@example.net,PBAU21005809982626,20735.05,564.0,0
CUST_004208,Elizabeth Jones,539-83-0513,heather71@example.net,LZHN71765347383521,17967.69,407.0,0
CUST_004209,Nicholas Ellis,390953041,watsonjohn@example.net,RHAH10112747054098,32700.7,731.0,0
CUST_004210,Raymond Ramirez,331-12-8946,gordonlisa@example.net,JYPT76185743866250,66151.05,427.0,1
CUST_004211,Sarah Francis,092-89-9900,ssullivan@example.org,CUFI38311410095782,66403.72,477.0,0
CUST_004212,Charles Fernandez,465-33-0595,qdoyle@example.net,BVIQ27215503968011,33059.46,620.0,0
CUST_004213,Cheryl Jones,614-70-9500,elizabeth84@example.com,EXFB73556202294945,66428.84,800.0,0
CUST_004214,Stephanie Mcgee,415-44-9988,michael62@example.org,UWVV07173021560139,27762.2,579.0,0
CUST_004215,Megan Bowen,294-29-5301,snash@example.org,WUBU52068106961387,53321.09,441.0,0
CUST_004216,Anne Robinson,735-28-7299,annettegreene@example.org,ZAWE34770472902388,18658.12,328.0,1
CUST_004217,Denise Thompson,495-98-2121,scottwilliam@example.com,RPMH22108144093069,41596.74,,0
CUST_004218,Susan Taylor,807-44-7102,tcruz@example.com,HJMF77142546330727,31304.41,663.0,0
CUST_004219,Abigail George,609-69-3370,vflynn@example.com,MTLM14266053392033,5240.37,782.0,0
CUST_004220,Shawn Martinez,676-69-7625,,JJHX42881184629820,3893.26,333.0,0
CUST_004221,Tony Perry,769-86-4609,thompsonstuart@example.net,JQQU78983373202535,59621.31,681.0,0
CUST_004222,Ann Holden,851-71-5524,renee89@example.org,NKVY60741688113469,54037.54,651.0,0
CUST_004223,Donald Roberts,245-68-7827,halljohnny@example.org,ZDVZ75009561488019,31411.32,551.0,0
CUST_004224,Jeffrey Moore,820-16-3196,kathrynspencer@example.com,SDKV93675359464575,70582.24,740.0,1
CUST_004225,Jessica Martinez,066-95-2454,,YTMA20415583019164,517.65,337.0,0
CUST_004226,Lisa Ayala,044-08-0470,sanchezdavid@example.org,CAWT06929512490921,4795.54,551.0,0
CUST_004227,Heidi Beasley,844-47-3961,robinsonrichard@example.net,CZDE90472700318513,31316.85,380.0,0
CUST_004228,Penny Williams,786-07-4847,david66@example.com,KLLX02436041103740,29632.22,621.0,1
CUST_004229,Robert Conley,692-82-1778,alexandra13@example.com,TPRW44376109259445,37429.87,758.0,0
CUST_004230,Andrew Hayes,575-46-1257,kathybuck@example.org,ZDLP91929126847167,22634.16,759.0,0
CUST_004231,Isabella Walker,033-26-6079,wendydominguez@example.org,RBIH99692717693431,38089.69,300.0,0
CUST_004232,Rachel Roberts,790-13-9568,nmurphy@example.org,ZIQN96635734623216,48642.84,692.0,0
CUST_004233,Joshua Andrade,394203393,middletonfrederick@example.org,RZIB93942350333656,53257.12,677.0,0
CUST_004234,Michelle Macias,824-49-3295,oburns@example.net,PQUV68910087292429,47963.74,369.0,0
CUST_004235,Benjamin Valencia,583-77-1143,russellcaleb@example.net,FZUH25112683317430,54614.62,490.0,0
CUST_004236,Gregory Clark,118794701,rebeccajenkins@example.net,PXJK80997416492730,62782.28,547.0,0
CUST_004237,Tina Gonzales,623446568,jeffreywilkinson@example.net,EDRD29957858900167,3637.03,368.0,0
CUST_004238,Bobby Price,165532887,slopez@example.net,DYFP78401688972748,36083.79,761.0,0
CUST_004239,Jared Smith,327-28-2587,tina40@example.com,OMZE19821121785901,33760.61,812.0,0
CUST_004240,Anna Boyer,227-48-8063,rickycisneros@example.net,SYSD47092650648237,9179.27,492.0,0
CUST_004241,Sarah Bauer,721-10-7080,velasquezkevin@example.com,RGFS41116866989094,55845.99,470.0,1
CUST_004242,Daniel Martinez MD,710-14-6234,jennifer44@example.org,BWTF27728663453004,62791.85,384.0,0
CUST_004243,Andrea Martinez,407-74-8935,garciajasmine@example.com,HKRY42467084504373,30728.29,808.0,0
CUST_004244,William Howard,271-28-2228,,UJZR53182467017881,27168.4,817.0,0
CUST_004245,Gary Lewis,165-19-9369,samanthacasey@example.net,NJDL07956757691201,19698.95,728.0,0
CUST_004246,Jeff Ray,458929420,choimatthew@example.com,NDSU52545872813622,46461.06,839.0,0
CUST_004247,Daniel Collins,757-13-2314,carterkenneth@example.org,CGGD79462383636905,41053.49,635.0,0
CUST_004248,Margaret Liu,102-11-3443,erikbartlett@example.com,TKFI66321603808073,38949.84,377.0,1
CUST_004249,David Mclean,255-94-5949,aadams@example.net,TPUL01482188097901,26755.95,831.0,0
CUST_004250,Shannon Anderson,041-46-5380,danielstammy@example.net,DEEN33001929880928,56721.33,482.0,0
CUST_004251,Tina Hart,389231562,ballen@example.org,CQOW59462613221682,22984.2,393.0,0
CUST_004252,Aaron Thompson,532-03-3650,margaretreid@example.com,FOCH46253844366520,14303.89,845.0,0
CUST_004253,Austin Cordova,209-10-2863,derekmarks@example.net,YMXT50087233951788,52620.1,477.0,0
CUST_004254,Katrina Reeves,482-92-1590,nicholas10@example.org,DTRE64258262448639,42854.61,547.0,1
CUST_004255,Brandi Vincent,415-11-7391,hopkinsashley@example.com,DQAY35672152409383,7171.17,364.0,0
CUST_004256,Andrea Wheeler,893-26-5838,zdyer@example.com,VTWM72770412562487,74256.04,602.0,0
CUST_004257,Martha Patterson,799-93-3488,todd73@example.org,NVHP00825123819626,47904.06,671.0,0
CUST_004258,Michael Monroe,472-27-9112,keithunderwood@example.net,UMFG42528966064753,13830.6,614.0,0
CUST_004259,Thomas Wright,062-50-7468,johnsonderek@example.com,WGZM52899885505920,7035.52,348.0,0
CUST_004260,Sonya Richardson,632-71-9145,xmiller@example.org,KZPT87321628230880,22382.48,620.0,0
CUST_004261,Mindy Acosta,232-47-7322,shawn15@example.net,DTFH64666045894532,56073.08,612.0,0
CUST_004262,Scott Huber,323-56-6891,lisa26@example.net,YIDL97054134530453,73018.39,400.0,0
CUST_004263,Jessica Pope,837-65-0810,torresregina@example.net,FLYN26585962560810,25263.86,356.0,0
CUST_004264,Franklin Anderson,728-37-8719,yvalenzuela@example.net,XQSG41996176443290,60178.7,323.0,0
CUST_004265,Elizabeth Bell,605-77-2471,amy59@example.net,ISRZ54850678144649,47874.1,395.0,0
CUST_004266,Angela Pineda,702579383,smithlaura@example.net,VVDB61534336671288,54366.62,435.0,0
CUST_004267,Michael Webster,708473601,reedsusan@example.org,IQEJ17946522566295,39933.82,727.0,0
CUST_004268,Kelly Arias,584-21-5426,alvarezjacob@example.org,FPAQ72546622308861,60696.69,664.0,1
CUST_004269,William Brown,486-46-7668,,TYKT75235796593149,46180.38,690.0,1
CUST_004270,Rodney Palmer,212550165,,AFJE01197025623640,42756.61,388.0,0
CUST_004271,Jesse Perkins,229-82-9147,erinestrada@example.net,NPBH10051112776138,59873.8,660.0,0
CUST_004272,Jessica Alexander,574-38-1193,,NKLR12848550563530,52611.17,461.0,0
CUST_004273,Kathy Chambers,516185740,christinethomas@example.net,VJES46411713938630,63319.03,647.0,0
CUST_004274,Meredith Cameron,568845421,millskathleen@example.org,DFEQ16182332941946,34462.59,425.0,0
CUST_004275,Kyle Taylor,203-74-6953,epayne@example.net,KWOX75041190507831,53649.99,345.0,0
CUST_004276,Misty Sellers,150-21-3849,racheljones@example.net,ESGN31786808888239,1241.64,450.0,1
CUST_004277,Amber Fry,747643179,yjones@example.org,FULZ63747626618407,2815.8,329.0,0
CUST_004278,Dr. Jason Moreno,281-64-5543,amanda02@example.net,PIDH52700878032409,58629.76,607.0,1
CUST_004279,Randy Townsend,458058927,douglas09@example.net,CIZN72608860160722,73469.63,649.0,0
CUST_004280,Stephen Oneal,120-72-2712,elizabethsmith@example.org,QDXD49001871091267,37452.07,817.0,0
CUST_004281,Darrell Spears,077822999,imccoy@example.net,DSGT81035741231577,6579.51,698.0,0
CUST_004282,Melody Larson,252-52-4622,anna85@example.com,CHDX03163098408630,38369.16,803.0,0
CUST_004283,Angela Wyatt,522-17-7008,blakemorgan@example.net,SGII07885861893192,25743.4,543.0,0
CUST_004284,Alexis Lyons MD,541656696,,IVAV12361660333979,9162.26,441.0,0
CUST_004285,Jason Kirk,584-29-0634,,WWZK31234157750144,54382.16,498.0,0
CUST_004286,Matthew May,853425953,brennanerin@example.org,FGFD27509244873722,20420.61,757.0,1
CUST_004287,Christopher Solomon,100-49-7612,janebarnes@example.org,YPNU13081677208096,37924.95,512.0,0
CUST_004288,Jesse Gonzalez,400-62-1229,preston61@example.org,HYMB95393492306794,38839.68,630.0,0
CUST_004289,Virginia Klein,747-98-6023,miguel25@example.org,HXSE62891837895264,22757.0,424.0,0
CUST_004290,Deborah Hutchinson,241197092,mlucas@example.org,ICMC66387239517451,17118.56,751.0,0
CUST_004291,Mr. Nicholas Harris,032-88-3313,walkerjesse@example.org,IJDN83789265495279,55023.95,785.0,0
CUST_004292,Stephen Patel,171-45-5262,garciaandrea@example.net,HGOH36191343169173,9020.14,703.0,0
CUST_004293,Jason Herrera,239-14-1296,brooke06@example.org,LERO76382530776013,38538.62,841.0,0
CUST_004294,Mackenzie Davis,204-34-1016,hrobbins@example.org,IMOZ93236705361051,49392.63,470.0,0
CUST_004295,Jesse White,207278152,hartmadison@example.org,LKVC46906153399613,65384.14,462.0,0
CUST_004296,Wendy Palmer,267-76-9474,tylerthomas@example.org,EWEZ33348460060300,57177.6,839.0,0
CUST_004297,Chad Chandler,394-47-2098,laneaaron@example.net,UQVT81856091894420,38001.47,651.0,0
CUST_004298,Pamela Hoffman,258-66-1548,leecameron@example.net,MPVK14726789044220,36114.36,719.0,0
CUST_004299,Alyssa Bridges,664-89-3378,smithstacey@example.net,DQXB35164546533991,23958.06,524.0,0
CUST_004300,Gerald Gomez,371024820,castrobradley@example.net,DCWO35377712492085,42900.53,642.0,0
CUST_004301,Alisha Perez,230660903,johngrant@example.org,PLIZ38709837832198,35556.98,652.0,0
CUST_004302,Steven Short,296865966,sonyacooke@example.net,PDGF79033225304910,37472.45,800.0,0
CUST_004303,Catherine Vasquez,172-81-2316,elizabeth72@example.net,VRMY06427725947214,51280.26,598.0,1
CUST_004304,Julie Taylor,523-51-4372,michael88@example.org,MKKT02767168580848,31854.95,630.0,0
CUST_004305,Erik Peterson,384-39-1770,brandimiller@example.org,JVGW13328291171073,46220.81,734.0,0
CUST_004306,Zoe Shelton,754-86-8067,jonathanbest@example.org,IZNI21397424588822,23531.16,666.0,0
CUST_004307,Natasha Richards,845579700,derrickbrown@example.com,FPVY22203908767254,32765.28,737.0,0
CUST_004308,Michael Day,382816976,regina46@example.net,XDIL86247574096168,71633.71,659.0,0
CUST_004309,Matthew Smith,306-18-7422,christine86@example.org,EAOX25104346845686,58713.4,338.0,0
CUST_004310,Scott Sharp,814-40-3017,clarkpatrick@example.org,HUHY70880404506736,11220.15,587.0,0
CUST_004311,Rachel Wilson,294-24-8084,ortizmichael@example.net,IQEB16576285777381,15729.97,471.0,0
CUST_004312,John Gardner,508-49-9073,,PCTG28443827859683,57355.06,746.0,0
CUST_004313,Victoria Jones,389-87-3204,dorothy55@example.com,TRZY20225078956518,37714.38,334.0,0
CUST_004314,Douglas Pearson,211-85-2447,chapmanjohn@example.net,GSVJ17052873014682,-121.89,641.0,0
CUST_004315,Teresa Wright,702-95-1561,smiththeresa@example.com,VOGR80222786922923,39287.26,709.0,1
CUST_004316,Mason Ayers,178494677,johnsonadrienne@example.com,ULJE14676164729539,20078.7,316.0,0
CUST_004317,Alicia Lopez,094-29-0905,kmyers@example.net,VTCO42075256363803,66735.09,796.0,0
CUST_004318,Denise Larson,204-73-0956,ojones@example.org,ANHV47013635277642,52388.89,807.0,0
CUST_004319,Joseph Torres,359120624,pmcdaniel@example.net,TXVP53357361050844,52105.68,606.0,0
CUST_004320,Carol Tran,445560961,sarah62@example.com,RLRZ51299065001595,39569.03,657.0,0
CUST_004321,Mary Wade,036-83-3142,xgutierrez@example.net,SQGU49956663724380,37349.02,343.0,0
CUST_004322,Richard Hansen,761-37-5826,jessica13@example.com,APQH43483834830371,23734.17,522.0,0
CUST_004323,Lori Carrillo,721-25-2309,nielsendenise@example.net,YIFZ02828108843832,65543.77,442.0,0
CUST_004324,Susan Ho,605-52-9096,catherine21@example.com,CAUY75278962884781,70650.67,679.0,0
CUST_004325,Jonathan Russell,719-78-5591,czimmerman@example.net,WUFN08213591292310,-309.16,322.0,0
CUST_004326,Billy Randall,511-64-0122,bwallace@example.org,CRFG27388279741397,41974.53,402.0,0
CUST_004327,Debra Brown,164911437,iramirez@example.net,JSVB48584521129443,11064.84,583.0,0
CUST_004328,Natalie Barnett,356-95-7731,caseyfuller@example.net,CTAZ96076045650163,15053.65,402.0,0
CUST_004329,Rachael Gray,209-89-5947,eugenehamilton@example.com,YJOW08145082378385,50308.77,550.0,0
CUST_004330,Alexandra Frazier,424801501,matthew26@example.org,RYSS31730901913468,32718.1,744.0,0
CUST_004331,Garrett Miller,887-28-1524,gdrake@example.org,FNPM15181933104347,915.02,633.0,0
CUST_004332,Robert Mack,605-72-4380,pmoses@example.net,FRVR61498092489854,47717.85,613.0,0
CUST_004333,Stacy Hutchinson,376865194,wfischer@example.com,ZQBV25444086991977,7189.57,720.0,0
CUST_004334,Jacob Bailey,072-79-8082,pooleclayton@example.org,TIEA49090959444405,43460.83,355.0,0
CUST_004335,Nicholas Doyle,544845798,brian27@example.com,HXDG00781527787022,7997.77,515.0,0
CUST_004336,Katherine Henderson,335-87-3472,amay@example.com,EHIQ90262181989240,3104.27,426.0,1
CUST_004337,Paul Charles,677-19-2084,camposkathy@example.net,KRVZ95496716089064,57370.73,569.0,0
CUST_004338,Anthony Smith,677-79-7592,jimmy65@example.net,KKAW90230750491684,40010.25,436.0,0
CUST_004339,Elizabeth Williams,062-67-0887,iyoung@example.net,RTXM43224901793635,29797.46,406.0,0
CUST_004340,Paul Davies,269-85-9742,taylorrachel@example.com,QFHR26646212999445,22831.06,702.0,0
CUST_004341,Jennifer Martin,241-65-1763,seancooper@example.com,LTCP61214300283066,49721.95,455.0,0
CUST_004342,Heidi Torres,299-25-8109,allisonbarker@example.net,GAUQ82414136998790,41227.92,652.0,0
CUST_004343,Rhonda Kelly,008-65-7058,danielgarrett@example.org,CMPJ74276855146124,37369.68,718.0,0
CUST_004344,Alyssa Padilla,749-64-7218,schwartzrichard@example.org,GKFZ64259154339748,68135.79,420.0,0
CUST_004345,Russell Quinn,537-38-4243,meagansolomon@example.com,VQIY34517929687729,48967.68,609.0,0
CUST_004346,Victoria French,148-21-4196,rodriguezanita@example.net,YEOO28640932234926,60418.21,755.0,0
CUST_004347,Katherine Obrien,434-44-9771,ashley30@example.org,QVHE45265628408876,44034.97,551.0,1
CUST_004348,Carolyn Perez,334-41-0577,costamitchell@example.com,NZTQ58871381118449,25173.45,342.0,0
CUST_004349,Brandon Clements,353-94-6922,,DGBX16725073931836,57377.03,337.0,0
CUST_004350,Aaron Santos,557440700,john45@example.org,PBWP03369224947286,956.77,771.0,0
CUST_004351,Mary Martin,274-23-9538,saunderssarah@example.org,LLGM22809375141058,7416.94,336.0,1
CUST_004352,Nicholas Brown,715-34-1348,gwendolynmorgan@example.com,HXXQ92656231939920,2024.99,742.0,0
CUST_004353,Kenneth Banks,594-65-6606,mirandascott@example.com,ZRJX98214951294226,6888.94,459.0,0
CUST_004354,Jennifer Simpson,507852376,mhernandez@example.net,UVTE82655093488271,49675.98,734.0,0
CUST_004355,Kayla Reeves,005-96-6285,eric21@example.net,PJUJ01216106065589,31846.94,545.0,0
CUST_004356,Jerry Curry,445-09-0283,bbanks@example.net,CHIC05970881236245,30267.7,800.0,0
CUST_004357,Christina Wu,340266309,joe61@example.org,QPEQ00883993447299,58321.33,518.0,0
CUST_004358,Benjamin Andrews,797-45-1878,gomezstephanie@example.com,WHFF56483684371640,51.25,578.0,0
CUST_004359,Michael Garcia,497-29-3133,ucrawford@example.org,XPZU57525156561822,36683.67,617.0,1
CUST_004360,Leah Stevens,494-79-6086,jennifercastro@example.org,GTCE22462718110071,16488.7,791.0,0
CUST_004361,David Lawson,134-63-4741,,EXQX89777976750567,66275.14,574.0,0
CUST_004362,Samuel Gonzalez,182-82-5090,jamiecoleman@example.net,KGFJ38457116370395,66793.49,311.0,0
CUST_004363,Juan Smith,312-26-0325,xmclaughlin@example.org,ARFD12729394146276,26997.5,747.0,0
CUST_004364,Troy Salazar,503-12-3748,morgankelly@example.com,QCPO81703145189168,38281.8,650.0,0
CUST_004365,Emily Robinson,836-74-2003,washingtonnicole@example.org,FZTE89237106039492,35051.1,570.0,0
CUST_004366,Jonathan Bennett,629337710,ernest06@example.com,TTRA71488466061240,57150.84,699.0,0
CUST_004367,Natasha Bryant,376-16-2535,chelsea07@example.org,IVVN39609795255214,9195.9,500.0,0
CUST_004368,Andrew Roberts,641-02-7825,crystal19@example.com,BTUP28417362805324,23831.49,462.0,0
CUST_004369,Katie Mcguire,477-75-9361,vincent95@example.com,WRND76704391324676,47964.29,450.0,0
CUST_004370,Derek Ward,399-57-2265,timjones@example.com,LUJQ79253141124788,56745.86,626.0,0
CUST_004371,Jessica Cortez,445-66-5713,courtneymorris@example.com,CVYD15184063508786,27608.77,519.0,0
CUST_004372,Joshua Thompson,830-40-0419,richardpadilla@example.net,AUKT33930936760783,5269.02,833.0,0
CUST_004373,Pamela Short,416-63-1047,michael73@example.org,UVUG46916273083120,67833.93,650.0,0
CUST_004374,Dr. Michael Moore,270-88-4022,richardnixon@example.org,VNZD94112363483452,880.92,646.0,0
CUST_004375,Jason Haney,358-67-6050,diana39@example.org,GHTA29651462139362,7070.18,521.0,0
CUST_004376,Katherine Ball,492-73-5319,stevenmcneil@example.net,ZXHU34826452400573,7028.63,586.0,0
CUST_004377,Madeline Mendoza,710-47-7678,zoneill@example.org,KCKF70982380773584,12018.84,376.0,0
CUST_004378,Madison Robinson,477-97-1719,moonjuan@example.com,QRNV78265150589350,73095.71,399.0,0
CUST_004379,Eric Morgan,650-12-6398,michaelford@example.org,NUNQ45427722144438,362.05,301.0,0
CUST_004380,Brian Foster,005-93-4690,,ESYT32899981495292,68049.29,347.0,0
CUST_004381,Robert Rodriguez,748-92-7048,kjackson@example.org,DKCO00069626855084,32379.54,542.0,0
CUST_004382,Dominique Moore,022-94-6074,ujackson@example.com,CNNK48786465815966,35980.31,794.0,0
CUST_004383,Kenneth Rios,530-19-1414,jamie86@example.com,OBOY59835257890662,37173.57,342.0,0
CUST_004384,Julie Barnes,182-76-1509,patricia81@example.com,SHJC74279792519862,49086.19,405.0,0
CUST_004385,John Wilson,225-11-3730,wilsonmichael@example.com,PJKO37442751310101,61946.82,465.0,0
CUST_004386,Cynthia Ross,146036078,michaelhernandez@example.net,OOPC13320428703966,45914.25,778.0,0
CUST_004387,Brian Pruitt,131-69-5753,,SMKC53972806159168,53703.27,536.0,0
CUST_004388,Peter Berry,321-30-5377,stephenbradley@example.com,JBNE89824042514974,59719.08,333.0,1
CUST_004389,Jessica Burgess,104-71-1063,carl94@example.com,ELFU56088470711763,16824.84,433.0,0
CUST_004390,Walter Merritt,836-04-0541,william45@example.com,ERIC29585530019836,33522.46,354.0,0
CUST_004391,Anna Lawson,757-45-5805,timothy75@example.net,YCNA91179493823287,7038.0,706.0,1
CUST_004392,Antonio Reyes,075-79-7347,slopez@example.org,JVOB19788110909043,34409.05,479.0,0
CUST_004393,Nicholas Jordan,487891726,valerie71@example.net,UDOJ77933676117961,47640.03,707.0,0
CUST_004394,Jaime Barron,578-07-2588,troygeorge@example.com,ODRZ20178837587545,59589.72,443.0,0
CUST_004395,Luke Lutz,208131586,mmendoza@example.com,WNPJ88518851363621,41055.42,822.0,0
CUST_004396,Amanda Cruz,717-26-8180,ojones@example.com,KLZN36934794403336,63149.7,537.0,0
CUST_004397,Alexander Alvarez,411-09-0093,paynedarius@example.net,FGUG19072970103389,61980.48,496.0,0
CUST_004398,Veronica Duncan,342-15-3521,karen85@example.net,NEEN08195985186766,33371.91,634.0,0
CUST_004399,Kenneth Leach,288-50-1928,smithjessica@example.com,REOZ32377683268862,42830.22,653.0,0
CUST_004400,Sarah Elliott PhD,255-95-3367,ryan48@example.org,AUWR25726967745658,68004.64,390.0,0
CUST_004401,Shannon Vasquez MD,470-19-6759,,OYTX52336997174503,27257.07,793.0,0
CUST_004402,Amy Hall,674-80-3408,davisdustin@example.net,JMFF05615998037523,64605.38,764.0,0
CUST_004403,Tammie Roman,837-47-2416,snyderlynn@example.net,IGDP95825222991184,1525.34,333.0,0
CUST_004404,Alisha Bradford,173-71-5618,gilbertkimberly@example.com,JNIR18684256379973,22411.59,432.0,0
CUST_004405,Yolanda Henderson,589-30-9659,longdennis@example.org,LMRM51890247232388,72219.81,559.0,0
CUST_004406,Hunter Harrison,054-84-0500,julie57@example.org,ELKC70915931649378,23717.39,544.0,0
CUST_004407,Stephen Prince,488781642,ann67@example.net,EDTN93810210251858,57179.28,713.0,0
CUST_004408,Robert Guzman,650-61-3405,brandon33@example.com,IFYP21798250753208,28776.92,529.0,0
CUST_004409,Diane Johnson,164708879,brandonsilva@example.net,OJUN53652053905045,43827.73,765.0,0
CUST_004410,Alec Miller,023-64-8225,millermatthew@example.org,OLKS51212869820254,57073.17,542.0,0
CUST_004411,Dr. Bobby Porter,436-70-4135,matthewbuck@example.net,MXYI13184803282142,56005.47,762.0,0
CUST_004412,Robert Lawson,213-44-4838,,GXDA84656423245454,74588.14,648.0,0
CUST_004413,Joy Jones,285-56-7341,michelegould@example.net,EMDR32848935998510,64338.29,610.0,0
CUST_004414,Jamie Reynolds,626-52-0631,villegaskirk@example.org,PTGP21877359508493,8338.61,394.0,1
CUST_004415,Oscar Galloway,509-96-7329,aorozco@example.org,SMMN22346297915143,11745.94,352.0,0
CUST_004416,Cody Chung,674671102,caitlinmaldonado@example.org,TGTC61786106495441,61230.95,606.0,0
CUST_004417,Victoria Robinson,472-83-4701,simpsonjulia@example.org,IEXD40801748383612,36050.82,784.0,0
CUST_004418,Angie Smith,375329779,meredith33@example.net,JNWH74753435760540,26007.54,649.0,0
CUST_004419,Thomas Hoffman,681-43-7283,melindaford@example.net,YVYI19495637807451,28748.79,515.0,0
CUST_004420,Jason Miller,656-77-3154,hortonjoe@example.org,SRXL14762122866516,56744.99,310.0,0
CUST_004421,Shelly Gomez,449-76-0223,msmith@example.net,GBIQ21023689918927,25840.05,726.0,0
CUST_004422,Heather Lee,554-88-2688,wesleyscott@example.net,EAST15215956460923,13240.72,717.0,0
CUST_004423,Thomas Phelps,723-06-6211,jake09@example.org,VZDI18394669508418,35465.02,753.0,1
CUST_004424,Lindsey Morton,767-44-6972,matthewfox@example.com,EOJG50834003083004,2586.46,510.0,0
CUST_004425,Samuel Parker,837934770,kimberly90@example.org,IYJW55319055998188,37023.68,488.0,0
CUST_004426,Elizabeth Rios,056887799,anthony22@example.com,OEPU49591696084111,58792.0,356.0,1
CUST_004427,Joanna Hall,788-55-2592,jodiellis@example.org,OELS13000375299455,41319.35,729.0,0
CUST_004428,Karen Richards,840-52-1222,christopher90@example.org,FOXK19993695841635,67525.97,471.0,0
CUST_004429,Ashley Allen,882-36-7825,hayespatricia@example.com,BEEY84879307483776,17760.16,446.0,0
CUST_004430,Victor Torres,327-68-9828,sandersjessica@example.net,KRNB88223516709257,1203.1,710.0,0
CUST_004431,Belinda Green,460-02-6325,gregory79@example.com,PFGU71833528098769,28027.36,,0
CUST_004432,Mrs. Jennifer Cunningham DVM,682-22-8109,abates@example.net,DEIZ22039210161481,48904.62,495.0,0
CUST_004433,Donald Martinez,020-55-1403,jenniferharris@example.org,NLBB40116458179782,44708.32,392.0,0
CUST_004434,Tony Murphy,043-54-3758,andersoneric@example.com,IWEI13038977312650,1991.97,691.0,0
CUST_004435,Heather Martinez,747804856,aclark@example.org,UKZD19726317272065,24893.05,844.0,0
CUST_004436,Robert Benson,874-92-4689,brian37@example.net,NEWB26138672528318,43188.63,832.0,0
CUST_004437,Austin Graham,420-47-0416,angelicathompson@example.org,ZZZJ03476334759493,67790.83,842.0,0
CUST_004438,Steven Reed,889-73-1751,smithamanda@example.net,KEPB00867643694882,74498.52,435.0,0
CUST_004439,Natalie Castillo,311-69-3500,anthonysteven@example.net,SXDD05930783016298,71315.34,842.0,0
CUST_004440,Nicole Nguyen,501-05-9841,imeyer@example.net,LQZW48592313870425,2674.26,433.0,0
CUST_004441,Timothy Cooper,476-83-0481,sherrihall@example.net,EGKQ91409265119204,67598.31,395.0,0
CUST_004442,Alison Sanchez,475-91-2873,ygutierrez@example.org,WABI64567897546403,30810.28,513.0,1
CUST_004443,Sarah Fry,549-84-7884,tclark@example.net,SOKT98432068947908,35134.14,837.0,0
CUST_004444,Paul Baker,736-75-2728,davidsmith@example.net,UKZT12021091491687,61890.66,378.0,0
CUST_004445,Jordan Anderson,544-78-2895,elizabeth73@example.net,RIID68645746672915,30356.23,415.0,0
CUST_004446,Geoffrey Ruiz,053818797,collinkelley@example.net,OLXY67984750882462,31746.83,540.0,0
CUST_004447,Jessica Patton,655-75-4893,,HFPF23175513482767,-161.07,631.0,0
CUST_004448,Arthur Little,043-80-6038,orozcodouglas@example.com,PBTN39764078299366,51200.49,453.0,1
CUST_004449,Tracie Johnson,834-93-5062,jamesmoore@example.org,VCZY87238969686159,56286.91,384.0,0
CUST_004450,Cory Armstrong,463-91-2750,kgilmore@example.org,RBRD16680964860393,4545.15,582.0,0
CUST_004451,Nicole Wright,188-32-3464,morrispatrick@example.net,QYWH47080429860203,3694.3,575.0,0
CUST_004452,Duane Martinez,773-25-6238,brandon22@example.org,EDUW10231038086919,851.94,400.0,0
CUST_004453,Eric Cohen,514-35-8324,randy28@example.com,QFKP91002623126753,20321.01,352.0,0
CUST_004454,Christine Larson,129-12-4576,fgrimes@example.net,JSTC76066355420117,57408.66,599.0,0
CUST_004455,Lori Gonzalez,853-21-4006,stokessuzanne@example.org,DSZQ39134231530610,42751.3,681.0,0
CUST_004456,Mark Phillips,218466525,,BCJQ73544625974015,15820.64,847.0,0
CUST_004457,Derek Dixon,466-84-9813,sullivankelli@example.org,LIAR35630145164987,19100.99,756.0,1
CUST_004458,Parker Vasquez,036-18-8880,robertchandler@example.com,LWYC45930918488242,19725.78,844.0,0
CUST_004459,Jeffrey Cook,657-87-1411,elopez@example.org,MGHW64549509243148,6721.86,345.0,0
CUST_004460,Kevin Watts,371200526,smithrhonda@example.net,ICFE77414402211081,73145.06,435.0,0
CUST_004461,Stephen Boyer,658-51-7653,thomaszimmerman@example.net,SNLY68546834478971,8496.43,458.0,0
CUST_004462,John Ortiz,212-93-7727,sgreen@example.net,NOQQ53768361688462,10779.29,760.0,0
CUST_004463,Ashley Green,556-81-2586,kevinjohnson@example.org,EXAS97236587846786,56423.29,648.0,0
CUST_004464,Abigail Brandt,307-02-8868,tmoore@example.com,ECCH60057883850274,70312.1,680.0,1
CUST_004465,Jamie Porter,894-89-2479,nhunter@example.net,YMWU59088825066096,60056.46,754.0,0
CUST_004466,Daniel Owens,070-48-7306,alyssathompson@example.com,PYXS41745539345891,34731.74,770.0,0
CUST_004467,Kristina Murray,591-55-3168,cranedaniel@example.org,IOQO48763294247493,68562.89,606.0,0
CUST_004468,David Glover,512-95-1816,reneebrown@example.net,JGYL42495592694694,28603.65,654.0,0
CUST_004469,Jose Edwards,860-34-0974,xnelson@example.com,DHKR81665981847071,12925.2,781.0,0
CUST_004470,Ryan Fitzgerald,629-10-1776,agallegos@example.org,RNOT18396341627622,59099.98,791.0,0
CUST_004471,Cassidy Butler,507-70-8614,bsmith@example.org,QVSR31174104339260,14415.25,650.0,0
CUST_004472,Lisa Clark,175-12-5891,vjackson@example.org,WWBR16360052493835,45071.9,685.0,0
CUST_004473,Gary Walters,544-99-2211,jasonharrison@example.org,BZDH21557327907071,63781.42,528.0,1
CUST_004474,Stephanie Knight,060-92-3516,pmoore@example.net,SATL08071015955919,45810.44,348.0,0
CUST_004475,Felicia Brown,382082785,hhendrix@example.org,XIAQ29594606419337,47873.41,428.0,0
CUST_004476,Jared Bridges,555-65-3276,,MTUV71984951341306,1808.12,351.0,0
CUST_004477,David Lowery,883-45-2613,hcoleman@example.com,HYAY44615563702770,35961.16,789.0,0
CUST_004478,Andrew Jones,500555903,martinezlaura@example.net,PYJM12750503609361,58330.04,441.0,0
CUST_004479,Charles Ramos,252-73-0321,kimberly31@example.org,UBZU77212122764251,30650.65,536.0,0
CUST_004480,Bradley Ramsey,298-51-2120,zacharymorgan@example.org,EWIM17469671603569,62178.91,360.0,1
CUST_004481,Amber Davila,202-81-5725,moraleswilliam@example.com,JYDF92756571199587,70788.82,416.0,0
CUST_004482,Kyle Tucker,049-62-1067,thomas26@example.net,IVVY23591356787714,4470.44,803.0,1
CUST_004483,Michelle Andrade,393-31-5089,mccoymaurice@example.org,VMTG44536105138101,65849.55,367.0,0
CUST_004484,Gordon Cole,267125923,murraygregory@example.net,EGYJ22964289216516,73406.3,840.0,1
CUST_004485,Michele Smith MD,278-20-2037,reyesjeffrey@example.net,UUSK42875829304207,42928.25,548.0,0
CUST_004486,Zachary Williamson,647-32-5763,reynoldsmatthew@example.org,BHTC59596038445705,31002.85,725.0,1
CUST_004487,Sandra Fitzgerald,170-46-0225,,JLNC66487343249238,73711.83,555.0,0
CUST_004488,Alejandro Strickland,428922228,kobrien@example.org,NGNW71457896320677,68414.57,608.0,0
CUST_004489,James Skinner,358-59-3873,,WKKG98315007763120,53837.57,446.0,0
CUST_004490,Melanie Beard,843-19-7561,larsoncatherine@example.org,WINT62512180240516,3697.96,607.0,0
CUST_004491,Isabella Padilla,487-46-6348,thomas02@example.org,RDSA46602879023149,22233.5,762.0,0
CUST_004492,Andrea Murray,487440373,jcannon@example.org,CMFR32983123585208,19115.47,353.0,0
CUST_004493,Kathy Jones,745-96-4411,sextonjeremy@example.com,QLTV97358824416729,46252.86,447.0,0
CUST_004494,Rachel Cherry,782-64-5190,abarnes@example.org,FEKO42367580552041,26958.2,574.0,1
CUST_004495,Desiree Young,731-61-0378,averymitchell@example.net,CUAQ52819465940216,51135.2,709.0,0
CUST_004496,Joe Wagner,845-92-5868,robertgallegos@example.com,ULEK96317616741483,50226.1,487.0,0
CUST_004497,Taylor Miller,834-63-7655,hopkinsmelanie@example.net,ITBB38910794467959,51890.45,642.0,0
CUST_004498,Sean Mcbride,750-37-8422,charlesanderson@example.com,SUAE33052179583220,66841.22,552.0,0
CUST_004499,Kimberly Williams,476742188,karen19@example.com,XBFM58017486387853,67310.04,513.0,0
CUST_004500,Matthew Ward,839-63-9724,longjason@example.net,NRJW29239122356309,12992.86,,0
CUST_004501,Mariah Walker,772-71-8552,caseyromero@example.org,BXMX17339119833248,27760.27,769.0,0
CUST_004502,Kimberly Pearson,567-29-9912,ashleythomas@example.net,VXVS83204408344744,4983.03,349.0,0
CUST_004503,Christina Baxter,063-01-3200,qduncan@example.net,PDWG48814844234223,36304.26,391.0,0
CUST_004504,Sharon Grant,172995699,dchan@example.com,FMBK05725168447314,60199.87,573.0,0
CUST_004505,Haley Wolf,617-99-3545,erinhendrix@example.org,KNHF00374520914790,48396.09,606.0,1
CUST_004506,Susan Johnson,354-28-3124,yangmichael@example.net,FXXO17244223235927,11298.34,681.0,0
CUST_004507,Tracey Mcdaniel,781-97-7484,hamiltonpaula@example.org,MHVB23850992901059,2187.3,797.0,0
CUST_004508,Scott Reeves,684-53-7235,xbell@example.com,SCQO73422037703295,73282.66,653.0,1
CUST_004509,Brittany Walters,610-06-7913,nicholaslopez@example.org,OAJQ32156323739126,22909.56,560.0,1
CUST_004510,Ashley Garza,122195725,longnichole@example.com,BUNQ15444445237646,7810.68,809.0,0
CUST_004511,Cindy Cameron,869-93-0750,jmiller@example.com,LHJZ44092301327089,69852.43,742.0,0
CUST_004512,Amy Powell,603-98-3383,nelsonsarah@example.org,JYVO61770458659244,73539.95,719.0,0
CUST_004513,Desiree Marshall,842-74-2831,hwolfe@example.net,GGIP08474834918874,9626.65,376.0,0
CUST_004514,Richard Brooks,544-70-8777,,HFTB89841571834241,53566.98,543.0,0
CUST_004515,Catherine Russell,767-15-8279,josecooley@example.org,EIRA65667684093801,70435.86,620.0,0
CUST_004516,Antonio Garcia,746-15-2147,vhunter@example.net,TGFL14502090542431,28598.63,667.0,0
CUST_004517,Dana Duran,582-75-0699,joycephillips@example.org,PFQD09062032730634,22608.43,520.0,0
CUST_004518,Austin Rhodes,294-12-9293,sarah68@example.net,DVCF97640720515853,55759.8,338.0,0
CUST_004519,Tony Johnson,223-97-6751,jordandonald@example.com,ZCGB10083086899036,54821.43,351.0,0
CUST_004520,Erin Pearson,381-38-5164,smonroe@example.com,SHNZ62939987408020,37313.16,400.0,0
CUST_004521,Ricardo Strong,348-56-7761,kevinmiller@example.org,TTDX72780272419875,29000.81,417.0,0
CUST_004522,Daniel Edwards,698-65-1324,ilee@example.com,MPPJ87110577308582,37873.34,848.0,0
CUST_004523,Sara Moore,609-19-2888,perezbrian@example.com,JGML97510756269226,31245.04,346.0,1
CUST_004524,Deanna Nielsen,226794497,nathan28@example.org,VTOT27023729534322,74491.2,849.0,0
CUST_004525,April Porter,359-84-5965,vhernandez@example.org,MDQN79679272599849,35677.14,,0
CUST_004526,Mrs. Brooke Rios DVM,295-13-7852,tyrone81@example.net,WOCJ67418805058389,41325.17,597.0,0
CUST_004527,Julie Turner,555913458,fernandezelizabeth@example.com,DRMH69076699361732,20845.2,777.0,0
CUST_004528,Kaitlyn Velasquez,530-78-5113,carol70@example.com,HEZK14546060764903,39776.78,350.0,0
CUST_004529,Eric Oneill,777-11-2854,mark92@example.org,AJYK48213549759935,44680.34,680.0,0
CUST_004530,Gregory Wagner,249-21-3279,jeremymurphy@example.org,CWJM32878116259839,14933.68,772.0,1
CUST_004531,Victoria Adams,774859026,imorris@example.org,XNUM10746443992061,70758.36,688.0,0
CUST_004532,Amanda Evans,234-21-3244,joseph97@example.org,TVKO87755071810255,41869.6,803.0,1
CUST_004533,Vanessa Graham,623-38-5684,jwashington@example.org,PLUL56707091617084,26007.62,674.0,0
CUST_004534,Dr. Monica Jones,573-25-2526,danny24@example.com,ZUSX48301339590754,6250.06,349.0,1
CUST_004535,Edward Ramirez,870-11-3095,amccarthy@example.com,JAMH49890419025119,727.44,333.0,0
CUST_004536,James Vazquez,125-58-3633,deborahmcdonald@example.net,ENQU77207832483561,56760.84,519.0,0
CUST_004537,James Doyle,406901946,isantana@example.net,CSDQ38783326876377,891.35,504.0,0
CUST_004538,Julie Parker,608790069,william98@example.net,NAVJ77327528820950,58598.74,725.0,0
CUST_004539,Michael Rogers,154-12-0246,lauralawrence@example.com,PBUO91915883452454,63834.6,447.0,0
CUST_004540,Audrey Taylor,571-74-7172,john53@example.org,GZVR02089671919160,21400.46,628.0,0
CUST_004541,Leslie Williamson,126-74-9236,obenson@example.net,FPAX86582713367695,1866.98,337.0,0
CUST_004542,Angel Smith,005628548,aprilchapman@example.com,DYTD59778146589737,63421.01,711.0,0
CUST_004543,Mary Johnson,637-61-2988,tatemarie@example.net,KTSE30465886393124,28001.74,701.0,0
CUST_004544,Kristina Martinez,765-87-1467,stevensbenjamin@example.org,XCVJ79843126473868,39224.47,360.0,0
CUST_004545,Jamie Gilbert,834-92-0042,michaelmiller@example.org,OOJQ51017516768342,45939.14,531.0,1
CUST_004546,Adam Blake,293084647,zcantu@example.net,CICK20388292657162,32545.06,722.0,0
CUST_004547,Joseph Kim,351892524,nguyenregina@example.org,NDYA59912376772705,46249.39,499.0,0
CUST_004548,Juan Wright,753956387,charlesfranco@example.org,OZYJ69064764059044,24930.19,763.0,0
CUST_004549,Maureen Vargas,258-64-7324,newmanpaul@example.org,NBUM44162203468438,18360.78,432.0,0
CUST_004550,Robert Nguyen,047-75-8739,thomasbradley@example.net,IQAL73588445481246,34841.38,404.0,0
CUST_004551,Stephanie Nichols,004-92-3791,kristenhoward@example.com,SFSA31881355810390,2782.73,568.0,0
CUST_004552,Dr. David Stevens,591-57-5728,freyjonathan@example.net,FQNY44494766142585,37766.49,312.0,0
CUST_004553,Brenda Schaefer,001-94-2401,stephen52@example.com,OZYT42450920301952,59978.38,484.0,0
CUST_004554,Lisa King,484240885,xfisher@example.org,ZMHW66870989045083,20293.53,334.0,0
CUST_004555,Richard Owens,660-65-8591,lewismichael@example.net,ZMRZ92228987832697,10110.4,700.0,0
CUST_004556,Kyle Castillo,303-61-1018,jennifersmith@example.org,VLTA76595590095398,20779.54,610.0,0
CUST_004557,Rachael Hart,532523491,kboyle@example.net,VSZI19145892970820,41426.77,557.0,0
CUST_004558,Joseph Hall,682-18-6707,knightblake@example.com,UDHW13071695215605,65057.13,540.0,0
CUST_004559,Stephanie Chapman,841-28-2995,,QTUP54841199475633,62738.66,412.0,1
CUST_004560,James Williamson,211-60-6233,samuelking@example.com,XYBO10726456292122,47163.03,424.0,1
CUST_004561,Amanda Grimes,134-58-7456,,QPQZ27873586582363,42818.36,306.0,0
CUST_004562,Holly Anderson,844-53-7975,pmoody@example.net,FRGR81298562311656,6484.87,813.0,0
CUST_004563,Cynthia Stephens,133-59-7938,jake76@example.com,SZCO91646948711256,60219.93,428.0,0
CUST_004564,Cody Hess,426-67-1420,jeffreythompson@example.com,THSV62183592491616,44743.18,611.0,0
CUST_004565,Lance Walton,036-41-3636,wayala@example.com,LOMJ92292067938573,21354.69,346.0,0
CUST_004566,Susan Murray,140996953,lopezangela@example.net,DAMD16389449413024,38432.99,413.0,1
CUST_004567,John Zuniga,679-58-2179,kevinevans@example.com,QEFP53262612056907,232.91,650.0,1
CUST_004568,Meagan Sanchez,497-47-0223,jennifergarcia@example.net,MNGA84830132142334,8246.24,302.0,0
CUST_004569,Karen Ferguson,203-66-2310,shelby49@example.com,AHEI41332245778337,42725.61,581.0,0
CUST_004570,Benjamin Hanson,441664975,efernandez@example.org,OXFC11320815426950,21841.37,,0
CUST_004571,Matthew Taylor,347343630,phillipdiaz@example.org,OYKN16814375474014,60603.98,662.0,0
CUST_004572,Bruce Bush,218-70-3979,vanessareed@example.org,YTFN36903680776303,57225.07,768.0,0
CUST_004573,Kathryn Sanchez,411-27-5743,debra31@example.com,VOUB86044297603461,33852.04,574.0,0
CUST_004574,Stephanie Williams,288-72-3753,rjones@example.org,KUTG04186107672809,18999.48,837.0,0
CUST_004575,Sara Robinson,899822918,justin29@example.org,SBWM31479143942577,52955.43,702.0,0
CUST_004576,Aaron Williams,851035281,carrie21@example.com,IZKI62665754017209,47070.56,,0
CUST_004577,Brendan Martin,015-37-2725,kyle14@example.net,DANP94332031006523,56810.35,761.0,0
CUST_004578,Brent Chapman,172033159,rward@example.org,DODP92339399253581,25750.06,706.0,0
CUST_004579,Michele Harris,082558238,david16@example.org,XBOL28911626117132,39803.06,715.0,0
CUST_004580,Sandra Morales,488-40-4878,btaylor@example.com,EODL49276516035008,16552.39,338.0,0
CUST_004581,Ronald Hunter,877-84-0237,randallchad@example.net,GEWB38435409743441,71269.03,709.0,0
CUST_004582,Sylvia Duncan,024-54-9983,julie47@example.org,TFCA71491823860420,47529.3,831.0,0
CUST_004583,Matthew Moore,566-46-2292,gonzalezcarolyn@example.org,TJBM16481889874315,67312.82,552.0,0
CUST_004584,Charles Jones,707-97-0163,timothy71@example.com,MMTT47593777573059,33927.62,779.0,0
CUST_004585,Jonathan Foster,037-13-5636,michael01@example.com,VPFN33248272105868,64552.51,792.0,0
CUST_004586,David Vaughan,722167260,danieljones@example.net,WZKY38531934864769,61098.43,337.0,0
CUST_004587,Eric Graham,179581374,charleshickman@example.org,OWTF00868726419419,7549.59,733.0,0
CUST_004588,Marilyn Brown,785-09-5445,wmcfarland@example.org,JLTW19322798594166,69104.48,574.0,0
CUST_004589,Andrew Williams,328-49-8303,rogersdanielle@example.org,BURK11976649671196,63615.22,733.0,0
CUST_004590,Elizabeth Johnson,072341684,wpowell@example.com,UMOX15283264269226,22379.37,716.0,1
CUST_004591,Lisa Sanders,510-14-4427,clopez@example.com,WGEA19019094596765,42349.79,411.0,0
CUST_004592,Sandra Walker,651-51-4009,alexanderwagner@example.net,QJKP49412517307178,26694.58,301.0,0
CUST_004593,Jennifer Robinson,669-46-5787,aliciabowman@example.org,BAFY65018099055895,43717.83,484.0,0
CUST_004594,Jeffrey Jackson,142-19-8006,uhenderson@example.net,JOOA08286390003664,53681.3,789.0,0
CUST_004595,Raymond Thompson,357-56-1959,jeffreyyoung@example.com,GBDP70093457465232,72095.44,610.0,0
CUST_004596,Jose Weaver,763-58-4459,jonathanriley@example.org,LZPN10405871513923,53683.1,455.0,1
CUST_004597,Mark Rivera,816-44-3720,smithchristine@example.com,KMZU41650571437483,25849.2,838.0,0
CUST_004598,Jorge Villanueva,094632718,dennis02@example.org,MMPV04057188668926,11084.26,790.0,0
CUST_004599,Sonia Washington,132-12-7728,thompsonjohn@example.com,MNDS12286698826430,52447.8,547.0,0
CUST_004600,Kimberly Powell,058-31-2296,,IOFE35339282883495,68764.53,,0
CUST_004601,Meredith Harris,277303737,fbond@example.org,EYWI23952896699955,47901.83,789.0,0
CUST_004602,Matthew Cooper,583-91-1710,codywilliams@example.net,MWPG03273317841826,66003.14,424.0,0
CUST_004603,Donna Franco,034-05-9410,pwoods@example.net,RTTN55997679106203,41575.56,492.0,1
CUST_004604,Michael Fuller,633-06-7140,teresa54@example.com,LNYI48487899958860,15251.26,847.0,0
CUST_004605,Michael Mccarthy MD,646-25-7544,,MAZS64847451566009,73277.11,635.0,0
CUST_004606,Jane Lawrence,020-05-5609,slawson@example.net,ZBWW57864810737863,17418.95,435.0,0
CUST_004607,Charles Lee,494-53-2654,carmengrant@example.org,HIXJ11433766699167,29331.54,454.0,0
CUST_004608,Elizabeth Brown,098162756,brandon96@example.net,UCDK02381844675334,24359.66,477.0,0
CUST_004609,Susan Harris,875-92-9054,rodriguezjames@example.com,CION04928461788041,71860.71,413.0,0
CUST_004610,Lauren Frazier,285-34-9815,gabrielleanderson@example.org,KKBS54454995259864,5071.87,372.0,0
CUST_004611,Amanda Reed,358799557,jenna59@example.com,YSGP46648750325941,72579.69,826.0,0
CUST_004612,Edward Conner,485-48-7371,maureen19@example.org,LDGD28015115385360,50280.24,824.0,0
CUST_004613,Antonio Martin MD,825-10-9900,yhammond@example.com,IMLT41518122229095,72849.27,352.0,0
CUST_004614,Sydney Gordon,021426115,joseph23@example.org,UATG37732864786297,41831.51,714.0,0
CUST_004615,Andrea Lozano,368-26-8814,hgreen@example.com,XXPF97027864913316,19409.05,568.0,0
CUST_004616,William Wright,500-25-3697,drose@example.org,KQTS25402642718641,71125.91,550.0,0
CUST_004617,Lawrence Gilbert,267-15-1561,brandtchristopher@example.com,BWIA25134579648887,23434.25,729.0,0
CUST_004618,Lisa Lyons,139190211,,KANC61507291960614,39538.12,439.0,0
CUST_004619,Karl Blanchard,612-23-1321,jenniferjones@example.net,IXDB99358522741647,54406.25,707.0,0
CUST_004620,Thomas Juarez,383-47-7947,jesse64@example.net,QVKP16310301033997,46867.07,528.0,0
CUST_004621,Jason Cabrera,478-78-1769,cschmidt@example.com,ECXG79115699715084,51615.98,746.0,0
CUST_004622,Jamie Douglas,013-53-0100,petersonsusan@example.net,MVZJ38036723007915,45516.44,367.0,0
CUST_004623,Mary Schmidt,752-52-4101,lcastillo@example.net,ZFOF20069787848990,10624.32,369.0,0
CUST_004624,Shari Robinson,698-29-4423,halldavid@example.org,BOKJ20142969988579,10063.36,846.0,0
CUST_004625,Michele Wagner,383-28-8387,monicawashington@example.org,TDJA54568125940189,68318.95,479.0,0
CUST_004626,Daniel Hancock,575231663,turnermartha@example.org,NCDR57779512417984,63351.44,628.0,0
CUST_004627,Angel Briggs,343-81-0590,dylanjuarez@example.net,SFFI50644234168702,45925.01,563.0,0
CUST_004628,Joshua Young,251271919,sanchezbrandon@example.net,XTFI60762632749256,60008.33,739.0,0
CUST_004629,Rachel Floyd,847806931,colemanallison@example.com,EBXW58107693813602,72885.61,418.0,0
CUST_004630,Amanda Clark,052-72-2589,pmcgee@example.org,MEJP27581908154850,18941.55,832.0,0
CUST_004631,Kathy Parker,547-76-4291,kperez@example.com,MJAS75563400034094,23453.43,656.0,0
CUST_004632,Melissa Long,663765931,elizabethquinn@example.org,QQOR53395682371175,68193.39,470.0,0
CUST_004633,Emma Hernandez,468-48-1049,,KXUX13027466499895,69133.22,400.0,0
CUST_004634,Timothy Mccarthy,691-02-5483,randygarrison@example.net,NXNC92102995722935,71505.56,779.0,0
CUST_004635,Rachel Roberts,747732187,davidgibbs@example.org,WQLP04302385451481,29342.87,323.0,0
CUST_004636,Heather Young,770-69-3448,uramirez@example.net,UYBS00037730871141,59620.95,479.0,0
CUST_004637,Alicia Hernandez,249780648,alexischang@example.org,LTNE37558220434364,36472.79,532.0,0
CUST_004638,Mrs. Melissa Giles,284-35-2261,paynejoseph@example.com,WOHI79189022484937,62208.66,800.0,0
CUST_004639,Chelsea Baker,766478665,jonespaul@example.com,BVGO10379571282173,48084.16,449.0,0
CUST_004640,Jennifer Cochran,170-30-7968,brian06@example.net,ZOTF70810643959512,35701.06,521.0,1
CUST_004641,Oscar White,559-32-1092,lisaallen@example.net,UJKP57158770069351,39341.81,451.0,1
CUST_004642,Daniel Yates,677174222,jason80@example.com,SKDZ28353185577515,7357.51,464.0,0
CUST_004643,Courtney Carson,651332416,baileydeborah@example.com,EHYY17504012809479,15203.57,314.0,0
CUST_004644,Steven Williams,611-65-4207,morrisadam@example.org,QKFM37302355337231,71053.84,449.0,0
CUST_004645,Elizabeth Perez,267-33-5733,ibennett@example.org,XEND13373992016014,10018.31,777.0,0
CUST_004646,James Shea,169737691,samuel15@example.com,XWEG26091731080945,2468.31,783.0,0
CUST_004647,Jacqueline Cooper,724-51-9956,wpope@example.net,UWHO41030113599227,32823.94,737.0,1
CUST_004648,Sheri Kidd DDS,250140540,romerolatasha@example.org,KJVV03624089623027,13383.85,783.0,0
CUST_004649,Sophia Huerta,555-65-5518,umiller@example.net,ILAF59129873844514,21766.96,781.0,0
CUST_004650,Cathy Jones,559722536,fwilson@example.net,VPYD24443382854582,36499.28,740.0,0
CUST_004651,Barbara Nguyen,108814922,matthew22@example.org,LAFD77030544594064,46665.27,635.0,0
CUST_004652,Janet Goodman,525-94-1601,floressylvia@example.com,HJAZ40113499762245,26939.13,382.0,0
CUST_004653,Adam Contreras MD,658228013,copelandwalter@example.org,OQSJ39283928538703,18822.93,431.0,0
CUST_004654,Kenneth Smith,796256770,daniel49@example.net,ASDD76263789200109,15340.2,310.0,1
CUST_004655,Kara Warren,834-37-8958,horncarrie@example.org,FPGI92944643994499,55809.58,841.0,0
CUST_004656,Mark Deleon,113-07-8130,esmith@example.com,LNLJ63641996645543,10247.08,581.0,0
CUST_004657,Ms. Chelsea Sanders,624606552,xfarmer@example.com,BCQD23446658912387,73536.13,444.0,0
CUST_004658,Amy Chambers,279-89-4290,znelson@example.net,DVEZ31561193348463,30873.48,705.0,0
CUST_004659,Antonio Rodriguez,787-79-0849,cburns@example.com,DZSR08156439211921,28605.78,782.0,0
CUST_004660,Jason Freeman,310989653,ramosheather@example.com,MQWB39075611389040,18695.06,,1
CUST_004661,Andrew Cross,443-88-6305,schmidtrobyn@example.org,KJNQ15957696258666,29017.76,775.0,0
CUST_004662,Katie Johnson,221-04-2386,sarah87@example.com,HZEA53064908587941,24512.23,328.0,0
CUST_004663,John Duffy,764091291,vramos@example.net,JMCC32988333616790,10273.95,,0
CUST_004664,Timothy Barker,091-63-6539,danielwilson@example.org,AFXD88342903806951,6739.89,667.0,0
CUST_004665,Lauren Crane,074-26-8571,kcochran@example.org,DUAA26799357017631,30299.88,725.0,0
CUST_004666,Kevin Lang,355354938,kelleytimothy@example.org,ZXMA17429062981451,11763.36,639.0,0
CUST_004667,Gary Cook,380-71-0732,rodriguezmike@example.com,CKQQ48014080991250,59385.34,349.0,0
CUST_004668,Terry Taylor,290-41-1375,pchavez@example.org,KUCI90347947764637,33101.55,611.0,0
CUST_004669,Edward Mcknight,130-81-8324,terri51@example.com,JTHC53114123317383,63737.91,613.0,0
CUST_004670,Mark Gordon,845-39-0449,annprince@example.com,HUXB63377318093328,50565.34,672.0,0
CUST_004671,Matthew Cruz,663-76-0740,smithbrian@example.net,JFLV11790875777744,11516.38,632.0,0
CUST_004672,Jodi Burgess,783-94-8293,boonealexander@example.com,SLRY50911532276034,52661.39,481.0,0
CUST_004673,Amy Reed,288-56-6196,tuckercaroline@example.net,FVWI57126772807200,43860.86,543.0,0
CUST_004674,Christopher Mitchell,795-82-5551,gturner@example.net,IFUL53961168478040,66762.5,819.0,0
CUST_004675,Tracy Gibbs,699-31-0088,erika98@example.org,MUIK37573942661099,32098.37,616.0,0
CUST_004676,Christopher Jarvis,402-95-6764,jennifer94@example.org,VWSG71759927114793,27282.2,636.0,1
CUST_004677,William Krause,468-04-7955,gary18@example.com,HEHM17896141944664,65885.76,346.0,0
CUST_004678,Vanessa Holland,167-73-1459,xjacobs@example.net,BSHY20656702737614,33091.26,390.0,0
CUST_004679,Lauren Griffin,672-12-6380,williamsbrandon@example.com,SRSB88390676727062,40893.02,318.0,0
CUST_004680,Jordan Walls,119-46-3245,lowejoshua@example.com,WKUV05149922892141,32882.47,556.0,0
CUST_004681,Brandon Dodson,134022294,gillespierobyn@example.net,AVLS08564175046584,-457.54,665.0,1
CUST_004682,Sarah Gross,665-04-0958,lisameyer@example.com,SSVB75616265771229,56616.7,656.0,0
CUST_004683,John Tanner,456-50-7036,framirez@example.com,ZKUQ23238516019033,14707.02,,0
CUST_004684,Tammie Castillo,767-50-1086,sonyafisher@example.org,GJEG09781194544880,20058.24,743.0,0
CUST_004685,Willie Ware,551-43-7739,samuelortiz@example.com,FXMZ39833504936777,66553.22,532.0,0
CUST_004686,Yolanda Camacho,342-07-8535,mbutler@example.com,NCID89234111962992,7489.97,419.0,0
CUST_004687,Wendy Johnson,159-83-4757,michelle99@example.org,ZUDT10338928079841,35676.91,429.0,0
CUST_004688,Kenneth Archer,723-65-2768,vanessa90@example.com,PHTH16974627988779,70095.62,525.0,0
CUST_004689,Jennifer Petersen,287-85-6211,austin16@example.org,OMWK33633019965724,50585.27,449.0,0
CUST_004690,Anthony Mcgrath,184-18-1343,veronica05@example.net,UNCV48152138022517,45915.1,706.0,0
CUST_004691,William Hill,024-43-7518,efarley@example.net,PIZI55009861918802,17231.33,778.0,0
CUST_004692,Tyler Hawkins,893-63-4300,jeremylee@example.net,TAZK54960155989270,145.74,304.0,0
CUST_004693,Samantha Holloway,856-38-3743,eric23@example.org,NKVL94884755541326,45684.82,604.0,0
CUST_004694,Timothy Macias,873-46-5636,hallteresa@example.net,UKMC15272773820264,18575.16,617.0,0
CUST_004695,William Watson,648-57-5942,daniel42@example.net,KWQW72000023414323,67874.81,474.0,0
CUST_004696,Thomas Hicks,292-41-8080,fcarpenter@example.com,AZHH83379084609367,21003.1,537.0,0
CUST_004697,Lance Ward,352-47-4550,lamdennis@example.com,RNOV65111711812987,51547.38,331.0,1
CUST_004698,Brandon Holden,806-04-8688,dylan45@example.org,JHEF20877546296934,68930.04,514.0,1
CUST_004699,Amy Randolph,502-76-0883,bradyjason@example.org,BYBT73520006333887,64597.48,355.0,0
CUST_004700,Lisa Gomez,512-40-6330,tony37@example.com,TRLZ04520561874185,26972.51,621.0,0
CUST_004701,Brittany Mcgee,229-40-8215,aprilmendez@example.org,ATQP10428832227477,30956.3,373.0,0
CUST_004702,Deborah Ford,719-02-9452,nathan25@example.org,DWVR27697224601930,22647.02,339.0,0
CUST_004703,Elizabeth Robinson DDS,323-18-4989,johnathanhendricks@example.org,ZNDV47684283888301,48737.68,400.0,0
CUST_004704,Debbie Miranda,701-62-8465,,WSFP86321185133939,65952.19,497.0,0
CUST_004705,Natalie Young,835-60-2473,williamsroger@example.net,JQGY44834599619403,39862.41,697.0,0
CUST_004706,Edwin Ruiz,565-68-0750,sarahhernandez@example.net,TIZL06755057685344,23776.79,313.0,0
CUST_004707,Mr. Craig Gonzalez,737023503,,MUFK61476862498267,9307.14,641.0,0
CUST_004708,Joseph Gray,851687222,gloverscott@example.org,ZTDU14246474000561,74975.7,441.0,1
CUST_004709,Ashley Green,171-27-8795,jessica65@example.org,ORQS60852232962340,34124.36,621.0,0
CUST_004710,Rebecca Roberts,410750198,connerjose@example.net,TJHC06048693572347,33512.02,568.0,0
CUST_004711,James Morton,190-28-7953,qromero@example.com,KSSD13696626093331,19721.79,798.0,0
CUST_004712,Christina Frey,348-52-8057,michelle43@example.org,XCUZ87224979584238,43679.58,665.0,0
CUST_004713,Shawn Morgan,583625152,jason41@example.org,AKVG68545129772483,68450.15,452.0,0
CUST_004714,Glen Price,354-81-3984,phillip32@example.net,CGFW91403722914671,31066.3,616.0,0
CUST_004715,Dr. Edgar Brewer,091-61-2941,brobinson@example.net,TQZF81368336528084,34993.1,701.0,0
CUST_004716,Michele Ramirez,728-80-9323,bethany77@example.net,FOXH11374959662432,49531.73,395.0,1
CUST_004717,Julie Wilson,015-49-9182,forbesbrian@example.net,UNDV61503152197245,577.32,728.0,0
CUST_004718,Brandon Cain,566-20-8699,millsmary@example.org,TEWD78907091604447,12248.93,453.0,1
CUST_004719,Eric Young,809-88-3915,bobbybarron@example.net,ENTF66992950398200,1494.31,695.0,0
CUST_004720,Paul Williams,266-95-2209,paul12@example.org,DGYX24393636476927,-169.99,562.0,0
CUST_004721,Michael Moody,835-59-2541,charlesryan@example.org,IPCO69703394454023,3354.66,,0
CUST_004722,Destiny Carr,494-51-3335,martinezrichard@example.net,TIER97826381522882,57496.11,619.0,1
CUST_004723,Nancy Davis,111-73-0962,rmills@example.org,IXYN58410692276419,64265.84,496.0,0
CUST_004724,Matthew Vincent,324-76-5298,gespinoza@example.org,OVDM09730511496078,2170.11,832.0,0
CUST_004725,Debra Sherman,718536579,pconrad@example.net,DIDE74925714830504,53925.89,445.0,1
CUST_004726,Haley Blake,567-64-2020,samanthaboyd@example.org,JUCX97703127271067,70994.42,488.0,0
CUST_004727,Kevin Vega,787-56-7326,coreygarcia@example.net,CBBO91456676845381,1263.97,406.0,0
CUST_004728,Dennis Martinez,836016359,joan49@example.org,NEAV65098712884964,34398.16,368.0,1
CUST_004729,Melissa Bell,212-55-4342,megan12@example.net,PPGD63062743292201,43593.41,513.0,0
CUST_004730,Alexandra Santiago,401394207,fhughes@example.org,YKJG64448912478530,67000.53,417.0,0
CUST_004731,Claudia Barron,885-24-9952,parksamantha@example.com,AJYN47202079559149,17444.14,536.0,0
CUST_004732,Karen Williams,433-66-0120,ofoster@example.org,KEBA90490766704264,11395.12,686.0,0
CUST_004733,James Carney,739-04-6688,benjaminking@example.com,BFZU18642364556254,16437.01,791.0,0
CUST_004734,Michael Pham,132-66-8987,qcooper@example.net,OUFQ49453525610369,67277.52,428.0,1
CUST_004735,Sandy Smith,618-63-4341,rileystephenson@example.net,NLVB62985923297502,20619.48,764.0,0
CUST_004736,Frank Diaz,789-73-4500,itorres@example.net,MOPG15968324082181,55018.03,848.0,1
CUST_004737,Bridget Green,773-32-1470,stanley94@example.com,QZDB06393992012776,4191.53,498.0,0
CUST_004738,Kara Lewis,129-43-7057,karenli@example.net,XCCH43606077131314,55558.94,381.0,1
CUST_004739,Tonya Henry,453-20-0773,smithsteven@example.org,EUXK92667503151030,67566.03,564.0,0
CUST_004740,Dr. David Brooks,283-23-6629,,PFHX42030951247412,55419.2,577.0,0
CUST_004741,Anthony White,002-19-1957,william36@example.com,HUUV76989560924740,61554.63,736.0,1
CUST_004742,Robert Green,197-73-7513,wilsonsamuel@example.org,IIGK92965397642234,18908.76,650.0,0
CUST_004743,Christina Phillips,430250554,wardmary@example.net,DXXX43393143439838,18420.94,,0
CUST_004744,Kimberly Garcia,709-25-6648,valdezdaniel@example.org,IAYS05969037139076,52114.29,579.0,0
CUST_004745,Joshua Atkins,446-62-4913,joseph21@example.org,NTUP93806190155256,74547.56,388.0,0
CUST_004746,Anthony Brown,833150876,adkinschase@example.net,COBL89536645776230,69056.62,613.0,0
CUST_004747,Mark Goodman,126-86-4756,vdixon@example.net,FKGF58139633177633,59646.99,450.0,1
CUST_004748,Melissa Young,444-48-1082,,WRCS02544830621739,28012.97,422.0,0
CUST_004749,William Flores,331-18-1013,patriciahudson@example.net,JYDC70384868174791,48233.27,734.0,0
CUST_004750,Melissa Yoder,266-07-5547,carterlaura@example.net,IWCH58188017647179,298.37,506.0,0
CUST_004751,Christopher Sanchez,815170802,zlawrence@example.net,QUPG55522327425324,74959.0,676.0,0
CUST_004752,Joseph Howard,257-17-8459,davisamanda@example.org,NZAB85090301862028,8802.41,478.0,0
CUST_004753,Daniel Wells,115-36-4924,millersheri@example.net,NTTF76726494088369,17485.79,682.0,0
CUST_004754,Daniel Deleon,548154399,shieldskarina@example.com,KNLT30052338443896,5897.93,387.0,1
CUST_004755,Elizabeth York,131-61-2668,jonathon91@example.org,JLBZ78640977777471,32719.4,421.0,0
CUST_004756,Troy Ward,899370898,,TRFM23081365946757,36185.36,405.0,0
CUST_004757,Lori Anderson,689-22-4488,carol94@example.com,YKDI17161324906907,71153.48,782.0,0
CUST_004758,Valerie Mcmillan,083524747,ryan76@example.net,ZRUK06315862853233,40871.87,681.0,0
CUST_004759,Travis Gonzalez,797879799,josephturner@example.org,QFTE40654212028533,68356.9,722.0,0
CUST_004760,Deanna Cervantes,531-93-6670,nelsonalice@example.net,KJZU66299978831662,69441.15,300.0,0
CUST_004761,Travis Hanson,371-52-8100,,PORZ40884351109929,55136.65,328.0,0
CUST_004762,Jennifer Davis,173-70-7091,donaldmoore@example.com,SUAX86600540757627,21324.02,784.0,0
CUST_004763,Rachael Fry,076-64-4105,ingrampatrick@example.net,JESE57789827677074,46141.91,333.0,0
CUST_004764,David Oconnor,126-70-5310,lmiles@example.org,KXUK24524141177059,35035.43,784.0,0
CUST_004765,Erik White,231-19-3496,greeneric@example.com,CRND14516726265961,70248.81,535.0,0
CUST_004766,Eugene Ellis,896-36-1067,roblesjesus@example.org,JRBU14960914478538,33573.53,616.0,0
CUST_004767,Helen Peterson,847-33-5853,reneemoore@example.org,RHIR41093618482018,50704.2,564.0,0
CUST_004768,Robin Rich,645-13-1497,,ULPX03462824466831,8031.94,516.0,0
CUST_004769,Tiffany Horne,809-18-7071,schapman@example.com,DIVE77349105342132,27162.29,492.0,0
CUST_004770,Samuel York,560-11-4094,zacharyweiss@example.net,RCIV59310022983960,65064.07,733.0,0
CUST_004771,Karen Morris,167-53-1270,danielrichard@example.org,FUII92442491984636,45398.33,688.0,0
CUST_004772,Robyn Sims,724-19-9060,ywalker@example.org,NEUC17864344772879,-137.71,842.0,0
CUST_004773,Charles Foster,318-38-6854,brewerjessica@example.org,WOSE30137688582225,22238.99,347.0,0
CUST_004774,Carrie Bryant,642-30-6687,fbutler@example.org,CHUE35021351248599,37940.06,581.0,0
CUST_004775,Daniel Gross,398-43-4067,elizabethbray@example.org,RUNS42068028287105,61371.29,645.0,0
CUST_004776,Dr. Johnny Price Jr.,356-01-0227,zarnold@example.net,YFCN91388532088845,33037.76,571.0,0
CUST_004777,William Brown,365-25-1354,benjamin67@example.net,YFOH75209064136797,13290.63,682.0,0
CUST_004778,Richard Glenn,698-25-0376,malikkim@example.net,ITZV59368243431802,7750.66,419.0,0
CUST_004779,Pamela Lawrence,111-65-9275,tmiller@example.net,MWHD74438607303163,59951.4,372.0,1
CUST_004780,John Moore,222-69-3385,stephaniebrown@example.net,GGFP93078300665335,45531.45,629.0,0
CUST_004781,Jesse Hall,042-44-8115,jreyes@example.com,DDDX60914530996543,43054.06,420.0,0
CUST_004782,James Kirk,872-97-9527,shawnholloway@example.net,BXUB07359007401236,51930.72,,0
CUST_004783,Leslie Phillips,811-28-6955,ihawkins@example.org,FBYN36617187894652,66298.61,451.0,0
CUST_004784,Ryan Turner,263-84-5628,lorigutierrez@example.com,MCOK69878636707241,71094.46,437.0,0
CUST_004785,Julie Hamilton,797-40-9885,manningjesse@example.org,PKKZ62292375277975,61609.02,829.0,0
CUST_004786,Brittany Carroll,209-79-7149,melindamiller@example.com,ZZVE37558767601721,7199.08,444.0,1
CUST_004787,Bobby Shields,008-86-5491,ebernard@example.com,KWPN88988337576118,51073.22,586.0,0
CUST_004788,Alexandria Rogers,018-40-5835,dcarpenter@example.net,HQXY25534616950054,70128.39,406.0,0
CUST_004789,Mark Salas,617-27-4968,kyle77@example.org,JUQZ16361729671784,59477.33,484.0,0
CUST_004790,Jason Woods,251569324,chelseyanderson@example.net,IHGK44844239028798,39917.82,577.0,0
CUST_004791,Mr. Brian Baker,627-49-2436,bucksusan@example.net,TZPC34033597829842,33174.07,738.0,0
CUST_004792,Sarah Guerrero,472-92-2837,dsmith@example.com,EKSR34696488513930,74482.89,837.0,0
CUST_004793,Corey Allen,740757975,jeremy10@example.com,GBKJ63999891619058,18977.67,762.0,0
CUST_004794,Nicholas Gonzalez,660-28-7860,stevenslawrence@example.org,HDQW91200908837597,68814.08,439.0,0
CUST_004795,William Smith,175-42-2433,lori08@example.org,ZGSN37724865073636,74601.43,303.0,0
CUST_004796,Nathan Mccoy,259-12-7810,fadams@example.net,ICNS95153533844741,24631.79,365.0,1
CUST_004797,Amber Ramos,628-60-8957,levinekenneth@example.org,IFVQ77382487753209,38452.9,327.0,0
CUST_004798,Christina Williams,538-47-4683,cookcrystal@example.com,VRUY50773490250627,58965.76,790.0,0
CUST_004799,Nancy Curry,873483995,larry48@example.net,WILL37313322894129,8471.55,371.0,1
CUST_004800,Mariah Novak,190-62-7951,johnsonbrian@example.com,JWOW08217762271581,9489.62,545.0,0
CUST_004801,Melinda Smith,046-22-6701,katelyn91@example.com,OXDJ62811187961920,49120.93,643.0,0
CUST_004802,Sharon Bryant,785-57-5380,kellycarr@example.net,NWLY08707977485450,7211.43,335.0,0
CUST_004803,Scott White,494-87-9368,april54@example.com,MXQE77654518307936,18229.72,518.0,0
CUST_004804,Rachel Shannon,734-51-7717,johncalderon@example.org,NVEW55635655824305,48617.88,803.0,0
CUST_004805,Diana Smith,772313265,aschmitt@example.com,GQQM21115569153444,33970.9,660.0,0
CUST_004806,Bridget Arnold,798077523,,EFEK23481350568263,46728.52,514.0,0
CUST_004807,Brian Thompson,097-46-9940,joyceramirez@example.com,VBAO81611094837029,67757.95,348.0,1
CUST_004808,Linda Nelson,602-66-5427,krausejon@example.org,LQFN62994703132823,25677.12,822.0,0
CUST_004809,Jason Hamilton,299-35-6039,annacraig@example.com,MISC34404963418698,53003.14,603.0,0
CUST_004810,Patrick Conner,648-33-6153,ryanwest@example.org,OIDX24768713915907,50889.98,480.0,0
CUST_004811,Andrew Williams,085-77-1801,,OFET26498683085067,52719.42,690.0,0
CUST_004812,Lynn Dyer,633-91-6963,pserrano@example.net,SSFX48302108787044,45815.68,699.0,0
CUST_004813,Sean Green,782-77-3624,danieljones@example.net,GRPI69919303158425,40032.69,460.0,1
CUST_004814,Alexander Morrison,506-18-9742,amiller@example.net,XFIP01598072854789,2218.25,457.0,0
CUST_004815,Scott Howell,823-81-1308,vmcintosh@example.org,XWMU66798126759988,60994.09,771.0,0
CUST_004816,Michael Bush,871-23-6272,kellyburke@example.net,QOOM86548662998181,11530.33,317.0,0
CUST_004817,Shelby Perez,580986399,laurasmith@example.net,HKSJ10908377755799,21619.98,753.0,1
CUST_004818,Jonathan Lane,748-75-3780,banksgregory@example.com,XSGH53296109175337,70827.95,646.0,0
CUST_004819,Susan Lopez,626-02-2881,davidtate@example.org,IZXC27781575920985,1694.05,549.0,0
CUST_004820,Kevin Walters,322-70-8801,erios@example.com,EKCB31670861890787,16600.5,575.0,0
CUST_004821,Mackenzie Hughes,689-76-9504,owillis@example.org,YYXI55059550176578,49770.78,533.0,0
CUST_004822,Abigail Hamilton,496534336,ehuerta@example.net,XMQP28788746430718,56456.62,677.0,0
CUST_004823,Karen Nguyen,692-67-8173,ehill@example.org,NCKC33594675625528,48603.24,763.0,0
CUST_004824,Gregory Hall,259-91-8072,fraziersheila@example.net,EMIG53471379151124,15578.9,843.0,0
CUST_004825,Allison Fisher,317-37-8758,wilsonchloe@example.com,JSTY31780013381591,58084.16,525.0,0
CUST_004826,Heather Williams,744-66-1069,,ZEBF92759602450389,61094.01,758.0,1
CUST_004827,Judith Watson,576-10-0615,simmonskevin@example.net,LPBK18915792319372,2652.79,456.0,0
CUST_004828,Benjamin Davis,494-62-3497,heather84@example.net,RLWS03320237863014,54346.62,528.0,1
CUST_004829,Eileen Brewer,007-59-5565,hudsonmolly@example.org,TKIA98071524105047,48517.55,600.0,0
CUST_004830,Jeff Barrett,056-24-7770,danielle64@example.com,ANQZ60752776200900,71552.7,668.0,0
CUST_004831,Jamie Patel,884-50-3553,millerdavid@example.net,SCQP62756183844637,65143.1,771.0,0
CUST_004832,Diana Meyer,664-55-9274,aramirez@example.net,UJOO52047470324264,28198.58,310.0,0
CUST_004833,Kevin Howell,723206103,sara04@example.org,GMEN41412467653589,19474.03,741.0,0
CUST_004834,Mark Tanner,374-99-3208,hwright@example.net,PRWS42076049783626,63534.63,466.0,0
CUST_004835,Vincent Nolan,383-22-0566,yjohnson@example.net,EVIE58055261143397,51555.12,329.0,0
CUST_004836,Brett Horn,109-70-2098,warrenkatherine@example.net,PVUW25827340095515,45929.49,620.0,0
CUST_004837,Denise Stewart,044-10-8771,,UAKI65422695756575,31341.81,332.0,0
CUST_004838,Terry Owen,030-79-0320,,GPMG79758735279409,3966.35,431.0,1
CUST_004839,Thomas Kim,173-51-1492,victoria97@example.net,LJGZ45397277995883,38129.74,420.0,0
CUST_004840,Richard Schaefer,546-76-2058,kristin77@example.com,DZYY46370731506182,27882.05,529.0,0
CUST_004841,Richard Oliver,599-07-5394,dudleyjared@example.net,RUCD73712383918080,66514.96,377.0,0
CUST_004842,Amber Hunt,173-13-1736,robinsonkarl@example.net,NMJF77421522995721,15993.7,768.0,0
CUST_004843,John Morris,208-90-7882,kelly68@example.org,YEUG63019642598394,9262.18,760.0,0
CUST_004844,Thomas Cooper,254-26-4438,jennifer12@example.com,INHI54565146829886,69413.16,674.0,0
CUST_004845,Sarah Hooper,345-01-8709,savannah85@example.net,POTD19937086402597,43393.14,602.0,0
CUST_004846,David Davis,438-36-4299,rnichols@example.com,TJCR14527318243834,27499.44,676.0,0
CUST_004847,Brandon Wilson,126-37-8268,jthomas@example.com,FMHH91265785253124,47004.12,437.0,0
CUST_004848,Louis Knight,194-53-7307,robert97@example.org,VNCQ93775988642231,27023.52,593.0,1
CUST_004849,Lisa Levy,376-54-3422,skinnermichael@example.net,DMGO91401278410467,51570.75,434.0,0
CUST_004850,Karen Walsh,832-16-7416,staffordmatthew@example.net,CHEH64207240649764,4158.58,764.0,1
CUST_004851,Elizabeth Davis,522-84-7396,victoriabowers@example.com,QDVD99889768991862,58000.57,376.0,0
CUST_004852,Chelsea Gonzalez,540-80-6730,qrodriguez@example.org,ODKW00921101938394,53087.31,394.0,0
CUST_004853,John Perkins,408359602,,ZKJP09676088680110,23635.04,361.0,0
CUST_004854,Kenneth Cooper,880-68-1089,,TMWR98286287956329,47115.97,568.0,0
CUST_004855,Aaron Thomas,290-85-2690,christopher74@example.com,EXZF42998119441284,22164.01,358.0,0
CUST_004856,Michael Boyd,238-40-2976,matthewthompson@example.com,IWMH68924452678895,54123.91,393.0,0
CUST_004857,Kimberly Ayers,572-49-8749,michael87@example.com,CPRQ10524904394799,225.32,477.0,0
CUST_004858,Stephen Castillo,107277185,mjohnson@example.org,FYUY98014813729329,62579.99,322.0,0
CUST_004859,Mr. Raymond Norman MD,324-21-0560,matthewgarner@example.net,GTXV81673435180448,41151.64,339.0,0
CUST_004860,Raymond Hall,647-66-9832,kimberlygonzalez@example.net,TFEF68808484056068,23432.33,362.0,0
CUST_004861,John Morales,430-36-1877,robertburns@example.org,KQMM64431418195896,18592.49,439.0,0
CUST_004862,Terry Miller,181-17-9684,jose80@example.net,NWRF93372406559672,30201.04,388.0,0
CUST_004863,Tim Turner,852-99-4761,valerie92@example.net,QQHO97854550922306,14897.95,609.0,0
CUST_004864,Joshua Morris,341-29-4356,melissa41@example.org,BBZJ35739253639228,53108.95,784.0,0
CUST_004865,Brian Stanley,315-84-4117,blairrebecca@example.org,KESN64146741181568,51738.79,772.0,0
CUST_004866,Maria Camacho,510-73-0341,qlopez@example.net,TTOE93567684037141,61363.69,418.0,0
CUST_004867,Katherine Olson,696-56-9997,veronica44@example.net,MEHG88870406102982,66155.26,508.0,0
CUST_004868,Cindy Bell,652-77-0414,christine07@example.net,PVTG97063566064041,64376.97,335.0,0
CUST_004869,Jamie Allen,092-31-8137,williamsashley@example.org,VDLJ25189714977792,48176.73,371.0,0
CUST_004870,Kendra Rhodes,135579842,josephedwards@example.net,BPKM24275024987020,13713.32,410.0,0
CUST_004871,William Sanchez,536-61-0584,bradleystewart@example.org,NJCE21653363095785,50137.94,496.0,0
CUST_004872,Amy Sanders,192-86-5675,bmiller@example.net,UGHR91210494032489,6604.56,455.0,0
CUST_004873,Breanna Leblanc,895941598,maria84@example.org,PGZG21740657561673,3564.51,607.0,1
CUST_004874,Grant Garcia,622-19-5661,boonenancy@example.net,CGWU02332959278819,36061.11,311.0,0
CUST_004875,Colleen Garcia,052-79-5238,joy34@example.net,DPDL67951735927257,46187.74,818.0,0
CUST_004876,George Walton,117-55-6441,andrew41@example.net,AFQA99567362617193,1778.02,,0
CUST_004877,Eric Bruce,283317461,ambersnyder@example.net,GGNP97274351131906,18300.66,569.0,0
CUST_004878,Wendy Smith,709-50-6755,moralori@example.com,HOFO04472101493800,67024.62,786.0,0
CUST_004879,Kevin Martinez,528-80-1927,sherry79@example.com,VAQQ41361059028024,25679.81,457.0,0
CUST_004880,Jennifer Huff,285-30-7150,,ZKBN37895252769721,61825.97,513.0,0
CUST_004881,Juan Hall,682-48-0714,leroydixon@example.org,IKAI10329342335519,48007.98,378.0,0
CUST_004882,Tami Brewer,187-45-6117,sheila29@example.org,KLGZ54587710449798,3642.71,750.0,1
CUST_004883,Devin Flores,347-94-8743,lchavez@example.com,RVSW66901258160554,42786.5,688.0,0
CUST_004884,Donna Clark,791-06-2832,rebeccasmith@example.com,QOSL93492097824904,1214.6,653.0,0
CUST_004885,Thomas Singleton PhD,001-39-9775,thompsondaniel@example.net,ICQN36737793548930,72572.53,706.0,0
CUST_004886,Gail Flynn,349-65-2211,dianawilliams@example.net,QBIR95783169792230,18210.3,772.0,0
CUST_004887,Kelli Walker,129-02-0393,ygardner@example.net,JVFA43362214940698,61318.81,327.0,0
CUST_004888,Jessica Beasley,812236641,stacyhernandez@example.com,PYFB32143555198221,41737.2,502.0,0
CUST_004889,Christina Medina,150-68-0707,marktaylor@example.com,BGFK07271809846997,56324.03,645.0,1
CUST_004890,Jacob Wagner,253-94-5018,julie78@example.org,EHWZ76296558174244,40399.21,838.0,0
CUST_004891,Randall Poole,471-54-5048,kimberlysmith@example.com,FMVF49914430143876,24796.56,305.0,0
CUST_004892,Aaron Sampson,086-86-0658,gsellers@example.org,JUUI59233364190937,24039.2,444.0,0
CUST_004893,Cameron Curry,212-12-6005,eholmes@example.com,RTKD69781686472081,23385.56,415.0,0
CUST_004894,Phyllis Davila,129-86-6205,cathy10@example.net,EGZE81283184456942,58520.09,519.0,1
CUST_004895,David Peters,146-14-8343,clarktabitha@example.org,ZZOC42171815209418,31841.6,511.0,0
CUST_004896,Thomas Martinez,165-63-4806,nvilla@example.net,NRFL75336588966219,47435.4,448.0,1
CUST_004897,Timothy Ramirez,035-37-9410,wardjessica@example.org,NHXP60249328289908,30545.19,749.0,0
CUST_004898,Elizabeth Wilson,172-66-6074,maria45@example.org,QOFK75504410452427,38553.18,791.0,1
CUST_004899,Ralph Green,360-46-7645,johnroach@example.com,WIXW99729277995420,6169.41,339.0,0
CUST_004900,Ryan Jimenez,647-95-4058,renee24@example.org,AUSZ75324249420962,42919.1,792.0,0
CUST_004901,Christina Porter,230-18-8373,gmoore@example.com,GUUY15986667469196,38221.76,413.0,0
CUST_004902,Allison Stein,743-64-2462,michellevillegas@example.net,EVAZ23424422991724,12958.83,415.0,0
CUST_004903,Derek Mayer,074-70-5504,smullen@example.net,JSHU04598181504978,4988.22,690.0,0
CUST_004904,Michelle Johnson,038-53-5864,gabriellamedina@example.com,OFHT85794201631599,65747.52,377.0,0
CUST_004905,Ebony West,397-99-4410,aherring@example.org,OVLZ28977789451007,58593.4,649.0,0
CUST_004906,Lisa King,340-70-3336,haleysmith@example.org,JCJE47993956196775,18994.43,707.0,0
CUST_004907,Chelsey West,687557193,marissa16@example.net,IHHD87535702267824,63621.66,537.0,0
CUST_004908,Jessica Sanchez,635-71-6083,katelynmata@example.org,KNUR60177850774215,21400.12,579.0,0
CUST_004909,Brittany Walton,415535769,,RFGA07462926406142,26240.01,720.0,0
CUST_004910,Gwendolyn Garcia,645049640,kim84@example.org,EXEX22615769604952,6010.59,723.0,0
CUST_004911,Chelsea Fleming,348-65-1228,pwilson@example.net,XEHW75231953192106,16151.26,835.0,0
CUST_004912,Tiffany Johnson,332-20-6789,knelson@example.com,POTR05304300411956,51630.15,755.0,0
CUST_004913,Jessica Ramirez,087-06-2743,robert07@example.org,MBGV41667201707601,39898.49,356.0,1
CUST_004914,Raymond Lee,531042166,mendozaclayton@example.com,HINR25801941667720,73477.94,498.0,0
CUST_004915,Paul Schwartz,352-34-8521,littleamanda@example.net,DCPM54630448384701,51064.1,669.0,0
CUST_004916,Pamela Bautista,783-92-0361,bryan22@example.net,RDZK57800334280465,59199.41,319.0,0
CUST_004917,Michelle Shaw,769510549,,EJMW28862526753490,13755.87,785.0,0
CUST_004918,Amber Green,885326384,yolanda50@example.com,ROBC18997190719691,36269.57,638.0,0
CUST_004919,Renee Parrish,520-15-0691,crossbryan@example.org,WGXF98187417312743,60753.23,663.0,0
CUST_004920,Marcus Lewis,328-96-3243,christopher07@example.com,TPGD01148842469013,21673.12,386.0,1
CUST_004921,Scott Johnson,413-75-2241,qmorris@example.net,DZDG28428642009529,72673.58,745.0,0
CUST_004922,Nicole Davis,285-49-2399,turnermichael@example.net,DGXJ04854550257176,7974.57,368.0,0
CUST_004923,Christopher Hill,139-46-3779,jacksonamber@example.org,SNSC59140492867950,49500.93,591.0,0
CUST_004924,Steven Pacheco,714-22-0206,tranjoseph@example.net,STUM43278812816904,8374.5,719.0,0
CUST_004925,Tracey Perry,060-50-6158,ocoleman@example.org,VOXJ49859841076860,68163.24,826.0,0
CUST_004926,Emily Johnston,560016285,qfischer@example.net,BMMK95690652753836,2986.81,392.0,0
CUST_004927,Mr. John Klein,511454709,faithharrington@example.com,SNUT36100171250660,51073.15,590.0,0
CUST_004928,Charles Griffith,697-11-7956,emily42@example.net,IGTN41514256219093,55251.91,341.0,0
CUST_004929,Anthony Lopez,443-80-4101,johnlopez@example.org,QFPM13175090800600,22281.04,588.0,0
CUST_004930,Stuart Foster,292-83-8470,angelasolomon@example.org,KKOA65094094895479,66772.53,551.0,0
CUST_004931,Stacy Thompson,541-85-2530,kimberly30@example.net,GHMC92519175643162,60924.75,506.0,0
CUST_004932,Caitlin Cook,738-69-8300,rzimmerman@example.org,RHNY39246493399349,53327.11,715.0,0
CUST_004933,Joseph Duncan,441-05-0369,tjones@example.com,DIAO38780971317479,3144.98,441.0,0
CUST_004934,Dawn Mccann,661-45-6890,kelly70@example.org,DOYG26987966491260,53178.64,398.0,0
CUST_004935,Kyle Howard,840-67-4902,bartonchristine@example.com,QROL80014476223819,54535.59,366.0,0
CUST_004936,Joshua Hernandez,400-83-3487,pcisneros@example.com,RYTJ49093596228540,50472.75,834.0,0
CUST_004937,Hannah Fox,140-68-6038,josephkrueger@example.com,ZFOH43347255603020,36316.91,423.0,0
CUST_004938,John Fox,401-16-5879,tzuniga@example.net,IJJJ91285040618804,18963.53,690.0,0
CUST_004939,Christopher Wilson,195075901,sullivanscott@example.net,ZIIE54060437822171,37615.22,361.0,0
CUST_004940,Melissa Sandoval,405-85-9701,eroth@example.com,VUWE56673490900477,57442.2,801.0,0
CUST_004941,Jennifer Manning,248-56-4020,jeremyhouse@example.org,ORDP67499767976814,40769.82,644.0,1
CUST_004942,Amy Johnson,454-41-5041,mackeileen@example.net,RSFA91448965987118,35955.38,599.0,0
CUST_004943,Natalie Hudson,343-09-5971,marshalldean@example.org,PGBR55846528651584,3766.21,423.0,0
CUST_004944,Larry Simmons,164-03-1926,alexpatel@example.org,ZGKH08071313094692,11340.22,331.0,0
CUST_004945,Peter Ayala,086197509,lhorton@example.net,LADK05599697374206,72854.98,361.0,0
CUST_004946,Daisy Flores,825-45-5934,matthew55@example.org,NHKC61405568429628,40356.27,669.0,1
CUST_004947,Amanda Ponce,129-42-3197,lynn68@example.net,SMZS77232641818347,42617.36,669.0,0
CUST_004948,Kelly Francis,713-39-0473,,XTZL96089538772242,39485.29,,0
CUST_004949,Daniel Gross,787724522,fbrown@example.org,DMIQ76150725897740,55749.29,309.0,0
CUST_004950,Pamela Mendoza,400-85-1962,michael59@example.org,QDHA91845143091286,3021.56,551.0,0
CUST_004951,Luke Ford,230556641,mmoore@example.com,LUVK04246178826960,54854.72,745.0,0
CUST_004952,Nathan Gonzalez,423-43-4861,deborahward@example.org,IOXQ43272670159890,59941.41,335.0,0
CUST_004953,Christopher Olson,208-03-0376,joshua83@example.net,VKSU63089578713505,19984.65,458.0,0
CUST_004954,Antonio Garcia DDS,356881281,charles48@example.org,BXHZ05232635644336,32739.48,719.0,1
CUST_004955,Mary Jordan,177-80-9005,jarmstrong@example.com,EIHZ12755756793770,35345.28,593.0,0
CUST_004956,Gloria Decker,073-38-9252,janet68@example.org,XXST43385459999557,9558.99,782.0,0
CUST_004957,Cynthia Greer,545-38-9042,zprice@example.net,CAIN74577191933831,11592.06,405.0,0
CUST_004958,Susan Adams,379383458,brownmeghan@example.com,ZWUY88815037858573,-236.32,341.0,0
CUST_004959,Kathleen Hines,314-19-2797,justinthompson@example.org,NFJY22741762081920,13535.65,483.0,0
CUST_004960,Dana Wolf,659-70-8169,vcarpenter@example.org,CZUH49876322865204,63309.33,698.0,0
CUST_004961,Susan Lawrence,625-69-2759,,HUAK10509497725402,27526.88,753.0,0
CUST_004962,Jennifer Davis,387796267,nmartinez@example.org,FBJD45910274897524,74931.65,772.0,0
CUST_004963,Brooke Brown,032107739,jasonnewman@example.net,NTNQ31309987862792,28272.85,643.0,0
CUST_004964,Brad Brown,713-03-5184,jacqueline49@example.org,IHJU21206255280182,34606.32,790.0,0
CUST_004965,Tommy Lewis,268-79-9474,bharrington@example.net,IDGW79837427915335,56884.25,325.0,0
CUST_004966,Thomas Ibarra,610-92-9897,jessicagordon@example.org,RPLM62556180215839,29657.75,717.0,0
CUST_004967,Laurie Ballard,364-22-5027,hollybennett@example.com,VVVR31602448741116,15891.0,564.0,0
CUST_004968,Christopher Jones,136-32-8295,erica69@example.net,WXVG46740134287221,57886.46,832.0,0
CUST_004969,Todd Gilbert,762607982,rebeccaramirez@example.com,VSAC37479324352348,16043.27,480.0,0
CUST_004970,Jeffrey Barry,702587973,ayu@example.com,SYFQ50636068382053,60648.44,782.0,0
CUST_004971,Debra Grant,508042578,ymason@example.net,SXNI87334929138941,40512.98,619.0,0
CUST_004972,Kelly Moore,467454827,heathercruz@example.org,XKLP09174196140450,55601.3,311.0,0
CUST_004973,Robert Abbott,084-93-7960,patrickirwin@example.net,WLZH24074361584564,8846.11,850.0,1
CUST_004974,Gregory Woods,811-11-1916,friedmankathleen@example.org,QPBN70703930662747,47413.61,384.0,0
CUST_004975,Mark Hall,873-21-6030,scastro@example.org,YARM13833395782503,454.42,775.0,0
CUST_004976,Matthew Monroe,023-97-0914,phillipsjoshua@example.org,SAEM38001137080798,46785.61,416.0,0
CUST_004977,Shannon Martinez,829-12-4126,uashley@example.net,CNHI08919745918574,66970.23,695.0,0
CUST_004978,Jeff Mays,386-28-6968,kristen51@example.com,QICE38042720509142,62315.91,447.0,0
CUST_004979,Diana Robinson,756029939,,HNVX92211520827481,34499.34,461.0,0
CUST_004980,Steve Stewart,644-75-3721,yhill@example.com,ZSQI42584275814911,61705.03,502.0,0
CUST_004981,Timothy Smith,133-32-7304,crawfordcrystal@example.net,MHNV62385340218737,26880.8,509.0,0
CUST_004982,Todd Clark,054-19-9428,gmendez@example.com,FCOJ53314532158081,47492.27,338.0,0
CUST_004983,Ryan Sanchez,422-75-3922,kristinafoster@example.com,FNAT06201335775016,68679.89,830.0,0
CUST_004984,Patricia Mccall,554-32-5813,peckchristy@example.net,VUFG43008731280727,17470.7,396.0,0
CUST_004985,Vanessa Serrano,413652702,cproctor@example.org,OCNP14445505617056,72278.38,671.0,0
CUST_004986,Chase Mitchell,275-23-5739,jonathanmyers@example.net,MENW35601309646788,382.09,746.0,0
CUST_004987,Cheyenne Green,804-42-3483,james32@example.org,SUOR11875081677951,50167.63,337.0,0
CUST_004988,Miguel Scott,083-58-3100,davidsanchez@example.net,FTXD99813852551160,35062.86,604.0,0
CUST_004989,Dillon James,558-26-8617,jennifer05@example.net,LDXK16492010491210,41743.3,666.0,0
CUST_004990,Dale Rivera,728862456,kcook@example.com,BSWH34271050908971,24788.66,617.0,0
CUST_004991,Joyce Jones,734-04-2876,jeffery06@example.com,VGCY63254043651123,26111.46,710.0,0
CUST_004992,Andrea Davis,572-75-6892,david69@example.com,OYYT18543811507420,73926.98,533.0,0
CUST_004993,Ashley Hall,783-88-1627,thomasdickerson@example.org,HAUJ76339858340756,45.31,656.0,0
CUST_004994,Carla Valentine,593-56-9623,omiller@example.net,FMBB34292861492917,49520.45,676.0,0
CUST_004995,Nicholas Gomez,617-37-6971,mwilliams@example.org,XLWW02887033736365,3544.94,393.0,0
CUST_004996,Matthew Allen,689-74-0545,orivera@example.org,ZIBT44036841923438,14903.8,685.0,0
CUST_004997,Joseph Benitez,281-24-6949,ellenmorgan@example.com,KAVH77765850336665,49089.29,772.0,0
CUST_004998,Angela Reed,483900632,alanevans@example.org,HRKH04188711702339,14940.13,817.0,0
CUST_004999,Jennifer White,341024046,pmosley@example.org,OZFV28809680759383,49898.65,305.0,0
CUST_005000,Debra Castillo,822-11-5772,taylorshannon@example.org,OMAT39803498520573,40928.02,,0
CUST_005001,Justin Ruiz,520-72-1768,shawn49@example.net,EFIH09458108585825,73200.28,457.0,0
CUST_005002,Rebecca Moore,841-28-9679,moorepaula@example.org,HXMR83762650764939,41600.35,502.0,0
CUST_005003,Joseph Clark,258-01-4305,katherine58@example.org,YSWI85454149116897,20594.18,795.0,1
CUST_005004,Lisa Russo,866-09-6395,ashley15@example.net,DSES27302945784930,1252.27,502.0,0
CUST_005005,Michelle Adams,441-83-2641,david92@example.org,YHTT00081197765071,52897.97,,0
CUST_005006,Colleen Maldonado,251-84-2224,fharris@example.org,YPKZ90390138412845,36558.6,552.0,0
CUST_005007,Peter Reid,316-45-9695,brooke11@example.com,IHBY35444377554370,18748.09,805.0,0
CUST_005008,Deborah Jenkins,894-25-2432,uhenry@example.net,ZZJT95006000225856,57492.57,358.0,0
CUST_005009,Angela Foster,130-68-0886,xgriffin@example.com,NUJV52967824984348,37338.6,330.0,0
CUST_005010,Oscar Johnson,488-19-7903,robert84@example.net,KXDH02562608359399,41261.0,753.0,0
CUST_005011,Clinton Henry,741-64-7517,taylor36@example.net,KHVG00506826163593,44302.83,814.0,0
CUST_005012,Matthew Johnson,242-29-5972,shaun50@example.org,ACQP28129613579964,2776.4,712.0,0
CUST_005013,Frank Malone,464-11-8762,,YRSJ49912610254885,55891.44,359.0,0
CUST_005014,William Taylor,148146044,andradesusan@example.org,DSLU71414794534312,62066.71,699.0,0
CUST_005015,Donna Hawkins,629-95-4099,uriley@example.com,HLSE46812095205917,69740.59,605.0,0
CUST_005016,George Marshall,215247035,gaineswesley@example.org,LRJP13361391155763,24413.24,414.0,0
CUST_005017,Mallory Baxter,714-37-8484,kevin53@example.com,MOHQ66932692807222,17252.66,762.0,0
CUST_005018,Willie Carrillo,199-97-3111,,HVNB48556739538746,22930.77,597.0,0
CUST_005019,Robert Nguyen,716-86-3392,burtontroy@example.org,DVOU55742173080686,15501.29,712.0,0
CUST_005020,Travis Lane,133-81-1929,kramercheryl@example.com,SEZJ76525386306315,8750.69,383.0,0
CUST_005021,Tony Smith,687-20-5678,khernandez@example.org,HZZX79157488259363,73868.48,543.0,0
CUST_005022,Brian Rios,492-84-8186,stacyhernandez@example.net,QKDY32899433796287,26011.66,718.0,0
CUST_005023,Brandon Wright,578-48-2022,sschwartz@example.com,GFDM78776990210745,67672.03,345.0,0
CUST_005024,Michael Morales,158-71-4020,westjermaine@example.com,GWPE90992016582610,16231.62,521.0,0
CUST_005025,Mark Murphy,807723114,muellerwanda@example.com,OXLQ40618252822528,29782.5,402.0,0
CUST_005026,Sarah Campbell,846-56-7414,carlosthompson@example.com,JZEH85931484075903,64626.82,471.0,0
CUST_005027,Mary Duncan MD,656-38-8780,thomasandrew@example.org,RUSQ79017143859715,372.91,331.0,0
CUST_005028,Wendy Gibbs,860-15-9020,thomasjuan@example.net,CTZX80993758855237,6648.11,394.0,1
CUST_005029,Charles Ingram,424-47-2803,tiffany08@example.com,ETTY03723210311399,60535.67,602.0,0
CUST_005030,Mark Rojas,361416057,danielwood@example.net,VEPH94168730212292,46723.16,682.0,0
CUST_005031,Scott Carlson,230743174,suttonallison@example.org,OQHR55508637679694,60879.91,527.0,0
CUST_005032,Christopher Nichols,081-15-9471,,FAOZ49320053514984,32199.01,,0
CUST_005033,Cynthia Lopez,154-70-0206,lhill@example.net,APYS07834736462576,71068.0,508.0,0
CUST_005034,Jonathan Acosta,286-45-4133,amyelliott@example.org,FIWZ65268132469748,67991.51,674.0,0
CUST_005035,Sara Anderson,763-90-3175,mgates@example.org,AELS26757313354927,5821.57,525.0,0
CUST_005036,Casey Ruiz,374-09-3683,louis40@example.com,NRCJ54912343357961,26152.59,438.0,0
CUST_005037,Brian Stewart,066-53-2142,pattersonchristina@example.net,QEEY61550976128437,2621.82,353.0,1
CUST_005038,James Davis,604227697,mistygarcia@example.net,HHVN08431703466520,70140.35,782.0,0
CUST_005039,Jeffery Ryan,255-57-5870,nguyendonna@example.com,EWZZ39130431122918,33396.92,307.0,0
CUST_005040,Jessica Eaton,732-71-0637,orodriguez@example.com,OOCR31640744862701,73613.93,724.0,0
CUST_005041,Jacob Bird,058-19-3243,tlawrence@example.org,ULUL07516043625328,68722.18,697.0,0
CUST_005042,Charles Taylor,072-09-3785,greenmelissa@example.net,GRKS91672998985756,36524.19,395.0,0
CUST_005043,Patricia Bradshaw,665-79-1180,amandahendrix@example.net,BIXF63481421134833,4292.17,383.0,1
CUST_005044,Charles Sullivan,877-68-7790,lori33@example.org,URYT19648120003389,48202.77,535.0,0
CUST_005045,Mr. Timothy Robinson,331-96-1652,ythompson@example.org,JBQE90198146654819,3976.19,632.0,0
CUST_005046,Scott Fox,007-35-6154,jane75@example.org,KYDC22510558587833,53908.57,438.0,0
CUST_005047,Joshua Burgess,026-15-8567,gentryterri@example.com,DXTV97384131975290,61107.56,649.0,0
CUST_005048,Norman Thomas,398-54-3510,alexandrariley@example.org,YQRS53008146365589,74731.44,407.0,0
CUST_005049,Brittany Clark,447476844,,NHHW34438543893844,42589.4,714.0,0
CUST_005050,Anthony Anderson,676-93-5356,,IYBB06824059125810,11827.44,366.0,0
CUST_005051,Rachel Lopez,291-38-6616,peterreilly@example.com,AZAP97991215342151,38674.44,714.0,0
CUST_005052,Stacey Meyer,030996842,wgarza@example.org,PUVI84350912611108,57535.29,559.0,0
CUST_005053,Melanie Morales,140860697,arthurcasey@example.net,QSCV36830603648366,40354.21,377.0,0
CUST_005054,Chelsea Carr,147-39-9936,lshaw@example.com,YRLL79468996045672,57968.74,541.0,0
CUST_005055,Anthony Powell,814-07-1691,emmahernandez@example.com,ZFJQ00115180236615,26105.97,713.0,0
CUST_005056,Timothy Marsh,541-30-2750,nguyenmaria@example.com,VSOL38375829760229,68105.47,813.0,0
CUST_005057,Cynthia Arroyo,531-51-3091,sue81@example.org,ZVUX54569651201633,25206.26,742.0,0
CUST_005058,Kathy Pham,567427902,nelsongabriella@example.com,NVSD74107450051190,62398.33,341.0,0
CUST_005059,Christina Johnson,319-81-5284,sandraortega@example.org,FCOA85184506053000,10302.18,316.0,0
CUST_005060,Gregory Casey,450-50-6573,zjenkins@example.org,YVYJ41425515386571,32951.23,741.0,0
CUST_005061,Lisa Miller,491-21-6255,benjaminlove@example.com,LTJM89318468046464,21217.94,715.0,0
CUST_005062,John Medina,095013053,williamsamber@example.org,CXFH04249779141198,14241.46,398.0,0
CUST_005063,Chad Hernandez,134-19-7141,karen81@example.org,JQWL89821713774430,73520.96,710.0,0
CUST_005064,Michelle Taylor,887153123,khubbard@example.com,MMSE18732138267153,38665.82,314.0,0
CUST_005065,Randall Williams,231-63-2021,cassandralewis@example.com,KVRX14418524288269,60401.18,697.0,0
CUST_005066,Rachael Baird,364053248,perryjennifer@example.net,CILL40512923919081,40280.82,745.0,0
CUST_005067,Billy Herrera,656-11-7110,rachelsanders@example.com,QNWY47695729527829,60497.48,709.0,0
CUST_005068,Jessica Small,493-38-8626,ellisstacy@example.org,RUFL07250849857171,30686.35,347.0,0
CUST_005069,Daniel Smith,170-80-8140,oharper@example.net,AOBS12001202858747,36575.89,602.0,0
CUST_005070,Patrick Stanley,098-47-4709,charles06@example.net,ITTO34638183973363,71364.34,511.0,0
CUST_005071,Cathy Lowe,342428664,zwagner@example.net,XMMM52465109920220,72057.31,648.0,0
CUST_005072,Jamie Jimenez,359345981,carol24@example.com,KAHV24496726877206,38835.42,835.0,0
CUST_005073,Kylie Gilbert,355771495,calvin36@example.net,YNQJ28802895721362,13071.34,670.0,1
CUST_005074,Amanda Smith,739286561,derek15@example.net,YHHZ77853334370403,26678.53,533.0,0
CUST_005075,Steven Horton,675-50-6660,schwartzaaron@example.com,WRTP08909677636362,20050.73,723.0,0
CUST_005076,Robin Sampson,022039470,galvanashley@example.com,FVSF73220627842076,49623.06,548.0,0
CUST_005077,Donna Pierce,567-03-8182,ronaldjackson@example.org,GZIU76767287394470,5932.4,450.0,1
CUST_005078,Dana Robinson,474-03-0733,raymond43@example.org,RSBD45474329862120,16579.67,411.0,0
CUST_005079,Monica Walker,362-54-8923,medinataylor@example.net,EQIX22216291041023,20718.32,331.0,0
CUST_005080,Caroline Russell,794-57-3442,heatherchung@example.org,HUXU05382903279946,19525.56,501.0,0
CUST_005081,Amy Adams,374704474,vthomas@example.com,NKSE39818218074100,57035.46,454.0,0
CUST_005082,John Lopez,343-48-5568,tracy67@example.com,FJPA82768621403809,8164.17,843.0,0
CUST_005083,Katie Smith,211524139,amclean@example.com,YDJK71126087702989,64844.79,,0
CUST_005084,Samantha Daniels,186-70-4507,imiller@example.org,CPDL00280573128501,50920.51,692.0,0
CUST_005085,William Hancock,255-66-5903,hunterkayla@example.net,TPZZ42442057023756,34468.89,745.0,0
CUST_005086,David Stephens,300-23-7443,pmorrow@example.org,TCYN55164434749415,72916.48,655.0,0
CUST_005087,Michael Barker,410-81-2072,jeffrey20@example.org,LHEA37248841469469,38962.22,845.0,0
CUST_005088,Brittany Thompson,631-73-6426,qstrickland@example.com,EWRE43435816522894,10756.58,618.0,0
CUST_005089,Karen Johnson,450-36-0145,warnerlisa@example.org,MABJ04589996470981,8315.01,777.0,1
CUST_005090,William Anderson,799-31-7126,donald07@example.org,ZVWN21611751633073,24499.46,555.0,0
CUST_005091,Shannon Foster,702-04-5166,zcowan@example.net,NHQK66978483630005,38064.22,783.0,0
CUST_005092,Nicholas Trujillo,029-83-1228,grahamkristine@example.net,NEWC17251576435547,28166.66,687.0,0
CUST_005093,Rachel Pena,870-48-1810,franktodd@example.org,EVGI51343115001818,22091.72,812.0,0
CUST_005094,Kelly Smith,655-20-1600,fdudley@example.com,HPQK44387526119103,23162.15,373.0,0
CUST_005095,Brian Howard,504-72-3659,lindaproctor@example.net,YTSQ23030182529644,26673.03,494.0,0
CUST_005096,Richard Erickson,425942142,bookeremily@example.com,THDI70422578815021,6693.77,335.0,0
CUST_005097,Shane Conner,741-11-4497,opeterson@example.net,SMUO53447561953172,59171.6,569.0,0
CUST_005098,Daniel Fuentes,526-30-0341,lopezmelissa@example.com,SEVA39283681404819,5662.27,593.0,0
CUST_005099,John Friedman,315-62-5875,travisatkinson@example.org,UOLS75276348678032,22594.78,772.0,0
CUST_005100,Elizabeth Rodriguez,069-55-1159,kevincruz@example.net,VVGA37915439115890,45730.94,790.0,0
CUST_005101,Samantha Bates,212-32-8287,samantha95@example.net,BGCO13760221240564,61310.93,583.0,0
CUST_005102,Brenda Velasquez,892-38-6869,jeffreyjohnson@example.com,KGOR31021451865635,45952.44,329.0,0
CUST_005103,Michael Evans,785-93-5948,twood@example.org,YFEA75484375792888,22342.12,601.0,0
CUST_005104,Madison Pratt,808723617,michael08@example.net,QPVT56139000774802,52426.7,723.0,0
CUST_005105,Selena Crosby,510-09-1280,henrysamuel@example.org,GEEP52224046314754,69910.66,824.0,0
CUST_005106,Thomas Huffman,272-71-7760,longtony@example.org,DYOB60908898742958,9377.95,675.0,0
CUST_005107,Christopher Carroll,863-55-7730,derekparker@example.com,MDEL24178450439491,32501.42,524.0,0
CUST_005108,Jonathan Adams,406-94-1424,rosalesryan@example.com,FQXK09596616908467,71419.65,515.0,0
CUST_005109,Samantha Herrera,105-63-3189,robinsonjohn@example.com,EMEB69851246847370,23772.72,341.0,1
CUST_005110,Janet Baldwin,547-15-2890,lynchwilliam@example.org,VAXQ21190120874167,8383.28,619.0,0
CUST_005111,Amanda Taylor,397-72-7379,cwilliams@example.net,CUNS39679020356379,59715.46,774.0,0
CUST_005112,William Hill,237-47-4810,bobrien@example.net,SUGD46207174563788,34157.72,526.0,0
CUST_005113,Stephanie Mcdonald,026099391,ywatkins@example.net,HHTG19004369655400,29867.36,303.0,0
CUST_005114,Dorothy Peterson,584-74-7765,rwhite@example.com,XIRX52567339119769,64037.95,458.0,0
CUST_005115,Dr. Brittany Rogers,650-02-2348,alicia02@example.org,ESEB18362720721795,9092.96,517.0,0
CUST_005116,Megan Meyer,404-13-1792,qkoch@example.org,HGKH68285342445512,35797.48,567.0,0
CUST_005117,Evan Grant,555-70-4969,wbruce@example.org,HYWN64103600315484,44701.6,502.0,0
CUST_005118,Anthony Smith III,607-03-9360,abennett@example.net,OMYT84857087075792,43760.33,741.0,0
CUST_005119,Elizabeth Manning,150-25-5804,fstewart@example.com,UKBS26366334688393,49340.03,706.0,0
CUST_005120,Kathleen Hughes,602-19-5320,edward25@example.com,YVSX78488436973826,13218.64,558.0,0
CUST_005121,Kara Hudson,506-29-5655,jbennett@example.org,YOHJ10946542473041,54388.82,393.0,0
CUST_005122,Parker Smith,650-14-4611,kathleen49@example.net,PRAG99978755638041,32191.27,400.0,0
CUST_005123,Bruce West,414990524,yjohnson@example.org,HDRS68302191465667,56076.79,778.0,0
CUST_005124,Todd Johnson,703782589,iperez@example.com,CRRB23259736687555,41712.89,530.0,0
CUST_005125,Susan Garcia,660-94-1730,daniellehernandez@example.com,QUBJ24163434577463,51541.96,646.0,0
CUST_005126,Erik Baker,035-89-5146,pamela52@example.com,IOIU65032481820397,60390.03,681.0,0
CUST_005127,Vanessa Saunders,555278890,mhunter@example.org,WTET96503244751630,42822.53,502.0,1
CUST_005128,Brent Knight,155-83-1431,lindseysmith@example.com,EGKT42210808293870,51545.73,644.0,0
CUST_005129,Andrew Beltran,423-70-2386,colleenbrown@example.com,UGCJ20541059284879,36674.0,799.0,0
CUST_005130,Tracy Leon,316-54-1864,veronicalove@example.com,TSZK39969809084562,15250.71,616.0,0
CUST_005131,Meghan Chan,541235242,christopher03@example.com,FAVT84440413156091,16114.44,324.0,1
CUST_005132,Vanessa Mccarthy,401-65-0050,ruthmoore@example.com,TTQL19121821608799,58890.03,,0
CUST_005133,Tanner Kirby,373496126,,FMTQ89215942377329,63639.13,417.0,0
CUST_005134,Theresa Wood,494598479,lynchjorge@example.com,YUXE73158861904523,45539.11,642.0,0
CUST_005135,Diane May,689-18-6322,schmittdenise@example.org,IPGH66357209944940,14510.13,557.0,0
CUST_005136,Catherine Lopez,142503883,amygoodman@example.com,CHOM92390349054108,45080.02,389.0,0
CUST_005137,Robert Carpenter,718-58-7994,nicholasrivera@example.net,RKKL19717739551766,69999.57,,0
CUST_005138,Tara Price,825-80-9946,melodywhitney@example.org,YGER45729396808354,73548.17,391.0,0
CUST_005139,Megan Lewis,610-93-9154,markchambers@example.net,NRKK61420533408683,1520.47,765.0,0
CUST_005140,Michael Jones,706514276,bradmichael@example.org,ZKLA03330273949685,33632.84,337.0,0
CUST_005141,Sean Stewart DVM,146-24-1741,ortizjames@example.com,WLAH34314395619598,14122.2,485.0,0
CUST_005142,Jane Taylor,420-76-7090,brownjoseph@example.org,CIVL48762644768747,59782.12,749.0,1
CUST_005143,Lydia Frye,472704155,justin46@example.net,ZZVP49737814038031,34907.42,672.0,0
CUST_005144,Dennis Wagner,374-37-9966,nwilson@example.net,CHOE75646140466045,65671.5,778.0,0
CUST_005145,Kelsey Miller,508-09-3959,john63@example.net,ZZVN97768268955329,6738.56,777.0,0
CUST_005146,Anna Nguyen,183-39-0550,ktate@example.org,LMIT31637074958358,63678.6,304.0,0
CUST_005147,Jessica Ramirez,235103328,arroyomark@example.org,UCYC76654505228881,41162.76,848.0,0
CUST_005148,Christine Singleton MD,678-54-8304,amiller@example.net,JIQY38424724270117,69556.25,836.0,0
CUST_005149,Wendy Martinez,826-48-2905,robertmorales@example.org,MJST50543494103558,28076.92,790.0,0
CUST_005150,Christopher Thompson,715-05-6148,jmoore@example.org,YMYI97859639067662,15546.63,499.0,1
CUST_005151,Lindsay Rivera,104-88-3109,figueroalouis@example.net,GRCK51234426300828,12200.32,505.0,0
CUST_005152,Jessica Conrad,700-74-0395,johnsonjoel@example.org,JAWO31186314715892,60045.16,659.0,0
CUST_005153,Sheila Dixon,332-69-8101,samuelboyd@example.org,URKO80280128912463,38627.32,696.0,0
CUST_005154,Amanda Rivera,338-66-8203,humphreyregina@example.com,HPQB16181621115674,32917.71,380.0,0
CUST_005155,Sherri Campbell,014226591,hatkinson@example.org,NGMK11916671403640,63951.99,558.0,0
CUST_005156,Michael Clark,661683750,olsenjames@example.org,AGCY49496865670042,1275.6,673.0,0
CUST_005157,Curtis Wheeler,338-89-7986,jameslopez@example.org,CPWR30558768213383,54235.62,836.0,0
CUST_005158,Erica Warren,531-20-8427,jessicacarter@example.com,DLNG44748879614020,24623.85,327.0,0
CUST_005159,Joseph Skinner,562610721,tommy71@example.net,QRWH75185767774417,70609.6,793.0,0
CUST_005160,Marcus Ortiz,151-21-0207,xcooper@example.net,EJVR34452119535780,39792.69,712.0,0
CUST_005161,William Nguyen,660-10-0415,thomasellis@example.org,JJYI21534534524996,44863.09,610.0,1
CUST_005162,David Smith,257-74-5194,toddedward@example.com,TYUJ66159052445628,58450.64,786.0,0
CUST_005163,Meagan Franklin,602-04-6044,brittanyhaas@example.org,JXWI97063463998182,6095.76,301.0,0
CUST_005164,Teresa Perry,359670486,,CIYG65035049692952,18946.37,330.0,0
CUST_005165,Angela Garza,552-48-3768,bobbygarcia@example.org,ONZU03830456653311,26752.79,535.0,0
CUST_005166,Adam Good,276-12-7029,browland@example.net,HCLG96518899904512,66759.38,704.0,0
CUST_005167,Samuel Schultz,860-30-9957,asanchez@example.net,WVKL50790597379123,59045.54,703.0,0
CUST_005168,Rachel Hardin,564-41-7042,umartin@example.net,DAIZ34166755363323,71349.07,797.0,0
CUST_005169,Samantha Hernandez,531-02-8831,kristin16@example.net,PBLC92347632385099,24843.41,450.0,0
CUST_005170,Karen Burke,220-11-0728,,YZOF59333816808355,61086.59,354.0,0
CUST_005171,Joshua Young,688-73-7505,drichardson@example.com,AGQG41735782027809,35961.87,846.0,0
CUST_005172,Dale Williams,623-31-6374,carterruben@example.org,EHLD56746648960170,73244.87,568.0,0
CUST_005173,Mark Smith,251-41-2670,,WDAV21748497959405,38636.91,541.0,0
CUST_005174,Kimberly Stevenson,337-94-9002,cbrown@example.org,AHGS85824485640014,66653.21,757.0,0
CUST_005175,Nicholas Allen,121-95-4004,scott24@example.com,UXZS11319983082772,44048.18,649.0,0
CUST_005176,Vanessa Hatfield,106-01-9341,manningnicholas@example.org,YSXM95753048004146,47920.19,487.0,0
CUST_005177,Deborah Jimenez,163636840,hendricksbernard@example.org,THLD85278750439148,64484.16,781.0,0
CUST_005178,Jesse Ellis,317-94-7722,wtanner@example.com,EBTX65393972425628,63383.46,422.0,1
CUST_005179,Lindsey Manning,865-54-2143,kstewart@example.net,NURD46170485435115,69144.26,523.0,0
CUST_005180,Robin Ross,086-80-9367,ssmith@example.org,AIFV58452149767263,44665.74,833.0,1
CUST_005181,Sandra Todd,588-62-9590,kevin50@example.net,KICZ62731148803401,15136.16,554.0,0
CUST_005182,Sherri Martinez,346-39-9628,michael50@example.org,OWLR83763085107980,51853.48,311.0,0
CUST_005183,Joel Lowe,251877307,,OCEL79388597120376,30036.92,672.0,0
CUST_005184,Kevin Johnson,557-40-5286,howardjason@example.net,PUOI29506680666988,2203.85,765.0,0
CUST_005185,Justin Kennedy,618-86-4484,meyermarie@example.org,IABU76583413634912,39583.56,,0
CUST_005186,Kelly Patel,782-68-6948,dharris@example.org,KVJD51568191424384,63027.59,659.0,0
CUST_005187,Suzanne Ayala,856-67-1139,lclark@example.org,OUFF18203223714287,51602.54,307.0,0
CUST_005188,Jennifer Robertson,512-94-6376,robin73@example.net,EVOV39955854121016,38312.49,310.0,0
CUST_005189,Tiffany Wright,158168252,yjohnson@example.org,CQJT45689988847995,17986.79,699.0,0
CUST_005190,Stephanie Yang,816-91-3289,patriciaruiz@example.net,EJWK82684805435150,36679.82,831.0,0
CUST_005191,Elizabeth Owens,105-45-1627,zcummings@example.org,ERFL12517283357842,74535.47,342.0,0
CUST_005192,Frederick Poole,799-73-2059,briannahuang@example.org,PCJZ83970523805636,43865.59,324.0,0
CUST_005193,Janet Hammond,546-06-7757,btaylor@example.net,HNKT04845878995522,66503.59,746.0,0
CUST_005194,Anthony Bowman,612-62-7386,ryan02@example.com,QSQJ14747269082201,46687.09,355.0,0
CUST_005195,Spencer Carter,249-73-5613,gbrown@example.com,KOEB48228799031779,2351.19,433.0,0
CUST_005196,Seth Lopez,316-85-7960,pburnett@example.net,OLGN21088705617079,16030.34,469.0,1
CUST_005197,Kathleen Lindsey,422-21-8817,hdavis@example.net,XKWS49389405168434,72663.51,550.0,0
CUST_005198,Dakota Jarvis,362327544,orodriguez@example.com,VMEV66168643005423,20275.98,361.0,0
CUST_005199,Miranda Hogan,473735545,uperez@example.com,XUFU90773052216894,8369.36,665.0,0
CUST_005200,Casey Taylor,849906558,phillipserica@example.net,ZNMI04432379245749,21561.57,505.0,0
CUST_005201,Stephanie Butler,187-35-3845,gabriellesimpson@example.com,DLCW90365421747004,74751.63,693.0,1
CUST_005202,Joel Walker,779-78-7503,bhouse@example.org,UVPX93912729983361,65523.71,333.0,0
CUST_005203,Christian Marquez,407-76-9639,cantrellkathleen@example.com,ZKYB09182561282955,21947.79,594.0,0
CUST_005204,Carlos Singh,097-71-2336,john45@example.net,HODT75456977709382,61753.87,757.0,1
CUST_005205,Brooke Bowers,035356442,mclark@example.net,TSZI79783608256006,19952.59,637.0,0
CUST_005206,Justin Nichols,091-35-0997,campbellshawna@example.net,DYVM50541616841033,64280.61,848.0,0
CUST_005207,Lauren Kemp,515-91-8532,jchandler@example.org,IRFF02752377801197,65210.65,747.0,1
CUST_005208,Rachael Richards,455-02-4146,orogers@example.net,EALU73790905961808,6934.23,651.0,0
CUST_005209,Melissa Williamson,561-28-9113,chenleroy@example.com,OHNI74891706755383,57937.39,838.0,0
CUST_005210,Ann Manning,309-55-3902,michael38@example.com,JABZ29727799019297,17897.72,825.0,0
CUST_005211,Joanne Carlson,817-14-4206,csloan@example.com,FXKO96526078132877,24290.03,610.0,0
CUST_005212,John Perez,016-16-3477,fjohnson@example.net,KBTX64663686518638,25063.1,601.0,0
CUST_005213,Emily Frazier,533-69-5203,ypierce@example.com,ZUYI43766269896722,63320.66,331.0,0
CUST_005214,Nicholas Goodwin,537-85-3929,,EJXC21340454454571,21431.3,543.0,1
CUST_005215,Daniel Evans,594-06-8856,robertrice@example.net,GOEF88116493502414,69736.2,654.0,0
CUST_005216,Tyler Martin,703-64-5606,danielbaldwin@example.net,BLIT20625921481004,27304.18,640.0,0
CUST_005217,Meghan Jones,069-98-4265,martinrichardson@example.org,TMQS57154819356280,9624.88,456.0,0
CUST_005218,Alison Romero,897069708,michellehorton@example.org,IIFY47256926987010,33627.96,808.0,1
CUST_005219,Ronald Rowland,532-32-5538,ysawyer@example.org,JGKV21356536758239,20932.32,420.0,0
CUST_005220,Robert Dawson,736-37-0584,bradleyestrada@example.org,XJBZ17825126951350,43802.99,554.0,0
CUST_005221,Madison Anderson,662-44-1185,maddoxtracey@example.net,VCGX24119494921755,53157.46,638.0,1
CUST_005222,Brittany Rodriguez,597-14-5919,revans@example.org,JCNF06356186118917,42473.89,726.0,0
CUST_005223,Deborah Harris,369-93-4586,jaclyn32@example.org,YZFC94676986115040,32446.46,435.0,0
CUST_005224,Christina Wade,698988948,brianjohnson@example.org,UDUI32430735284141,36387.71,457.0,0
CUST_005225,Sara Johnson,866945682,gbrown@example.com,LPSY10386182436614,12241.08,761.0,0
CUST_005226,Jenny Jones,838-12-6782,mary07@example.com,WEYH91468015749417,22235.0,458.0,1
CUST_005227,Karen White,836-05-7534,jonesangela@example.com,MCKJ49330392321751,29496.21,502.0,0
CUST_005228,Elizabeth Rangel,776-35-6597,cookkenneth@example.net,NAYS54900657912250,51854.02,506.0,0
CUST_005229,Kimberly Browning,017-19-1804,cheyennecunningham@example.net,NFLQ08577826897212,3719.1,589.0,1
CUST_005230,David Wilson,550910514,stephengarcia@example.net,BBJQ76520347551723,26351.3,644.0,1
CUST_005231,William Leon,117-33-2026,nicholassmith@example.org,ORDT94664667913801,8788.46,519.0,0
CUST_005232,Betty Thompson,288-77-7573,moodyscott@example.net,PQEX75608391793277,72775.75,724.0,0
CUST_005233,David Keller,677-27-0661,micheleholt@example.com,WBWU64513047706662,56776.38,608.0,1
CUST_005234,Pamela Chan,880-71-1702,michaelmeza@example.com,GLLE55750936926940,56814.49,352.0,0
CUST_005235,Sean Martinez,056-62-6254,dana50@example.net,WHHQ31110915710300,50877.19,628.0,0
CUST_005236,Jacob Wood,760-46-8310,perkinsdoris@example.net,QUAK12088190776028,16979.28,700.0,0
CUST_005237,Alyssa Hodge,506-17-3316,wturner@example.org,MEFH29467668749615,72397.26,370.0,0
CUST_005238,Mary Jones,453994732,williamsrichard@example.com,YCFA80334833389317,66193.16,,0
CUST_005239,Alexis Daniel,525-99-7705,james91@example.net,FFVG84860891271600,27325.81,501.0,0
CUST_005240,Susan Garcia,791-81-8426,,HPAM72554814810012,2800.14,715.0,0
CUST_005241,Diana Hawkins,244395072,eball@example.org,IETW45628182762434,54884.36,522.0,1
CUST_005242,Patricia Downs,444-02-0403,staceygonzales@example.com,VPQS56753859191280,68178.35,541.0,0
CUST_005243,Michael Miller,141-15-5983,kbryan@example.org,NJTU29035059738480,74568.36,364.0,0
CUST_005244,Michelle Smith,809-86-4278,ricky06@example.net,GWGA24239109992748,70404.19,832.0,0
CUST_005245,Gregory Mcgrath,308-35-4877,ayersbrad@example.net,JMMP31881912622045,18259.17,579.0,1
CUST_005246,Eric Franco,025-51-1560,trujillozachary@example.com,ZZUM56574331906901,22072.81,394.0,0
CUST_005247,Ashley Le,357287409,torresapril@example.com,DAPB54230374327531,35795.47,452.0,0
CUST_005248,Nicole Jenkins,577-30-3658,fostercarlos@example.net,JEPA65510865471539,34464.05,498.0,0
CUST_005249,Timothy Hendricks,584168696,franklinchelsea@example.net,JCIT92464712123366,32274.09,545.0,0
CUST_005250,Edward Mclean,780-16-7634,bmoore@example.com,GUHK16897627482188,51825.77,785.0,0
CUST_005251,Emily Donovan,801-83-5585,leetravis@example.com,DVYW26811376731793,22988.06,839.0,0
CUST_005252,Tommy Ryan,866-64-9106,jjennings@example.org,ONRK90148452166122,61066.28,522.0,1
CUST_005253,Anthony Miranda,893980034,ojacobs@example.net,NDJC31642206917110,60683.21,638.0,0
CUST_005254,Karen Wilson,004167698,danielmosley@example.org,KRHR98333418750435,20575.73,456.0,0
CUST_005255,Darlene Blake,179-18-4432,mramirez@example.org,ZOGB41469299244016,41441.71,684.0,0
CUST_005256,Joshua Cuevas,134-88-1906,dtate@example.org,SIEK17432047634557,74697.98,831.0,0
CUST_005257,Michele Eaton,414-84-5031,shafferchristopher@example.org,LVNR96672498063937,62903.56,449.0,0
CUST_005258,Sheri Price,834-79-5420,christopher27@example.net,QSSO09887034483711,9798.38,692.0,0
CUST_005259,Jordan Villegas,119-68-1377,randallaaron@example.net,HBTG36114799459559,15188.05,797.0,0
CUST_005260,Jessica Perez,877-41-9907,carlsonchristian@example.net,ADGD26073443121156,53278.54,508.0,0
CUST_005261,Michael Decker,027-38-5690,dana44@example.org,XCNA63607773482214,38822.41,634.0,0
CUST_005262,Jessica Douglas,413-05-6649,ashley28@example.net,YRIR57782635316240,24253.28,694.0,0
CUST_005263,Chris Washington,026-01-3631,williamshannah@example.net,QUKT73868345482721,49525.72,680.0,0
CUST_005264,Mrs. Brooke Weaver,458-99-2119,samuelstewart@example.org,EZEK35303545794942,3585.44,661.0,0
CUST_005265,Samantha Phillips,229-14-3315,rebeccaperry@example.org,ZRNB84925158980623,56020.12,734.0,0
CUST_005266,Stephanie Cross,460-04-1964,,QFOL68135190693077,30774.45,529.0,0
CUST_005267,Mark Lindsey,184663941,jennifer10@example.org,CPZS64192085140701,32296.68,497.0,1
CUST_005268,Devin Harris,585-14-4998,victorialeonard@example.org,COQP22728998735199,10894.88,822.0,0
CUST_005269,Patrick Wheeler,061-70-1651,gcollins@example.com,ZPHY23923946308386,9865.25,555.0,0
CUST_005270,William Castillo,310-47-5905,alexandraperez@example.org,AILL35302432429581,25743.91,322.0,0
CUST_005271,Donna Schwartz,018587786,nicholsholly@example.org,TARQ77314124904249,23403.21,627.0,0
CUST_005272,Erica Jenkins,334-17-0464,matthewcherry@example.org,LLTZ94383859008611,13515.04,490.0,0
CUST_005273,Richard Sanders,272-02-0750,powersbenjamin@example.com,QPTY85021109099392,30512.12,509.0,0
CUST_005274,Carolyn Buckley,478532777,fwilliams@example.com,ZGNG25280949823734,58345.87,,0
CUST_005275,Sharon Baker MD,104400549,samanthajones@example.com,PPUJ26848714870348,73618.62,817.0,0
CUST_005276,Wesley Coleman,179-60-3689,david71@example.net,LHXQ88999047337767,26954.09,429.0,0
CUST_005277,Hannah Summers,863-16-2868,baxterwesley@example.net,RIBU95256902448614,48900.7,602.0,0
CUST_005278,Jacqueline Burton,398-72-3697,seanellis@example.org,YNRK73242786916336,24698.3,435.0,0
CUST_005279,Willie Russell,053-09-5627,paulbrowning@example.com,TYHD65370930876526,6724.03,415.0,0
CUST_005280,Justin Patterson,059-20-0180,,DJTQ98502348951504,14127.41,619.0,1
CUST_005281,David Kidd,651-82-9253,,AECS31345731607408,55521.91,675.0,0
CUST_005282,Kendra Brown,877-11-2526,itaylor@example.com,IKNM28680040864538,11062.28,443.0,0
CUST_005283,Cassidy Lopez,592-52-1292,carriewalton@example.org,LHME29977678491926,70157.62,770.0,0
CUST_005284,Sharon Fields,445-79-3546,charlesjones@example.net,ZDVC64281811447384,2801.4,551.0,0
CUST_005285,Jessica Kim,181-18-2335,rodriguezdavid@example.org,BNJS84816144440597,13060.95,735.0,0
CUST_005286,Donald Joseph,037-27-7179,deborah82@example.com,VFTJ42761066974815,29828.82,,1
CUST_005287,Jennifer Harris,864355461,glandry@example.net,TTKD97227432618593,18416.28,633.0,0
CUST_005288,Ernest Riggs,818800449,fvaughn@example.org,ZFAN09074869702672,3587.49,547.0,0
CUST_005289,Mary Moran,209-52-4790,bowersmarvin@example.net,QJZL78904074067568,54163.75,415.0,0
CUST_005290,Megan James,347-88-6340,,DIQT38383249737682,63069.44,747.0,0
CUST_005291,Jeremy Adams,845-41-1173,mruiz@example.net,OTFZ02853258139440,71748.4,372.0,1
CUST_005292,Carmen Young,178-92-3854,josephgardner@example.net,ACWQ27850879782297,33749.82,507.0,0
CUST_005293,Michael Salazar,223-24-9470,megan06@example.net,OOPL87411230477866,42863.4,,0
CUST_005294,Laura Miller,263-32-0484,scruz@example.net,EQGB41517245838027,20084.57,588.0,0
CUST_005295,Mr. William Turner,468908224,flynnrichard@example.org,GSKF15518029566283,31104.56,784.0,0
CUST_005296,Adrian Coleman,329-40-8825,lellis@example.net,FJFI28038616797001,64481.81,840.0,0
CUST_005297,David Hopkins,253-82-5964,kellyjohnson@example.net,MPSF70439716234731,30626.0,841.0,0
CUST_005298,Olivia Price,590-46-1491,iclark@example.org,QNWE29671675903687,42802.05,446.0,0
CUST_005299,Michael Avila,778952685,,ELSQ43632869999394,4391.89,612.0,0
CUST_005300,Faith Edwards,146-87-1769,beckyibarra@example.org,JKBF36147735457153,16212.5,591.0,0
CUST_005301,Brian Lopez,038-03-6639,david18@example.org,APEZ28056922310354,14832.75,543.0,0
CUST_005302,Corey Jackson,423179715,philliplopez@example.com,CAGZ38982822375334,14109.84,354.0,0
CUST_005303,Jillian Cobb,879-81-5236,nmichael@example.org,TQBU10271416475161,57715.7,569.0,0
CUST_005304,Jeanette Brown,806180747,fsmith@example.org,TJQR59845381205808,6739.86,773.0,0
CUST_005305,Charles Goodwin,380-46-6239,tiffanyparker@example.com,RSQC00634580442582,61328.09,649.0,0
CUST_005306,Charlene Martinez,108-54-1006,torreselizabeth@example.com,KQXJ47821370392024,62517.9,529.0,0
CUST_005307,Meredith Wang,398-41-3815,kyle36@example.org,SMHN84151915046883,35037.9,759.0,0
CUST_005308,Jeffrey Hernandez,649-30-1479,duffybrittany@example.com,ZTZC80537497389781,33778.01,755.0,0
CUST_005309,Michael Wright,715-13-9184,graymichael@example.com,JQOO94673561285811,17374.98,544.0,0
CUST_005310,Brian Villanueva,368-91-5160,davidwhite@example.com,VWUG09099748336612,53943.72,385.0,0
CUST_005311,Diane Wong,169-74-8035,jonesfrank@example.net,SVHI55648677238662,48609.73,799.0,0
CUST_005312,Linda Bailey,543-80-8845,,UULZ58838619276233,1608.7,563.0,0
CUST_005313,Mrs. Sara Anderson MD,808-55-0591,jwallace@example.com,AIVB19387946628598,47025.77,663.0,0
CUST_005314,Rebecca Jackson,578-42-7349,nnichols@example.org,HTPH65823754730742,62990.73,778.0,0
CUST_005315,Andrew Rodriguez,498-75-3764,tina20@example.org,EEIC39942515114043,27334.68,567.0,0
CUST_005316,Tiffany Schwartz,252-99-5699,bryanallen@example.org,YEZW37785489528622,23685.51,450.0,0
CUST_005317,Bryan Moreno,751-32-7712,tinaallison@example.net,JSEF26717720912596,61317.57,720.0,0
CUST_005318,Lisa Bailey,401103669,michaelmartinez@example.org,GSPL10783806239466,28418.39,366.0,0
CUST_005319,Benjamin Jarvis,316-66-6630,,OZQT04627061322040,8374.28,525.0,0
CUST_005320,John Anderson,567433671,david32@example.com,OANN32928710526061,63245.93,303.0,0
CUST_005321,Angela Wong,408533824,rodneysimmons@example.org,PBVL66277148754399,14321.0,439.0,0
CUST_005322,Wesley Burgess,581-66-9142,chenashley@example.net,BSLH07969321541649,69644.54,836.0,0
CUST_005323,Crystal Dyer,412-82-9443,iperry@example.com,SIQP06049083153307,5889.33,775.0,0
CUST_005324,Rachel Graham,725-32-8751,tcrosby@example.com,KXBD61966999870629,7441.18,643.0,0
CUST_005325,Christopher Harrison,302-86-3912,lindsaychavez@example.org,PGNJ04758064318090,22596.11,328.0,1
CUST_005326,Angela Hobbs,375-06-1561,dillonlyons@example.org,CKUP32626406249452,26832.28,414.0,1
CUST_005327,Sarah Stewart,168-79-5493,vanessacunningham@example.org,IYGP70474376268957,61104.57,423.0,1
CUST_005328,Debbie Schultz,345-42-6908,castillolisa@example.net,YXGB00849445224143,62460.1,770.0,0
CUST_005329,Matthew Jones,102-97-9342,pbarker@example.net,QJYL92123394188464,26053.79,349.0,0
CUST_005330,Denise Martin,120366016,gutierrezjoanna@example.org,AUWT14237432233087,60690.76,837.0,0
CUST_005331,Jason Ortiz,865-32-6442,rebeccacasey@example.net,PVIP96533880882831,9369.19,415.0,0
CUST_005332,Sabrina Richardson,598-36-7030,jonessteven@example.com,HPSZ95837809319342,20802.55,761.0,0
CUST_005333,Emily Lee,516-95-5892,alexander49@example.net,EOYP65702430029232,49833.42,641.0,0
CUST_005334,Jeffery Smith,771943188,chelsea84@example.org,HKOY27763471696030,45132.99,780.0,0
CUST_005335,Amanda Garcia,327-02-7081,taylorbrent@example.org,NHSZ54250927431063,5559.16,504.0,0
CUST_005336,Julie Morales,525-49-5942,kaisermichael@example.org,LXDL73255481809376,8793.2,690.0,0
CUST_005337,Tina Clements,312-69-9206,zbrooks@example.org,UYWT16162940533986,43687.74,493.0,0
CUST_005338,Shari Jones,603-28-0773,,ZDGN40161625021748,18021.33,789.0,0
CUST_005339,Kristi Rodriguez,803990015,watsonsara@example.org,KYKQ06115038584684,38427.77,788.0,0
CUST_005340,Dr. Laura Yu,765-07-9500,kmoore@example.com,DBML66759877958853,51560.72,354.0,0
CUST_005341,Michelle Lewis,757-56-3295,thomasmelissa@example.net,BQJE05260483806181,18645.37,816.0,0
CUST_005342,Dustin Moore,008-73-6702,zwade@example.net,MQHY31663590972592,49666.23,501.0,0
CUST_005343,Louis Miller,602-03-6768,ayerssamantha@example.net,USFF27312791566293,11972.78,430.0,0
CUST_005344,Kayla Young MD,522-58-6437,melissagonzalez@example.com,QHNG65045261822863,32078.36,308.0,0
CUST_005345,Andrea Taylor,800-72-7838,jessewright@example.com,NTVC79099404727072,63221.46,682.0,0
CUST_005346,Jessica Smith,074-41-4151,hdelgado@example.com,VBDT37867032265611,35917.84,806.0,0
CUST_005347,Kimberly Brooks,203-30-8036,nathan42@example.org,RVOW75346977411437,14889.92,428.0,0
CUST_005348,Brandon Cole,013-18-5739,daniellamb@example.org,WOSN99598949009301,18196.45,378.0,0
CUST_005349,Kristen Dunn,760-74-9011,zachary38@example.net,YXEI20149755736503,10124.55,770.0,0
CUST_005350,Richard Keith,319-60-3108,lwilliams@example.com,PBGQ47413473509861,13701.19,682.0,0
CUST_005351,Gregory Little,132-74-3645,brogers@example.net,ALHH15469536412376,18871.95,504.0,0
CUST_005352,Barbara Prince,241-33-1644,uharris@example.org,XLQS42462097327582,34276.2,304.0,0
CUST_005353,Karen Alexander,563-39-8243,abright@example.org,CRQG60505357369687,56805.79,533.0,0
CUST_005354,Anthony Le,865-28-4784,zachary87@example.org,CEUS79432558844049,7514.71,369.0,0
CUST_005355,Shannon Davis,339-91-5233,carterraymond@example.org,ZZPN02799351641317,35282.72,497.0,0
CUST_005356,Mr. Joseph Bradley,090-79-3772,cameronrobert@example.org,SDIM36213055782629,-394.54,837.0,0
CUST_005357,Michael Sanford,647-73-6982,nlewis@example.net,ISPK74992560375142,45652.82,416.0,0
CUST_005358,Melody Bell,558-44-9510,maytricia@example.org,LFMN43146980365844,18029.2,759.0,1
CUST_005359,Joseph Lawson,611-53-5074,jessica63@example.net,GNAS85813334932290,66524.29,379.0,0
CUST_005360,Amy Castillo,769-61-8861,mwilliams@example.net,FFDU36119980041499,22117.4,678.0,0
CUST_005361,Michael Warner,449-43-3607,thomas74@example.net,TRGG76136791508321,21115.07,465.0,0
CUST_005362,Brittany Mack,220-71-2397,krhodes@example.com,OLKV85825982377214,20929.34,466.0,0
CUST_005363,Eric Roberts,289-84-3103,ochoakristen@example.com,EDNY55116280095674,53033.18,698.0,0
CUST_005364,Natasha Evans,462-61-6406,davidramos@example.com,OSZL51312100082074,20979.05,801.0,0
CUST_005365,Nathaniel Willis,250-44-1201,jasonbrown@example.com,LDPJ78947519773522,16795.08,694.0,0
CUST_005366,Lisa Martin,845-22-9592,,KZCX64127333468803,25209.33,565.0,0
CUST_005367,Donna Garrett,166564274,johnsonkristen@example.com,UUCA76915493174896,59606.02,555.0,1
CUST_005368,Melissa Adams,503-85-6662,tiffany24@example.net,FTLB31096517257283,43145.78,666.0,0
CUST_005369,Bryan Shaw,777-68-0585,,WXAH47375836837205,57072.14,387.0,0
CUST_005370,Sarah Luna,365-15-8944,joshuahickman@example.org,JCRO79464119771344,7555.4,646.0,0
CUST_005371,Tony Sanchez,165225838,alexander95@example.com,ATAB28224051649764,32427.25,387.0,0
CUST_005372,Robert Lloyd,670184845,sarahgarcia@example.org,UPWD75687877991394,15984.06,501.0,0
CUST_005373,Joseph Harris,238-57-7670,tracy25@example.com,TPKA59913153979294,25211.08,368.0,0
CUST_005374,Taylor Mitchell,458-52-5778,pwilliams@example.com,DIRC63711345448073,8301.25,401.0,0
CUST_005375,Natasha Morris,040017939,john13@example.org,YMHW25251187165018,52643.68,481.0,0
CUST_005376,Jillian Sherman,775-45-9427,vsmith@example.org,GNSD89159581297895,43659.67,418.0,0
CUST_005377,Lauren Long,130-85-8693,jeanne00@example.net,MBPK05801528331160,68241.88,576.0,0
CUST_005378,Adam Long,082-92-6669,peter24@example.org,AAOJ65468327500965,15838.13,825.0,1
CUST_005379,Daniel Beard,213471095,robbinsdillon@example.com,MOXK69509601621736,13811.85,423.0,0
CUST_005380,Mark Hernandez,786-18-6221,,BRGR66284670802999,8613.32,466.0,0
CUST_005381,Dr. Lisa Booker,360-31-1507,rflores@example.com,FNLU11659750034458,10987.08,818.0,0
CUST_005382,Paul Ford,641531369,albert62@example.com,AFSL94656602335075,38268.48,833.0,0
CUST_005383,James Henderson,262-02-1092,thomas02@example.com,KMKQ82890045888299,40455.92,774.0,0
CUST_005384,Lee Smith,865-54-0024,savagejames@example.com,JAYI72996723741062,34008.19,634.0,1
CUST_005385,Dr. Jennifer Rodriguez DDS,183012033,smeyer@example.com,NWOP51399105030850,20119.86,426.0,1
CUST_005386,Timothy Sharp,444-68-4184,jenna70@example.net,LAPV93316764157093,8082.77,326.0,1
CUST_005387,Jeffrey Henson,820058595,michael54@example.org,FSDN29569273447293,9873.25,404.0,0
CUST_005388,Pamela Kelly,493504456,andrew15@example.com,XEXA54670387068829,72330.65,596.0,0
CUST_005389,Anna Pope,650276265,mbowman@example.org,GVZS66093631742507,8966.51,557.0,0
CUST_005390,Alfred Wells,734-73-2923,kgeorge@example.org,PCJL90114924769309,17823.56,461.0,0
CUST_005391,Amanda Zimmerman,362902336,kelsey79@example.com,YOVA08741726194069,56696.76,559.0,0
CUST_005392,Terri Graham,519-64-5279,steven39@example.net,KZWJ37466786312048,33338.24,694.0,0
CUST_005393,Joseph Austin,283-25-9062,brittany02@example.com,AGOX84411611306751,48711.87,848.0,0
CUST_005394,Trevor Ross,525-05-2787,virginiasnyder@example.com,ZMBD35345294975930,68201.6,609.0,0
CUST_005395,Jerry Johnson,475-36-2884,justin55@example.net,NCAB26049769446565,36253.01,437.0,0
CUST_005396,Lauren Luna,742-54-6298,anthonybryan@example.org,QVZL71694528821085,63134.25,353.0,0
CUST_005397,Anthony Thornton,825-16-7353,alexandra62@example.com,GQEF58650680139151,27463.0,374.0,0
CUST_005398,Thomas King,059-07-1843,stevemiller@example.net,GSOA24587588576927,64652.25,448.0,0
CUST_005399,Jamie Johnson,352-53-1889,aguilarlarry@example.net,CNJR41417717385292,13304.94,654.0,0
CUST_005400,Jessica Mcdaniel,610-12-7465,smithfrancisco@example.net,ETDS23645061258810,39654.64,512.0,0
CUST_005401,Shelby Robertson,563-28-5289,ashleyjimenez@example.org,FYZY19772945089369,71489.44,539.0,0
CUST_005402,Brian Mclaughlin,478-73-6736,lauriecummings@example.net,DGYH59889734285810,7306.55,473.0,0
CUST_005403,Sandra Perez,344-16-7328,yolanda63@example.net,TGRB43083286421483,13973.65,470.0,0
CUST_005404,Steven Mueller,088-05-8933,robertschmidt@example.net,AEEE43947172862951,35596.86,340.0,0
CUST_005405,Regina Benitez,297-48-0345,rbrown@example.com,RXRC16700796841536,33973.92,536.0,0
CUST_005406,Marcia Tran,364-29-4231,hunterjason@example.net,NDAT25514619838900,61456.71,736.0,0
CUST_005407,Robert Hardy,140-32-4701,christinewhite@example.com,OPKA79356848134597,23565.51,619.0,0
CUST_005408,Anthony Cunningham,846-33-2872,ecain@example.net,ZJIT31750831262309,73747.12,303.0,0
CUST_005409,Pamela Brown,894-29-8322,uthomas@example.org,EVKD55828155572062,57961.66,604.0,0
CUST_005410,Ronald Gates,703-30-4373,markgutierrez@example.org,IPVF85129940114671,29662.16,654.0,0
CUST_005411,Allison Gordon,631-33-0968,,ULYE96997819332731,57536.62,543.0,0
CUST_005412,Gabriela Bradley,188557676,youngsarah@example.net,YGYL36488876320526,5008.43,563.0,0
CUST_005413,Tiffany Smith,092418511,orozcosuzanne@example.net,TLNJ97567117515282,67466.97,640.0,0
CUST_005414,Nichole Liu,272-27-8744,gregoryhudson@example.com,KNZB91894766312850,2109.96,635.0,0
CUST_005415,Joshua Horton,224395513,stephanie07@example.org,URWZ25326654904844,49288.26,662.0,0
CUST_005416,Kathleen Nielsen,524-69-1105,sierra79@example.net,WGEB94117623209087,44547.1,809.0,0
CUST_005417,Rebekah Hill,173-86-5664,julie89@example.org,TPNX05200461776685,69842.89,534.0,0
CUST_005418,Darryl Spencer,709-69-1324,alexandria47@example.org,DHDQ41783370661154,24805.68,331.0,0
CUST_005419,Eric Maldonado,849-60-7316,oneillvictoria@example.org,TWCF84878775812811,10248.37,542.0,0
CUST_005420,Carrie Robinson,182606756,rjacobson@example.org,YXCU05926772912636,58906.87,777.0,0
CUST_005421,Michael Sullivan,497-24-6669,dlindsey@example.org,EWGS78329876009275,71666.23,476.0,0
CUST_005422,Jose Smith,381-65-4724,galvancurtis@example.com,XRKP07478077295452,32821.8,838.0,0
CUST_005423,Lisa James,368-22-8929,michaeljones@example.net,GUYY42394453242871,70812.31,614.0,0
CUST_005424,Andrea Lynch,373-89-5633,matthewsummers@example.org,VDDW06170365340274,9996.61,422.0,0
CUST_005425,Crystal Ross,831-08-3462,grussell@example.com,ZQEQ20036828879513,31444.93,809.0,1
CUST_005426,Lawrence Davis,736-81-2648,burkecharles@example.net,WVNQ72385613250141,71524.84,,1
CUST_005427,Shawn Lopez,045-33-7692,hmcdonald@example.com,HUQH82982743333070,29907.62,546.0,0
CUST_005428,Julian Barnes,889-14-8177,,YTZH10285738643149,43400.63,565.0,0
CUST_005429,Karen Haynes DDS,313-76-1237,brenda93@example.net,RQXM39278152567925,6712.12,319.0,0
CUST_005430,Mark Banks,626-58-9766,portermary@example.com,ALXE06010649354693,6497.3,338.0,1
CUST_005431,Elizabeth Blake,581-74-5586,joshuamoon@example.com,HCVN08403459988656,52834.86,324.0,0
CUST_005432,Jenna Munoz,833-97-5261,gsmith@example.org,TOOS02092334684272,31410.58,734.0,0
CUST_005433,Mr. Daniel Odom,354-50-6532,vargasalyssa@example.com,CUXX16540745638163,13962.78,365.0,0
CUST_005434,Victoria Howell,618-17-7959,zimmermandana@example.com,TRCE07665894562174,311.25,431.0,1
CUST_005435,Marcus Kent,882-02-7251,turnerjames@example.com,NUSP12764685191777,18813.87,509.0,0
CUST_005436,Jodi Gonzalez,221-66-1864,goodmansean@example.org,PFUG97258797072476,65244.54,321.0,0
CUST_005437,Megan Roberts,817-97-7300,shannonrobinson@example.com,YYDU14960660934940,7844.65,424.0,0
CUST_005438,Amber Anderson,221-96-6102,james25@example.org,UPNH33161419036716,22411.34,348.0,0
CUST_005439,Krystal Donaldson,437-94-1789,murphyjennifer@example.org,OGCV36504509050689,9156.69,537.0,0
CUST_005440,Kristina Glenn,273-49-0405,joseph84@example.net,AAVA87200299733166,34551.09,387.0,0
CUST_005441,Anne Gray,247-07-7523,perrygloria@example.net,LYRT48352690235554,57202.59,808.0,0
CUST_005442,Evan Wright,781-57-6029,kbrooks@example.org,SHAT18434429421533,35447.13,748.0,1
CUST_005443,Mark Ellis,526-95-8897,lorimiddleton@example.com,RUYL87743600113895,49049.27,431.0,0
CUST_005444,Patrick Henry,586-57-1948,christian38@example.com,ZKUN49757765724939,16352.08,767.0,0
CUST_005445,Regina Jones,485-14-7308,markgallagher@example.net,OVZD25723486614473,16474.26,581.0,0
CUST_005446,Andrea Newman,693-82-8680,donaldrobinson@example.org,JHEG98908572574822,30446.64,822.0,0
CUST_005447,Matthew Wright,628-36-7739,timothy78@example.net,WZIE90158381539346,54176.47,587.0,0
CUST_005448,Richard Johnson,690-40-2442,taylorchristian@example.com,YKCG11398404119771,73073.29,712.0,0
CUST_005449,Nathan Mcguire,316-82-9144,kathrynwatkins@example.org,WBLL06016561270584,59549.62,656.0,0
CUST_005450,Mark Wilkins,867-54-1730,uhansen@example.com,FILM98405046944357,67991.54,408.0,0
CUST_005451,Kathryn Butler,440198090,ucastillo@example.org,NPAQ28823050463605,53882.1,333.0,0
CUST_005452,Thomas Mccoy,389428398,whiteanthony@example.org,QDKF11507324974504,17283.14,487.0,0
CUST_005453,Dana Murphy,819245187,rfrench@example.net,ZVEY68575849704440,30498.65,828.0,0
CUST_005454,Lisa Silva,259-63-2800,benjaminandrews@example.net,KPAZ85330182859586,3617.98,779.0,1
CUST_005455,Theresa Wright,206-63-5659,campbellsarah@example.net,RMWX76869102744065,49083.14,490.0,0
CUST_005456,Raymond Schroeder,829-33-9236,lambphillip@example.org,UCZH71442684027868,53783.63,524.0,0
CUST_005457,Calvin Nguyen,794-22-8737,tracey45@example.net,HCWP52342777337922,33488.26,828.0,0
CUST_005458,Teresa Mullen,636389599,acarpenter@example.net,ZVWL21892721072319,37501.83,838.0,0
CUST_005459,Larry Francis Jr.,741315060,john36@example.org,UHBA22909979499000,53543.45,438.0,1
CUST_005460,Kimberly Rodriguez,757-75-6617,,FHJV58117081328157,2421.79,443.0,0
CUST_005461,Daniel Gonzalez,895575585,keithjames@example.net,LCYN12699897327769,46200.55,806.0,0
CUST_005462,William Vaughn,622-25-9568,williamsdustin@example.net,DMIR48173158525208,29891.2,754.0,0
CUST_005463,Wayne Kelly,434-62-0599,jameslynch@example.com,YTCE13795047729109,20601.39,323.0,1
CUST_005464,Mario Thomas,871299853,rguzman@example.org,LJME16244835904044,5677.31,728.0,0
CUST_005465,Angela Lee,709-90-1154,elizabeth55@example.org,GZBA57877761499716,21572.01,809.0,0
CUST_005466,Selena Chen,539525777,austin34@example.com,BSJM80040042481200,8181.02,316.0,1
CUST_005467,Christopher Hodge,522-45-4297,,KGML51665562515577,17785.16,634.0,0
CUST_005468,Hannah Todd,829-82-4976,maureen87@example.net,ZRWS81420465118077,58830.18,329.0,0
CUST_005469,Melissa Lozano,732-61-4545,solisbrian@example.com,WHLT11460003627130,57837.17,794.0,0
CUST_005470,Christopher Beasley,501148179,kevinmiranda@example.net,VFCC26509057460709,56484.58,358.0,0
CUST_005471,Duane Garner,729-98-2983,xmerritt@example.org,CSEW57940608913183,34534.83,812.0,1
CUST_005472,Eric Anderson,231-57-7936,bcole@example.com,DUOU00963874571074,11643.71,778.0,0
CUST_005473,Carol Fisher,155-63-6985,castillochristopher@example.com,EPHF66320277347584,50846.58,360.0,0
CUST_005474,Renee Scott,538741196,johnsonjohn@example.net,KVMP48450071357680,18183.27,570.0,1
CUST_005475,Eric Fields,681-06-0212,gabriel10@example.net,AWWR68629976157435,58929.19,470.0,0
CUST_005476,Cassandra Newton,614-24-7684,mary20@example.org,ZJZW50674582742945,1128.83,577.0,0
CUST_005477,Penny Hernandez,252-60-4882,fbrooks@example.net,JDAB63524482737105,11169.06,,0
CUST_005478,Kristen Cook,205-28-6461,lauriescott@example.org,NXTJ17021655473455,72546.43,638.0,0
CUST_005479,Jerry Stanley,648057316,robertward@example.com,QJPA66349848516380,11190.1,426.0,0
CUST_005480,Jennifer Kim,381073357,,EJDW13161529983625,44186.38,,0
CUST_005481,Brandon Medina,541209543,,IQDR35267800206029,55143.9,508.0,0
CUST_005482,Katherine Love,569-37-5277,lori05@example.net,JTIB08215127252534,73321.7,616.0,0
CUST_005483,Jorge Wright,384-07-6350,ryanodonnell@example.net,FSFJ17644244559103,48875.93,550.0,0
CUST_005484,Amber Flynn,141-56-0813,hunterthompson@example.com,GQZE61172217863113,9774.73,734.0,0
CUST_005485,Benjamin Fowler,430710248,taylormatthew@example.net,GROX37205647592319,49939.7,618.0,0
CUST_005486,Morgan Bryan,485-20-1622,denniskurt@example.net,FNBK11373177015772,20278.52,637.0,0
CUST_005487,Elizabeth Allen,574-72-9725,wilcoxdaniel@example.com,FBRT86159517177181,39916.29,457.0,0
CUST_005488,Michele Chen,584-75-4817,micheleharvey@example.com,UZQB27446882059078,39806.25,576.0,0
CUST_005489,Julie Wilson,834-31-7625,erika69@example.net,WKCK82372713271477,1870.66,496.0,0
CUST_005490,Karen Hicks,579-58-5771,jessica48@example.net,NXVW19380783649612,25759.88,357.0,0
CUST_005491,Cassandra Burnett,003-20-1562,,YATZ29186456542526,65630.08,,0
CUST_005492,Steven Morgan,600-62-5721,victoriaholmes@example.com,ZSWA65762243147667,23369.5,809.0,0
CUST_005493,Destiny Brown,819-89-5441,ryan11@example.net,PFSP30964491714961,47099.13,761.0,0
CUST_005494,Taylor Mueller,221-23-8001,lucasvasquez@example.net,WQRH23754484058655,68361.2,666.0,0
CUST_005495,Lisa Hill,165866844,zfleming@example.com,LPTW20452227794875,18609.96,580.0,0
CUST_005496,Elizabeth Ortiz,049-56-4090,,YFKE14541394896882,31748.92,354.0,0
CUST_005497,Valerie Sexton,594-63-5899,pvalencia@example.org,QPHX86382582619687,69256.6,699.0,0
CUST_005498,Amy Johnson,668-48-7789,oyoung@example.org,EGGR43774949068492,26993.66,673.0,0
CUST_005499,Julie George,240-05-7875,cli@example.net,PFRL35768825587990,61075.89,660.0,1
CUST_005500,Kevin Parker,701-10-2669,robert76@example.com,ESKT27502016106907,43502.12,443.0,0
CUST_005501,Michael Russell,044-43-0635,erincampbell@example.net,EWWW02265996701624,64407.97,559.0,0
CUST_005502,John Cooper,312-13-1458,rachelguerrero@example.org,GHNM87945754360406,6489.78,744.0,0
CUST_005503,Joshua Perez,226-38-5112,brooksamber@example.com,MCEH18263668352836,16302.73,558.0,0
CUST_005504,Amy Johnson,303-98-9792,colin42@example.org,WZVZ05865471176973,26722.95,406.0,0
CUST_005505,Elizabeth Moran,104-62-7964,samuelfarmer@example.net,QTME92870818583513,3786.26,434.0,0
CUST_005506,Chelsea Wyatt,337-35-4469,brianwhite@example.com,SWZU72382198376946,51787.08,604.0,0
CUST_005507,Katrina Lawson,824-08-2546,michaeledwards@example.net,QIPH07483249793273,71054.02,458.0,0
CUST_005508,Edward Booth,577-85-8465,dawn60@example.net,HOLY95192445561328,31767.17,811.0,0
CUST_005509,Christy Lynch,467-01-6567,singletonkevin@example.net,ZWNF01275054780387,69447.43,613.0,0
CUST_005510,Robert Roberts,794-96-1921,stephen31@example.net,IMTY13191150252191,63125.62,819.0,0
CUST_005511,Linda Strickland,895-39-2868,arios@example.com,UXNT45705473653056,36722.37,594.0,0
CUST_005512,Erik Morales,665-76-5060,justin23@example.com,XCSZ52802461258566,7538.51,534.0,0
CUST_005513,Robert Novak,166-86-0117,ryansharon@example.net,SUYL36796540851555,11685.81,513.0,0
CUST_005514,Michelle Bolton,291058258,fsanders@example.org,XQZX88671380808238,34356.06,577.0,0
CUST_005515,Heidi Jimenez,559-36-5653,james81@example.net,JJHX30319837617435,54494.27,698.0,0
CUST_005516,David Brown,640-07-6683,qthompson@example.com,SJKY76911157962350,16971.17,381.0,1
CUST_005517,Megan Moore,493-04-7877,matthew10@example.com,SFRJ73134461407867,52904.89,434.0,0
CUST_005518,Shane Smith,141-43-4397,williamcox@example.org,JDUZ10490394605729,21542.5,646.0,0
CUST_005519,Daniel Sutton,737-04-6094,marcia72@example.net,ZPLB97743264799437,53721.62,438.0,0
CUST_005520,Rachel Blair,335-60-4190,kimgarcia@example.org,PIME41253049660212,20104.52,511.0,0
CUST_005521,Dan Moore,562-62-6454,egood@example.com,WAFR83540929753761,16807.38,767.0,0
CUST_005522,Jose Morales,166-19-8372,alanwebb@example.com,BAPI07746347166625,15804.12,728.0,0
CUST_005523,Brian Ware,046929168,,UGOL12176165889542,8536.87,312.0,0
CUST_005524,Tammy Patrick,123-68-9316,kimberly93@example.org,PDWF01001748331906,18938.21,557.0,1
CUST_005525,Kyle Hamilton,633-25-6998,halljane@example.org,RCCY06568621535525,49819.46,691.0,1
CUST_005526,Dustin Wilson,038887512,george59@example.net,NCIH91372954160842,4655.38,,0
CUST_005527,Andrea Richard,526-42-2885,hilljeffrey@example.net,MKJD78561485586692,41803.78,499.0,0
CUST_005528,Cheryl Montgomery,249-04-3613,coltonholland@example.com,KHBT60732859176532,74104.83,352.0,0
CUST_005529,Julia Mcdonald,807991980,pricesheri@example.com,UTYR80009017150359,62134.92,533.0,0
CUST_005530,Susan Edwards,768-85-3655,frankreeves@example.net,FNZM76171934002923,70961.02,387.0,0
CUST_005531,Lisa Robinson,524-86-8134,scottmorales@example.com,HRON16457015889925,11573.13,764.0,0
CUST_005532,John Barrett,062-23-8926,kelliefrank@example.org,FEIP74613100977650,52102.5,,0
CUST_005533,Jodi Rich,511-53-6799,grantadam@example.com,BLDG27948451772408,35141.2,476.0,0
CUST_005534,Richard Odom,357-17-7395,jterrell@example.org,HKPN92062458097531,70754.44,424.0,0
CUST_005535,Brandon Cooper,157-54-1924,ashleyortega@example.net,LCWB96836788127644,18020.97,631.0,0
CUST_005536,Jonathan Vega,480-85-9346,shannonwalsh@example.org,MNNL60086105292027,60870.91,828.0,0
CUST_005537,Mary Perez,051-34-9550,georgesanchez@example.net,XEZL10509717491970,59111.77,330.0,0
CUST_005538,Mitchell Martinez MD,508128897,kelseyjackson@example.com,JTSP29490408356981,40151.38,744.0,0
CUST_005539,Mindy Smith,227-08-9956,sue99@example.org,LGIY87266048686016,24884.63,473.0,1
CUST_005540,Roberto Scott,143-52-4016,joseph36@example.org,WPRC69697882021044,1313.41,754.0,0
CUST_005541,Robert Ross,144-53-4378,bconner@example.org,WTJY06307592170988,52400.42,796.0,0
CUST_005542,Charles Reed,248-14-1866,,RVYE04605298963929,43871.42,399.0,0
CUST_005543,Daniel Simmons DVM,858498584,williamward@example.net,KILN05569037314800,12786.15,554.0,0
CUST_005544,Andrew Gutierrez,844-75-6802,ewhite@example.net,ZCKM59731867633522,12937.6,739.0,1
CUST_005545,Jeffery Cannon Jr.,680-20-5671,zcole@example.com,PZRX33447572993065,51579.8,340.0,0
CUST_005546,Alexandria Robinson,612-47-6860,randalljames@example.org,AGUI36285707852433,57290.19,631.0,1
CUST_005547,John Holt,844-99-4045,mcmahonvincent@example.net,EKTC55420121695673,10540.86,798.0,0
CUST_005548,Caroline Campbell,869-64-4304,gabrieljennings@example.org,OFYR87822832197666,65171.36,593.0,0
CUST_005549,Deborah Smith,656-74-7499,,EILN32733626915854,66442.25,759.0,0
CUST_005550,Ashley Rivera,103-19-0935,brenda95@example.com,TDYU16204634975007,50237.18,729.0,0
CUST_005551,John Johnson,163-35-1657,pwright@example.net,JUBB50702022524338,62612.68,668.0,0
CUST_005552,Seth Sanders,029861111,brianna35@example.com,CFGR94891502191580,5996.25,704.0,0
CUST_005553,Mrs. Alexandria Bernard,465-46-4744,mooregregory@example.org,MTJH85618061733072,31873.76,393.0,0
CUST_005554,Ariel Johnson,130814981,bryan64@example.com,AGTJ60763459558720,45641.84,624.0,0
CUST_005555,Ronnie Stone,340-77-8938,crystallawrence@example.net,RSEZ62801556461475,42911.82,412.0,0
CUST_005556,Veronica Brown,119491773,derek66@example.com,ETUU08649850093671,74874.85,564.0,1
CUST_005557,Gary Bowen,397-12-2313,janet79@example.net,HNEQ94840234033324,32749.89,599.0,0
CUST_005558,Charles Charles,404-52-7251,ghoward@example.org,YLXG35170865445304,60035.96,757.0,0
CUST_005559,James Wyatt,775-41-1854,amy92@example.com,DDGT15987315009044,52141.78,442.0,0
CUST_005560,Jennifer Colon,382-02-6080,darrell00@example.org,CFLZ97268041001752,16153.48,462.0,0
CUST_005561,Robert Krueger,186667406,crawforddenise@example.org,LFUE82586289006721,10144.24,698.0,1
CUST_005562,Jeremiah Nelson,174-84-3285,elizabethhughes@example.com,USTX39791394485781,18312.19,327.0,0
CUST_005563,Christopher Johns,619-72-6135,whitephillip@example.net,CDNY79018929266739,25843.94,417.0,0
CUST_005564,James Lawson,424437947,lisastevens@example.org,TVIZ85143355233001,28821.18,320.0,0
CUST_005565,Brian Torres,794514339,kimberlywhite@example.com,YHPK50283893782518,65360.18,802.0,0
CUST_005566,Ashley Ferguson,069-08-3746,jacksonkathleen@example.net,RDNA66625983925824,71506.69,331.0,0
CUST_005567,Robert Kennedy,400-62-5588,katieweber@example.net,VLZH14964553973846,18064.68,715.0,0
CUST_005568,Bobby Walton,659-76-6899,ashleyvazquez@example.com,PJPX94599342345931,54786.86,848.0,0
CUST_005569,Samantha Kramer,216807261,,CRCG89723196018819,64863.59,751.0,0
CUST_005570,Lisa Franklin,322-15-3413,halltimothy@example.com,ATGB30606603277904,2820.23,810.0,0
CUST_005571,Jennifer Smith,359-28-7173,ann70@example.net,PPOT20175038528931,18187.8,755.0,0
CUST_005572,Michael Francis,070-90-9037,darlene61@example.org,QIKD96131372590265,54582.68,799.0,1
CUST_005573,Connor Delgado,368864323,michael51@example.net,OWZU89531855984829,32545.06,690.0,0
CUST_005574,Kenneth Smith,118-36-9115,lunajack@example.net,ZOKV74159091199921,5489.85,666.0,1
CUST_005575,Jerome Harris,696865776,stephanie46@example.com,KGAG41737091236358,55298.53,561.0,1
CUST_005576,Rachael Hart,751-69-4135,samanthagonzalez@example.org,VPUX49223139151037,10767.67,811.0,0
CUST_005577,Bryan Velez,380-84-8321,christopher73@example.com,XHFR31785699892587,17156.93,365.0,0
CUST_005578,Steven Smith,539-71-0543,lyncholivia@example.org,WKJU74965781682054,12570.63,512.0,0
CUST_005579,Teresa Martin,280-75-2217,caleb17@example.net,VDUG86300651247853,9794.65,524.0,0
CUST_005580,Paula Cortez,178-15-4333,donna90@example.com,CBUS12361634066176,61197.7,,0
CUST_005581,Marvin Blair,271-43-5479,gibsonana@example.com,TXQG95454163232476,61576.16,516.0,0
CUST_005582,Michael Melton,067-46-6074,igallegos@example.org,GTZZ76328752380196,20119.38,823.0,0
CUST_005583,Michael Dominguez,760-57-7592,jerry32@example.org,JCMW62585398794568,35964.81,672.0,0
CUST_005584,Stacy Jimenez,778-46-6394,eallen@example.net,DKOC44033083921359,48567.72,688.0,0
CUST_005585,Kelly Smith,340-11-5006,igreen@example.com,DMAR97095719295747,16915.83,386.0,1
CUST_005586,Andrew Mcclure,579-19-8399,stephaniejohnston@example.net,AMAB58010001531483,32732.92,710.0,0
CUST_005587,Edward Sandoval,398-39-2146,nicholaswaller@example.org,DNWS35757602428230,61001.45,681.0,0
CUST_005588,Melissa Mckay,410-92-0092,colin57@example.com,SHDF08973377805172,35789.67,,0
CUST_005589,Dr. Madison Lewis,513-15-5208,terrypeter@example.net,UCWC29329559729170,69588.58,443.0,0
CUST_005590,Mrs. Nancy Lewis,413-71-7576,wendy28@example.com,WSZP66824985033714,4831.03,672.0,0
CUST_005591,James Juarez,307-10-7324,spierce@example.net,YUVN52434232881572,9644.16,813.0,0
CUST_005592,Robert Strickland,806-57-5387,austinalison@example.org,VMZX09544497555307,10201.61,305.0,0
CUST_005593,Michael Woods,333-57-1982,rthomas@example.com,SDLR21445114048357,30768.63,474.0,0
CUST_005594,Joel Garcia,839-52-9268,brandidominguez@example.org,VRTD55582292500552,39227.08,582.0,0
CUST_005595,Jessica Peterson,028-55-4290,,KXBJ89859239499657,64493.45,742.0,0
CUST_005596,Shannon Fitzgerald,050-50-8207,fischerkaren@example.net,ZXYF01223373666048,18899.21,356.0,0
CUST_005597,Susan Randolph,335928872,michaelcurtis@example.net,BLCA66330901933381,67280.52,547.0,0
CUST_005598,Matthew Santiago,398-41-6636,james76@example.org,CHDL08363347959672,65098.58,569.0,0
CUST_005599,Isaiah Watson,566598593,thomaslisa@example.net,YZUO47344804987729,25406.93,810.0,0
CUST_005600,Amy Perkins,532-43-7820,ywilliams@example.net,UZNJ40078094475023,29148.5,651.0,0
CUST_005601,Anthony Hutchinson,513-16-5188,gstuart@example.com,MRQI19736476722977,25656.38,835.0,0
CUST_005602,Katelyn Nelson,389-71-9368,jeffreywallace@example.net,BGPC63244924438249,40738.64,813.0,0
CUST_005603,David Johnson,082-03-9995,taylorcombs@example.com,TDWG45012720937016,72650.39,734.0,1
CUST_005604,Lawrence Smith,839-22-1720,kristiwilkins@example.org,DOSE51306957509486,14851.7,663.0,0
CUST_005605,Alyssa Rivera,850-61-5061,jonathan01@example.com,PCDW83885215872457,34530.13,846.0,1
CUST_005606,Jennifer Wade,835-60-6721,brendaroach@example.org,ZXKW49092391200052,51783.8,413.0,0
CUST_005607,Diana Valdez,146-42-8602,ywagner@example.com,ZKAJ58569203088249,31554.9,613.0,0
CUST_005608,Guy Hart,860-10-4309,ifriedman@example.com,YPKF32554747490979,29196.74,849.0,0
CUST_005609,Lindsey Leblanc,288-09-9726,michael73@example.com,DSSV91386747165380,36136.1,768.0,0
CUST_005610,Julie Bryan,591-61-5676,,SPCQ01860713852047,73988.55,392.0,0
CUST_005611,Jamie Jackson,545-56-0250,lynn39@example.net,FJKV58399856419133,63614.34,378.0,0
CUST_005612,Wendy Perez,569-92-4641,smithmark@example.net,VUTS14348095451565,64132.65,430.0,0
CUST_005613,Christopher Rogers,667206877,sarahowell@example.org,BRZO67459990270245,7114.87,431.0,0
CUST_005614,Amy Taylor,156-17-2372,wortiz@example.net,KKWC34518076177968,2630.66,580.0,1
CUST_005615,Hunter Rodriguez,326-54-0427,woodsalexis@example.com,PTQN49246596456001,61070.96,577.0,0
CUST_005616,Ryan Morris,556-70-2388,robertsoncolin@example.org,TSWV69578295133491,31589.23,522.0,0
CUST_005617,Mr. Wayne Lloyd,649-31-1195,smithsean@example.org,NQQU58837636723531,2253.45,459.0,0
CUST_005618,Mitchell Perez,424-72-7074,,HTCB13424846023824,50356.54,393.0,1
CUST_005619,Kendra Hernandez,096568466,langcorey@example.net,BKWL55379489699305,23159.38,839.0,0
CUST_005620,Timothy Tucker,849306658,gkhan@example.org,JMWK81016782229737,10156.32,589.0,0
CUST_005621,Karen Moon,027-14-8215,melissasanders@example.com,YELB66844573444213,20641.5,314.0,0
CUST_005622,Colleen Williams,744-25-7363,frances53@example.net,MUBV96839014706883,70595.4,827.0,0
CUST_005623,Gregory Ward,826-35-3445,zachary09@example.net,IQEV46678722977418,59236.9,325.0,0
CUST_005624,David Walker,498-89-0285,mary45@example.org,TRDA92971280945517,5995.94,312.0,0
CUST_005625,Heather Cooper,064-95-7947,trujillobriana@example.net,LZGU28487398474382,24305.18,547.0,1
CUST_005626,Linda Morgan,742745356,cowanandrea@example.net,FRRZ12215527361195,48051.74,801.0,0
CUST_005627,Cindy Carter,342-66-3991,evansdana@example.com,AYQL27045849286360,9109.17,665.0,0
CUST_005628,John Cain,577-27-7339,prodriguez@example.com,NXEP17786038176542,7558.82,779.0,1
CUST_005629,Luis Collins,286-75-5527,carolynhall@example.net,QYXE33504242483518,25138.72,552.0,0
CUST_005630,Shawn Howard,679538995,houstonmicheal@example.org,PYNL85014134006182,45344.84,483.0,0
CUST_005631,Cory Gonzalez,324-18-3632,pjackson@example.org,BNFQ57475950432526,3944.62,400.0,0
CUST_005632,Jaime Watson,684-53-4258,lcabrera@example.org,MPLH54620331901666,42489.25,747.0,0
CUST_005633,Donald Maxwell,079-97-3179,smithrenee@example.net,UAZX25105632542932,48124.57,638.0,0
CUST_005634,Maria Mccann,581517612,jbriggs@example.org,JLPG29625108661212,15748.99,371.0,0
CUST_005635,Ashley Walter,123-53-8285,kelleyjohn@example.com,XAXI99408979774770,33469.13,414.0,0
CUST_005636,Charles Brown,569-38-5273,sgonzalez@example.com,MSTL56499702386537,17802.74,671.0,0
CUST_005637,Helen Ellis,445865874,rhonda81@example.com,JFSQ65866768797496,13147.36,391.0,0
CUST_005638,Jennifer Vincent,752294749,freemanruth@example.com,CSXN13243853500544,69423.49,700.0,0
CUST_005639,Anthony Bright,083-39-7726,edwardthompson@example.net,BTWO66302503586619,-208.93,582.0,0
CUST_005640,Leah Clayton,263-30-7207,nicholasmcclure@example.org,WYWQ11826343639365,19661.95,557.0,0
CUST_005641,Peter Sanders,019-50-8999,alison86@example.org,QWWD10015848847796,31089.43,395.0,0
CUST_005642,Jennifer Freeman,647-80-8810,seanleach@example.com,ZRVV15463293258847,62.89,357.0,0
CUST_005643,Anthony Benson,186-36-7721,charles18@example.net,YZLS74683336828501,29547.0,812.0,0
CUST_005644,John Bolton,195533378,anne52@example.org,CCPR23840621933596,37798.96,756.0,1
CUST_005645,Matthew Andrews,451057754,xrose@example.net,DAJX07843206700400,68658.13,492.0,0
CUST_005646,Jason Arnold,685-73-2192,barrettwendy@example.net,YOKZ33467704798098,2775.75,361.0,0
CUST_005647,Joyce Lopez,771-34-7409,ryan12@example.org,YOHA47647458033557,54681.76,734.0,0
CUST_005648,Rodney Nguyen,790-80-1835,kroberts@example.com,BGFB94467895002880,29887.79,723.0,0
CUST_005649,Robert Sellers,865-39-1250,mitchelljohnson@example.com,NVOG60135836306041,48893.8,547.0,0
CUST_005650,Maxwell Blake,256-67-2653,lindseysingh@example.org,VTDC91360812627301,53236.21,687.0,0
CUST_005651,Matthew Johnson,817-82-7084,alejandra11@example.org,ALLK28405840473731,64721.67,591.0,1
CUST_005652,Kathryn Moore,343-74-1980,jeffrey92@example.org,RWAH05802392356035,54980.94,640.0,0
CUST_005653,Danielle Santos,693-87-4502,kevans@example.org,GXOP16437513721013,56600.47,827.0,0
CUST_005654,Rebecca Galloway,528-33-5014,stephaniepowell@example.org,FWTA84291348250406,42450.55,695.0,0
CUST_005655,Terry David,599-55-3467,jamesgonzalez@example.org,ZREH73331002578174,24204.27,721.0,0
CUST_005656,Mary Harrison,170-45-2819,julie66@example.net,JSKE23499367285869,69589.7,524.0,0
CUST_005657,John Burch,027691428,jsanchez@example.com,EIQC82110315970882,55125.64,,0
CUST_005658,Julie Roberts,160-87-1287,davismichelle@example.org,SAQE81085636630078,72792.53,430.0,0
CUST_005659,David Gonzalez,333-21-4031,jordanscott@example.com,PDKB74328130880727,43884.45,677.0,0
CUST_005660,Charles King,725-16-3893,roberta78@example.com,DFYY69178663375212,29435.66,346.0,0
CUST_005661,Amanda Gutierrez,726503946,emedina@example.com,SORB86238785047807,3835.03,783.0,0
CUST_005662,Patrick Hall,516-31-9460,greenkristen@example.org,UUMA90883941198162,44070.48,446.0,0
CUST_005663,Nicholas Stanton,665521175,vanessamiranda@example.com,JGOZ04084267804041,10719.67,494.0,0
CUST_005664,Brandon Williams,830058121,xdominguez@example.org,GCWJ47360965278298,53580.59,612.0,0
CUST_005665,Angelica Davis,459-73-7719,lauralee@example.com,MJIQ16393593185512,60297.19,636.0,0
CUST_005666,Cheryl Joseph,223439416,barbarafranklin@example.net,LOKX42281528886831,15537.53,601.0,0
CUST_005667,Scott Palmer,851-51-4580,scottjeffery@example.com,HHPY43376903866049,71291.74,748.0,0
CUST_005668,Micheal Robinson,177-90-7227,james12@example.com,QBVE09384898794609,27985.08,616.0,0
CUST_005669,Tracey Frazier,286-77-1213,luisclark@example.com,IWVX30831640940874,50840.55,616.0,0
CUST_005670,Barbara Christensen,820-31-4573,stevenpeterson@example.org,LMJD51143794573320,26376.57,316.0,0
CUST_005671,Billy Lambert,009-24-7577,tamarablevins@example.net,MLPV87233598764307,31751.61,788.0,0
CUST_005672,Donna Hurley,096-76-2983,dicksonjason@example.com,INLO54921826553979,15408.99,446.0,0
CUST_005673,Harry Peters,657698359,ewatts@example.org,UKGU01612351075086,70883.68,722.0,1
CUST_005674,Ronald Gonzalez,033-48-0573,jasminelawson@example.com,QYGS89185812483488,72051.22,576.0,0
CUST_005675,Richard Nunez,075-59-8332,vasqueztimothy@example.com,WLAU85058449585489,47671.53,740.0,0
CUST_005676,Steven Bailey,807-73-3151,,IXYU66663010683821,22018.79,695.0,0
CUST_005677,Kathleen Monroe,683-41-8026,tfernandez@example.com,ZDJZ25549230135555,12244.88,695.0,0
CUST_005678,Hunter Short,384-57-8205,zachary60@example.org,OEAP94970662156922,70669.82,473.0,0
CUST_005679,Tanner Santos,508-82-8932,jasonaguirre@example.com,LJYA29016852991942,934.98,551.0,0
CUST_005680,Donna Simmons,014-81-3478,breed@example.org,GVPK31461810777783,26697.11,832.0,1
CUST_005681,Jeffery Bolton,136-31-5282,cooperjacqueline@example.net,WRHX63766735639516,16830.87,606.0,0
CUST_005682,John Craig,430-88-2373,nicolehenry@example.com,JUZM03338715451650,49010.93,403.0,0
CUST_005683,James White,150-58-2296,michaelbenson@example.net,KFLY62859634382072,13891.36,780.0,0
CUST_005684,Gary Holt,062-60-9837,nicholassmith@example.net,ZSVX23894287785900,68841.58,805.0,1
CUST_005685,Kathy Miller,359-18-6793,angelaburns@example.org,PODB20119349160692,45549.06,302.0,0
CUST_005686,Zachary Jones,618769929,hardybenjamin@example.net,WOGO06852865778138,1599.12,694.0,0
CUST_005687,Jonathan Pruitt,023-11-9591,zmiller@example.net,QZAX69864022351340,46852.31,546.0,0
CUST_005688,Jonathan Cooper,396-93-5620,fbrown@example.org,CEUL65865471173952,17798.63,704.0,0
CUST_005689,Andrew Smith,462914836,rking@example.net,NDFF81505577950172,-132.26,481.0,0
CUST_005690,Barbara Sanders,571-01-3955,,DURC64241621928595,44407.73,736.0,0
CUST_005691,Jill Smith,582-35-5356,cassandra88@example.org,RWHB32246778815191,45131.84,550.0,0
CUST_005692,Cameron Lucas,087-65-6328,,EUJQ34610434419678,67755.68,314.0,0
CUST_005693,Brian Miller,349-33-6512,kathleen94@example.org,DAIB30682812682894,74825.2,381.0,1
CUST_005694,Sean Scott,489-60-0207,iwhite@example.org,RLWF20731196488016,15548.68,478.0,1
CUST_005695,Nicholas Brown,707534849,beth40@example.org,BVGD33308811128873,16013.25,822.0,1
CUST_005696,Susan Spencer,260-78-5824,castilloamy@example.org,BSHN09653633422830,20993.2,804.0,0
CUST_005697,Marcus Jones,097802661,christy10@example.org,FWJQ96914844540274,3922.97,763.0,0
CUST_005698,Brenda Wilson,872-74-7971,alexandra20@example.org,SPCA75563338718015,2005.0,560.0,0
CUST_005699,Kimberly Daniels,627771522,wdawson@example.org,WAQH07743181757530,38735.43,506.0,0
CUST_005700,Benjamin Moore,239-25-4847,mccalllinda@example.com,OPMG14287586583092,14969.59,,0
CUST_005701,Jennifer Alexander,855352096,beckyclayton@example.net,SWVK56516073261212,65217.81,519.0,0
CUST_005702,Rita Townsend,813916267,rodney54@example.net,JDEW30785318538556,55070.07,658.0,0
CUST_005703,Shannon Lyons,387-93-9302,stephanie15@example.com,MFPG18721233709744,65105.37,467.0,0
CUST_005704,Tyler Byrd,347-61-4012,amandaolson@example.com,VLRC37344856385621,54278.77,469.0,0
CUST_005705,Whitney Nash,352-85-7612,jenny01@example.org,ULRZ36778443159958,36805.11,327.0,0
CUST_005706,Laura Jones,052-91-4250,shirleyrodriguez@example.com,GNYF10365070583576,8026.95,743.0,1
CUST_005707,James Wood,179-40-7271,nicholaspineda@example.net,VOTF84499397126788,55132.54,307.0,0
CUST_005708,Bryan Gonzalez,732883939,jstewart@example.com,HEOW44877102281834,18872.51,,0
CUST_005709,Sheila King,293-85-7554,christopherspencer@example.org,USVH23072021810718,45916.78,606.0,0
CUST_005710,Ashley Miller,801786301,mbarrett@example.net,UZDU21427881732735,47874.09,323.0,0
CUST_005711,Jasmine Hardin,346-58-9746,angela83@example.net,QAYV29432839506350,45429.25,587.0,0
CUST_005712,Joseph Brown,623-98-6891,lisa23@example.net,FLBK20838525553449,59550.1,302.0,0
CUST_005713,Tracy Schmitt,824-13-6892,aferguson@example.net,EWPO83203427156852,69646.06,757.0,0
CUST_005714,Natalie Bray,220-66-2684,cmorse@example.org,HMKD68256314497341,45552.86,350.0,0
CUST_005715,Kristina Robbins,417-61-9989,jocelynschwartz@example.com,ZXQY73108839682869,48606.08,702.0,0
CUST_005716,Michelle Hoover,271238784,,VPXA97495210109672,17038.1,635.0,0
CUST_005717,Aaron Fuentes,287-08-5224,smithamber@example.org,YJFU38717647250227,12108.34,753.0,0
CUST_005718,Debra Rich,500070463,richardsonjennifer@example.net,RZWP22593555446466,8394.27,541.0,0
CUST_005719,Amanda Johnson,128-41-5048,brownsusan@example.com,EBLP72847773678289,61894.49,561.0,0
CUST_005720,Christopher Williams,027-17-1679,steven18@example.com,XTNF15503995241839,5011.2,340.0,0
CUST_005721,Colleen Keith,531-83-2894,cookvirginia@example.org,WSTA95384196716510,4493.82,780.0,0
CUST_005722,Danielle Alvarado,160-31-2255,jason94@example.org,GOMO27989169500039,5361.81,390.0,0
CUST_005723,Jeffery Grant,539-04-3283,tamara85@example.net,SLOF29405748896633,60805.75,750.0,0
CUST_005724,Steven Patrick,782-37-7190,sdunlap@example.org,HAVT26425609145873,47122.02,391.0,0
CUST_005725,Debra Wilson,261-01-4676,zarias@example.org,RWBJ18784090228951,33311.24,325.0,0
CUST_005726,Jeffery Suarez,586-80-1303,timothy01@example.net,EDYA63717692672136,40451.86,833.0,0
CUST_005727,Caitlin Wiggins,188-45-4210,shelby50@example.org,GIOM67407781110726,71136.73,580.0,0
CUST_005728,Anna Sanders,344333596,schmidtjessica@example.com,LFSE25873520890374,29859.84,749.0,0
CUST_005729,Jeremy Clark,483811989,,MMIU93917929763745,42119.32,329.0,0
CUST_005730,Jacqueline Wheeler,667-43-6398,glennjames@example.org,TPOP50466699994517,31373.5,639.0,0
CUST_005731,Jack Guerra,680-90-3326,amybriggs@example.net,QTOF90937287650388,59789.32,432.0,1
CUST_005732,Jasmine Sanchez,125-02-4690,taylormark@example.org,IXXS35254040236721,73880.78,535.0,0
CUST_005733,Richard Moran,839-84-1885,brian32@example.org,LJVV35677299854723,9766.86,494.0,0
CUST_005734,Maria Diaz,403-19-8862,christopher67@example.org,SKON61090696711364,48147.13,486.0,0
CUST_005735,Teresa Martin,598-11-0298,gallowayregina@example.net,UYCU76274782194752,26737.45,814.0,0
CUST_005736,Madeline Santana,209-48-1984,kfox@example.org,CDSM78272388291134,65668.77,494.0,0
CUST_005737,Steven Kennedy,231-08-3663,jacqueline29@example.com,AKNY45362812263115,46839.7,467.0,0
CUST_005738,Michael Davis,243-36-3273,malonemichael@example.org,IDVO13417608325313,42937.13,710.0,0
CUST_005739,Justin Fischer,082-70-2746,kskinner@example.org,CHTJ08912625140330,57317.2,593.0,0
CUST_005740,Taylor Brown,231723008,pcain@example.net,EKRI00109258939950,41571.38,626.0,0
CUST_005741,Sarah Larsen,329-71-3214,lawrencetonya@example.org,PJEN07754848728145,17600.84,379.0,0
CUST_005742,Laura Bradford,186-96-4681,burnsalexis@example.org,DQSU72287369212292,59072.07,459.0,0
CUST_005743,Jennifer Lee,347463233,watkinscalvin@example.com,MNHS29954823203249,17217.91,619.0,1
CUST_005744,Mr. Michael Stewart,029-19-7314,npowell@example.org,PLEL46754642548647,7379.22,734.0,0
CUST_005745,Austin Patterson,721-49-1062,landrews@example.com,RAPS07120215093048,65753.32,394.0,0
CUST_005746,Elizabeth Ford,439-37-6301,jacob26@example.org,TWON08171211492766,25424.33,725.0,0
CUST_005747,Maria Villa MD,555-10-0517,pvelasquez@example.com,RXZC02293984732615,13237.03,522.0,0
CUST_005748,Richard Hayes,263-78-1341,michael64@example.com,RKJW66155715848933,26911.77,420.0,0
CUST_005749,Pamela Andrews,737-50-5509,khernandez@example.com,MHTZ28542127087886,65280.34,450.0,0
CUST_005750,Mercedes Morrison,043941898,scruz@example.org,CRUT90887567463915,19505.74,640.0,0
CUST_005751,Austin Hoffman,798-07-3983,martinezkenneth@example.com,GIGW20967859824889,41343.12,606.0,0
CUST_005752,Mr. Sean Lewis DVM,035-43-4422,parnold@example.com,JGMY73161424170013,7779.38,675.0,0
CUST_005753,Kayla Martin,437-39-4906,fwarner@example.com,OYIU84650852855864,20119.86,802.0,0
CUST_005754,Eileen Melendez,329-75-7453,pwilliams@example.net,PNBG56416657126386,12941.52,813.0,1
CUST_005755,Katherine Johnston,703-26-2705,weberchristian@example.com,KZGX89565025687349,15687.78,840.0,1
CUST_005756,Christopher Romero DDS,776-80-6719,cheryldavis@example.org,PIMR94508479162189,26690.09,302.0,0
CUST_005757,Travis Kemp,552-14-5617,patelstephanie@example.org,MCSK61418945030424,70762.17,377.0,0
CUST_005758,Stephanie Steele,363-01-7499,joseph20@example.org,PPQX72050111405336,12895.37,540.0,0
CUST_005759,Jason Juarez MD,121429872,,OQRF70387652021470,19135.69,501.0,1
CUST_005760,Joel Moody,033-13-5320,rickybarr@example.net,LHFY08889137932572,30039.9,607.0,1
CUST_005761,Mariah Allen,287-14-6732,richard00@example.org,BINH80620275110549,61854.86,693.0,1
CUST_005762,Emily Strickland,878-87-2781,,RQSG60374923383184,47494.54,575.0,0
CUST_005763,Judith Pope,267-92-3319,sean43@example.net,DPME34082638864521,28888.86,327.0,0
CUST_005764,Christopher Robinson,514-16-0506,iharrison@example.com,GJSD10045531086992,33163.48,616.0,0
CUST_005765,Andrew Morris,425-55-5368,sshah@example.net,SYWM52292445051949,4321.54,802.0,0
CUST_005766,Philip Thomas,275327202,simmonsnancy@example.org,TXHF85545697924468,31567.92,,0
CUST_005767,Christopher Gibson,321260315,lcooper@example.org,KPAZ29036952205767,11934.09,302.0,0
CUST_005768,Michelle Pierce,507-17-5239,pamelahenry@example.net,DSDV82134012077683,68187.95,353.0,0
CUST_005769,Brittany Johnson,335-62-2284,bharris@example.org,YVEF59635873011606,46384.29,725.0,0
CUST_005770,Hannah Wall,665-51-4231,willie17@example.net,ERYE31117595323317,9591.65,476.0,0
CUST_005771,Aaron Garcia,361-76-1711,,EBAO15271159387578,46090.99,602.0,0
CUST_005772,Steven Davidson,457938698,cwilson@example.net,TKTA74926351574856,28244.87,763.0,0
CUST_005773,Cathy Jordan,293895277,briannacook@example.org,KYFD74876152093217,4592.39,386.0,0
CUST_005774,Greg Soto,374-03-9308,harveykayla@example.com,ESYD76628054040675,35414.27,800.0,0
CUST_005775,Elaine Rowe,446-62-2424,ingramchad@example.net,FHEC09471282256730,53739.42,662.0,0
CUST_005776,Allen Lowe,825-96-6525,brandyharris@example.org,AMTO08099081347735,55360.0,579.0,0
CUST_005777,Michael Stephens,284-65-4393,christina30@example.net,ATCL05179891230030,67102.03,801.0,0
CUST_005778,Madison Crosby,434-13-5512,chadbrown@example.org,PIWK06206735309809,25171.07,810.0,0
CUST_005779,Valerie Schneider,542-51-8135,stafforddavid@example.com,BSQU47783801888483,63570.63,513.0,0
CUST_005780,Sarah Thompson,574-80-0722,thompsonsara@example.net,RHVZ74994927553427,7027.73,677.0,0
CUST_005781,Steven Walters,723-72-2909,crawfordcarl@example.org,ETBK76816190173789,23392.66,587.0,0
CUST_005782,Courtney Anderson,758-08-2292,vincentjames@example.org,LCOS42205670427688,72967.88,744.0,0
CUST_005783,Bobby Jones,572-78-9140,,QZRZ00442293928853,47266.84,692.0,0
CUST_005784,Robert Park,269-62-0184,gilbert19@example.com,KOVB06190858026032,22697.69,779.0,1
CUST_005785,Anthony Scott,147-50-3501,kellygrimes@example.net,PNSR33282117574990,5682.51,475.0,0
CUST_005786,Laurie Santiago,368-44-3647,joel94@example.com,PPJS73967811598191,49578.06,688.0,0
CUST_005787,Jeremy Eaton,362-32-8875,audreynavarro@example.net,JVIJ96280471703439,65671.91,433.0,0
CUST_005788,Sharon Robinson,862-88-4461,callahantaylor@example.org,YFXE91891359437464,73691.4,539.0,0
CUST_005789,Taylor Stone,712-46-9424,nelliott@example.org,LSSA51171381648424,47888.69,781.0,0
CUST_005790,William Williamson,267-51-1167,kevin53@example.com,GGUG71471549621389,61633.24,727.0,1
CUST_005791,Benjamin Mcgrath,389-25-3225,kimberlymorrison@example.net,PSEQ90891114709354,67151.88,797.0,0
CUST_005792,Jason Castro,271-68-3374,graynicholas@example.org,PVZJ72147707608816,26122.79,458.0,0
CUST_005793,Thomas Wilson,213745108,james25@example.org,HPYH05223935207262,55707.51,597.0,0
CUST_005794,Tiffany Mccall,849-65-7191,marywalker@example.net,XCMG88805858519203,49305.21,632.0,0
CUST_005795,Brian Kent,297-44-6212,hblake@example.org,JCZO35445172201155,47407.48,479.0,0
CUST_005796,Brenda Ibarra,745-31-8162,lori02@example.net,WPVK98606893007387,24245.53,465.0,0
CUST_005797,Christopher Barrett,072-76-5967,shelley45@example.com,AJQE42001567539575,43652.46,354.0,0
CUST_005798,Joan Mccarthy,690-32-1199,kristywilliams@example.com,OARZ16062878865567,2372.58,300.0,0
CUST_005799,Samantha Johnson,771-23-6579,paul44@example.org,GSHP81506767857184,5702.19,431.0,0
CUST_005800,Brandi Stevens,844-89-8327,megan90@example.org,GBOX26963079460521,23672.35,648.0,0
CUST_005801,Vanessa James,822-14-6848,ewilson@example.com,VQRT87673981778149,35896.61,553.0,0
CUST_005802,Stephanie Roberts,693314480,michelle81@example.com,TVXJ94353313663810,54087.72,471.0,0
CUST_005803,Michael Chapman,183-67-1126,mortoncarly@example.com,VECP60092698300564,59190.56,509.0,0
CUST_005804,Madison Solis,641-77-5980,joylopez@example.org,ONUI76553831225484,39181.07,493.0,0
CUST_005805,Lisa Dalton,424101543,melissa86@example.org,NWWF81415931638809,74743.3,493.0,0
CUST_005806,Jennifer Soto,229561553,thomaskelsey@example.org,LQGB86959633504915,71560.86,367.0,0
CUST_005807,Mark Wright,563936877,crystal62@example.com,KPFW12863297198085,18013.27,536.0,0
CUST_005808,Steven Taylor,229-68-3167,marissanolan@example.com,VSBU63659093002819,48582.93,555.0,0
CUST_005809,Michael Walter,632593947,vmathews@example.org,TNWZ17494065583247,50612.26,503.0,0
CUST_005810,Jamie White,272-71-6618,terri69@example.org,ATBG74014436235641,11455.11,368.0,0
CUST_005811,Yvonne Mcbride,740-52-7044,john55@example.org,GQUZ04753846788674,54101.78,723.0,0
CUST_005812,Robert Nicholson,879-17-4705,kelly52@example.com,ATPU28358465536173,30910.85,767.0,0
CUST_005813,Rachel Reid,451-37-3580,danielle85@example.net,EZDZ58054021675912,3892.03,556.0,1
CUST_005814,Nancy Le,023-24-5759,herreramelissa@example.net,HWZD58080888515493,52033.64,506.0,0
CUST_005815,Michelle Ritter,054144461,warnermichael@example.net,CBYM97385692258776,10048.11,509.0,0
CUST_005816,Christina Salas,626-57-7158,kelly89@example.org,AFUQ29071211610735,46179.3,438.0,0
CUST_005817,Tonya Taylor,628-16-8022,taylorharrell@example.org,SZOR75551551067606,15036.01,371.0,0
CUST_005818,Traci Owens,561-62-6487,orodriguez@example.net,PPZV64677740724488,1651.14,323.0,0
CUST_005819,Lori Berry,220-68-5213,jessephillips@example.org,SCBU43303176102283,31405.26,694.0,0
CUST_005820,Susan Best,795965057,tom47@example.com,ZRLM29968863461453,55849.43,604.0,0
CUST_005821,Jerry Coffey,082-03-5877,allison12@example.org,JFIV50697171912373,70187.72,730.0,1
CUST_005822,Lisa Knight,356-85-3949,michaelmccarty@example.org,SOPR81589809633899,49398.14,764.0,0
CUST_005823,Alison Bennett,852-32-4187,melissasanchez@example.org,YGIA76109843932873,12657.0,588.0,0
CUST_005824,Henry Cannon,482-17-8464,morenojennifer@example.com,VAFB56861644508116,25538.18,334.0,0
CUST_005825,Denise Perez,231222163,maxcraig@example.org,AZGZ34418607486367,46310.3,764.0,0
CUST_005826,Amy Johnson,883-31-9290,erika04@example.net,WGVW03512037452412,19467.3,386.0,0
CUST_005827,John Summers,692-58-2649,markroman@example.net,IKWO55722299771285,22161.77,666.0,1
CUST_005828,Leslie Silva,464-11-7399,atate@example.com,PLDW63670839469449,4575.08,582.0,0
CUST_005829,Alexander Johnson,795688216,david74@example.net,FBKH33435613571606,22038.8,557.0,0
CUST_005830,Scott Harrell,651-35-4344,brittanyberry@example.net,MGKB26219660778500,18965.98,679.0,0
CUST_005831,Sandra Conway,363-43-6808,walter15@example.net,KRVE53021466830347,55174.75,684.0,0
CUST_005832,Andrea Le,032-44-0036,sandra72@example.com,NZGX50314109833514,58953.46,814.0,0
CUST_005833,Andres Wright,733-37-6358,patrick50@example.net,YUJF93111016837808,2901.42,608.0,0
CUST_005834,Jessica Finley,479-50-2171,dwood@example.net,TGTL67592431142119,56383.53,733.0,0
CUST_005835,Catherine Delgado,431-46-4045,tcooke@example.com,NDNC02937819798005,55589.23,815.0,0
CUST_005836,Melinda Patrick,519-13-4512,ryanchristian@example.org,UEIT99523803671467,34337.68,333.0,0
CUST_005837,Kimberly Barron,613046057,bobbystein@example.net,OFXZ27732280967240,2738.41,554.0,0
CUST_005838,Michael Salas,439-37-0841,thomasdodson@example.org,DTDD53303569315472,36293.21,430.0,0
CUST_005839,Charles Henson,824-03-3418,traviskelly@example.com,RVPP63953982196352,35848.08,481.0,0
CUST_005840,Heather Ellis,253-41-9189,patricia22@example.com,DBBP12421015044796,69080.0,506.0,0
CUST_005841,April Hamilton,028-62-5615,meganmckenzie@example.net,CERK04650220876431,67383.04,646.0,1
CUST_005842,Taylor King,674-17-5090,ngray@example.net,HZKH19095653429875,66280.66,833.0,1
CUST_005843,Drew Taylor,175-17-6354,deanann@example.com,OTLX52298778422533,51788.93,673.0,0
CUST_005844,Catherine Sanchez,162-16-8086,eshepherd@example.org,KADE72725982965294,41755.68,608.0,1
CUST_005845,Robert Cline,438-02-6983,lance18@example.org,ZFLI97260778562556,28794.73,717.0,0
CUST_005846,Jacqueline Gibson,811-05-4902,greenebreanna@example.net,TOUJ24035004452566,52017.98,419.0,0
CUST_005847,John Tucker,620-15-1830,woodsteven@example.org,KKGC22766447728941,73803.75,491.0,0
CUST_005848,Megan Bailey,647-24-9982,masonadrienne@example.org,TKAX26859736974754,27676.06,713.0,0
CUST_005849,Patrick Alvarez,028-39-0016,robert04@example.com,PGAA02599672729291,31939.08,761.0,0
CUST_005850,Michael Reyes,097-95-7396,kingkatherine@example.com,WOTS38070717851414,65740.34,797.0,0
CUST_005851,Scott Lewis,570-33-5296,maldonadohannah@example.net,UJWX87273725247380,46874.21,718.0,0
CUST_005852,Savannah Mendoza,101-45-5304,beckymathis@example.net,WSTL83063744256136,25736.59,806.0,0
CUST_005853,David Rodriguez MD,251013665,robert31@example.net,BFYX23381621994773,62223.75,487.0,0
CUST_005854,Misty Taylor,142-63-4616,uboyer@example.net,FXOU18339570593971,18408.19,540.0,0
CUST_005855,Nicole Cervantes,731-57-5217,padilladaisy@example.org,MYBB51314567751032,68711.93,310.0,0
CUST_005856,Emily Anderson,299-87-7499,pdavidson@example.com,KLRU02360772059111,6331.0,814.0,0
CUST_005857,Julie Smith,647-47-7021,nicholas93@example.com,YAAF71520906939551,62682.54,671.0,0
CUST_005858,Mark Graves,486-03-0836,oaguirre@example.com,BDEO79985375030143,10817.9,497.0,0
CUST_005859,Alicia Armstrong,779957338,davischarles@example.com,PAZE86179316988678,55136.51,802.0,0
CUST_005860,Christie Browning,782167394,,VOON60606145738069,45402.93,616.0,0
CUST_005861,Laura Myers,338166267,janehenry@example.net,ENMG84531699508230,73062.89,336.0,0
CUST_005862,Stacey Lopez,764-93-4699,bishopangela@example.com,ETHQ67395284159968,56305.99,615.0,0
CUST_005863,Jackson Baldwin,413-60-7733,tanya49@example.net,EOKH76175083148724,74015.35,511.0,0
CUST_005864,James Klein,855530290,zbrown@example.net,QCAH39633250972567,25286.32,723.0,0
CUST_005865,Troy Cook,395-52-4007,ianguerrero@example.net,EBVO45128786263365,72383.3,303.0,0
CUST_005866,Lisa Baker,717277168,cookjesse@example.org,DMKQ76119359972482,43493.22,817.0,0
CUST_005867,Richard Wang,635-05-0599,wilsonlouis@example.org,GAAS56886657189372,24780.48,365.0,0
CUST_005868,Jessica Gates,209-74-4601,,VZQF84081698286075,5434.46,796.0,0
CUST_005869,Kevin Grimes,888-58-2190,robert92@example.com,ZWYN09161965557889,31504.36,702.0,0
CUST_005870,James Gallegos,226-03-1659,adalton@example.net,ODQO20465949690396,12726.61,375.0,0
CUST_005871,Stephanie Klein,337-17-6129,wilcoxjay@example.org,HQUL46922096640877,38414.33,644.0,0
CUST_005872,Maria Hensley,154-17-1586,,EASI22626297682744,53642.97,584.0,1
CUST_005873,Theresa Rice,668-45-7782,jennifer89@example.org,TDNJ19543921674248,25550.23,502.0,0
CUST_005874,Karen Davis,582-38-4113,blakeandrew@example.net,DZEQ28478300733248,55342.78,429.0,0
CUST_005875,Bruce Burns,839-30-0655,johnrice@example.com,AFGK61173065052310,62200.28,650.0,0
CUST_005876,Gregory Allen,270801075,rangelkimberly@example.net,CZJZ81792659043824,27371.1,813.0,0
CUST_005877,Jose Lopez,718-72-7075,barbarawilkinson@example.net,DBXI95723634709570,64288.33,707.0,0
CUST_005878,Jeremy Morgan,003-12-7037,chapmanmichael@example.org,IFML63353112808547,40406.71,373.0,0
CUST_005879,Michael Robinson,818767062,thorton@example.net,HBKZ81584971618368,17465.89,814.0,1
CUST_005880,Jill Aguirre,738-43-4314,leslieortiz@example.net,KHWX16321912558822,8620.7,778.0,0
CUST_005881,Alexandria Fox,109399710,nmorton@example.org,EMWY76925178486254,54304.12,718.0,0
CUST_005882,Gary Wallace,105-78-5457,gmason@example.com,KHRR22382889270101,67618.07,470.0,1
CUST_005883,Sarah Kent,082-59-0869,thorntondanielle@example.net,ZBAA24007169032890,62895.93,635.0,0
CUST_005884,Mark Jones,031-82-8009,valerie86@example.com,OJCM95852460448085,66647.46,434.0,0
CUST_005885,Robert Smith,002-55-8453,robertrodgers@example.org,UFDV59718961372997,13823.25,562.0,0
CUST_005886,Jacob Perry,419-60-2254,eric77@example.com,GYZK67244312701048,30400.58,704.0,0
CUST_005887,Christopher Gill,518072949,cookjamie@example.com,PRXE54143499875214,32488.17,648.0,0
CUST_005888,Jeff Henderson,216-73-9453,qbennett@example.net,ELYD92131386503346,67056.86,392.0,0
CUST_005889,Jason George,486-93-1426,kimberlymedina@example.net,HHJF58591193509842,38425.41,445.0,1
CUST_005890,Scott Gray,126-35-4419,,XAVB49700400393656,57182.16,492.0,0
CUST_005891,Andrea Wright,825-06-7006,lcalderon@example.com,XLLO75380157185219,6065.5,770.0,0
CUST_005892,Catherine Smith,731-13-5118,ydavis@example.org,KXUF76564653140074,16845.42,335.0,0
CUST_005893,William Wolfe,433-90-3683,thomasthomas@example.net,ZKGV27654963279351,9753.82,443.0,0
CUST_005894,Patrick Riley,504-92-7463,kacosta@example.net,LFGR00363618820730,15707.14,402.0,1
CUST_005895,Joel Francis,225431092,owilson@example.com,OVXY26038073842432,31732.72,788.0,0
CUST_005896,Maria Gilmore,260-86-8429,ghall@example.org,MDHD63948280073808,48338.54,528.0,0
CUST_005897,Amanda Castillo,494-46-3132,uray@example.net,QRZZ75879559110720,26800.59,794.0,0
CUST_005898,Jodi Bishop,179738943,dylan59@example.com,TNDN91043846249921,25736.77,633.0,0
CUST_005899,David Mendoza,501-32-8441,hebertscott@example.com,VILJ99364577678741,30306.9,789.0,0
CUST_005900,Robin Gonzalez,601-35-4477,donald00@example.net,PYCC15494702815592,17921.15,701.0,0
CUST_005901,Michael Lang,133-27-4304,colleen38@example.com,XAIJ31622356780289,25299.81,735.0,1
CUST_005902,Alexander Williams Jr.,374-09-0121,ronald12@example.com,RGGA71494502703142,53760.47,351.0,0
CUST_005903,Taylor Day,212-71-1976,johnsonmark@example.com,IZRC71673216783233,3889.07,464.0,0
CUST_005904,Lynn Mooney,487-69-1417,jonesangela@example.com,ODRW95640736655942,12795.35,729.0,0
CUST_005905,Eric Smith,230-13-3117,randrews@example.net,VZWN26701420291606,3177.13,333.0,0
CUST_005906,Lisa Miller,809-89-0874,georgegordon@example.org,TXVP91876267486937,58358.33,695.0,0
CUST_005907,Joel Carpenter,892-64-2808,carolbrown@example.org,XEVJ96171398957740,481.21,326.0,0
CUST_005908,Carrie Gutierrez,468-81-0395,daniel12@example.org,KWZL58943880859149,2136.62,514.0,0
CUST_005909,Jeffrey Harrell,311-93-0516,vazquezcatherine@example.com,XNSL10058424051525,56749.86,537.0,0
CUST_005910,Tammy Cole,404-63-0418,christopherhart@example.org,TOZM62627933925953,56369.43,537.0,0
CUST_005911,Charles Huynh,739-05-8917,bobflores@example.com,VBTI86817586264820,7399.91,409.0,0
CUST_005912,Mr. David Carter,251185071,sheilawatson@example.org,PVHY22116788415792,39037.52,446.0,0
CUST_005913,Melinda Simmons,718622062,jenningsronnie@example.net,AAVS56891380807892,49352.31,559.0,0
CUST_005914,Mike Matthews,879-25-3521,calvin91@example.net,QXOA13550728404522,6037.28,342.0,0
CUST_005915,Erica Fitzpatrick,441-33-5236,rstokes@example.net,TATA22544668669324,43125.67,470.0,0
CUST_005916,Kathryn Weaver,538-87-2581,christinaparker@example.com,JEKS93069082345321,33360.3,337.0,0
CUST_005917,Jenna Hill,746-29-7532,jean63@example.org,FNPO17686732077423,40439.23,758.0,0
CUST_005918,Melissa Chandler,692-99-8883,angela21@example.net,BLWN69379653892242,74527.71,696.0,0
CUST_005919,Brandy Robertson,388342995,dale56@example.com,NJNJ40602822303244,67168.59,372.0,1
CUST_005920,Ryan Williams,483-89-2796,elizabethkane@example.org,TYIL20713801230764,15540.16,781.0,0
CUST_005921,Sherry Tran,592141210,swilkerson@example.org,ZYTV49492673973002,48761.97,321.0,0
CUST_005922,Kenneth Sweeney,495-28-8944,ikidd@example.com,VKHF86512386901390,56595.17,509.0,0
CUST_005923,Catherine Johnson,251177267,grayheather@example.net,HJTV08784561355801,13117.22,,0
CUST_005924,Victoria Jefferson,126-39-6009,curtiscurtis@example.org,NWVX94303919603024,69972.07,381.0,0
CUST_005925,Zachary Montgomery,401-27-3981,lewisamanda@example.com,MLBA17747373278232,5364.77,781.0,0
CUST_005926,Brad Ramos,088-07-6252,woodwardsamuel@example.org,DALB54810548246974,63087.31,805.0,0
CUST_005927,Jeffrey Alvarado,822891957,shannon48@example.net,BGUE93534725427145,49699.42,438.0,0
CUST_005928,Gina Collins,794-08-8221,twebb@example.org,POOO43723937287798,72744.32,754.0,0
CUST_005929,Charles Thompson,866528609,bennettlarry@example.org,UHOA91004955985313,56306.31,490.0,0
CUST_005930,David Snyder,777-98-7180,hillsandra@example.com,HTPB12792754288472,32561.92,842.0,0
CUST_005931,Jasmine Howard,852961485,deckeralexander@example.net,YRQH54058790350450,44580.96,479.0,0
CUST_005932,Heather Bond,033-21-5824,sford@example.net,CBSH85321407764977,69218.86,588.0,0
CUST_005933,Michael Gonzales,288-83-6108,bruceleblanc@example.org,MLKT85404960714102,6653.23,616.0,0
CUST_005934,Kevin Murray,189030888,balexander@example.net,GIWZ61196953985347,53797.79,604.0,0
CUST_005935,Jessica Adams,049-43-9009,brianbryant@example.com,GJWW06845027128529,64133.22,442.0,0
CUST_005936,Amy Tran,150-42-4085,cyang@example.com,WUVM92942882034126,3164.06,415.0,0
CUST_005937,William Moore,455-28-8823,joseph24@example.net,PPTR32187499607168,61329.56,622.0,0
CUST_005938,Monica Maynard,785-70-3759,rramirez@example.net,YQMH49532430588749,64777.38,376.0,0
CUST_005939,Sally Riggs,133-70-8353,tsherman@example.net,WFJQ67079602227019,2299.33,677.0,0
CUST_005940,Jacqueline Mcknight,336-50-1931,michaelriddle@example.com,DVBX36345602732388,198.03,507.0,0
CUST_005941,Courtney Allen,540-87-9255,aaron81@example.com,XFLS82879241227468,19067.85,631.0,0
CUST_005942,Jose Owens,220-55-1486,tshaffer@example.org,LZZS57265405602155,31838.62,554.0,1
CUST_005943,Joe Holmes,399-51-9287,laura48@example.com,HEYL55013816421000,14807.66,546.0,0
CUST_005944,Miranda Wilcox,446-37-8491,jerrywade@example.com,BFWX51833823718348,46586.93,668.0,0
CUST_005945,Melissa Price,104-18-6881,julie41@example.net,DOMG86810290159386,23417.82,645.0,0
CUST_005946,Ann Barrera,891891035,kelly39@example.net,HTDE69081648124492,29883.35,848.0,0
CUST_005947,Trevor Horn,417-03-4320,jessica53@example.net,JIRO53506896591651,19835.44,448.0,0
CUST_005948,Douglas Watts,348-14-6126,costadaniel@example.net,QNFX14334610793184,28921.12,464.0,0
CUST_005949,Tim White,627-88-3715,sbaldwin@example.org,STJQ46524281345337,70132.13,556.0,0
CUST_005950,Judy Bauer,262-70-1609,jeremyvaughn@example.com,YIVE13917231939456,15777.8,780.0,0
CUST_005951,Olivia Gonzalez,039942368,andrewkrueger@example.org,BXTZ82639249526011,34953.58,754.0,0
CUST_005952,Garrett Schwartz DDS,813-08-4244,nelsonbobby@example.com,FTWP34979145575178,74311.21,493.0,1
CUST_005953,Joseph Newman,654-25-6316,sydneymclaughlin@example.org,GWFU62120393553082,71332.4,392.0,0
CUST_005954,Joshua Briggs DVM,048-33-6433,,BVOS94808707989223,16330.48,822.0,0
CUST_005955,William Taylor,489166592,dthompson@example.com,NYSY63351006478552,29077.7,656.0,0
CUST_005956,Jason Sparks,251-66-8834,henrysamuel@example.net,ULAM44696614674060,37385.91,581.0,0
CUST_005957,Amy Meyer,614-94-1431,miguel38@example.com,YDOT41491952571544,23531.47,842.0,1
CUST_005958,Madeline Gibson,571-74-7784,slove@example.com,XVLL17372883227721,3363.03,537.0,0
CUST_005959,Bryan Ellis,867-55-2935,sextonjuan@example.org,OTYN44659408708081,37634.02,741.0,0
CUST_005960,Arthur Sanchez,871-14-3825,mark47@example.com,BGSP98849379696756,22780.55,757.0,0
CUST_005961,Crystal Beasley,630935236,lindsaymoore@example.com,WWRS07206461391659,7069.76,815.0,0
CUST_005962,Phillip Higgins,629-03-4465,autumnmills@example.net,BSPW35069931322136,58349.28,675.0,0
CUST_005963,Michael Hill,176-87-8977,garciaryan@example.net,JODD92485923940282,39986.63,695.0,0
CUST_005964,Jeffrey Martin,277455059,sarah59@example.com,DORN58737814832565,51234.3,836.0,0
CUST_005965,Natalie Moore,756-09-5171,matthew30@example.net,JZWO75508626140448,12334.89,670.0,0
CUST_005966,Michael Ruiz,516892735,ferrelldawn@example.net,SEZX33197105108603,21355.72,778.0,1
CUST_005967,Keith Klein,244-83-7875,michaelfowler@example.net,KKII47171474265608,14777.98,316.0,0
CUST_005968,Brian Houston,779-57-8103,,WYWR13697602546041,55688.59,455.0,0
CUST_005969,Summer Choi,306-02-7408,aanderson@example.com,TMVH71629969724735,30094.54,350.0,0
CUST_005970,Carly Meyer,724-86-8316,lcox@example.com,YYDC84605763574901,20737.22,382.0,0
CUST_005971,Wendy Schneider,480064403,anthonymiller@example.com,SDFG94301721448660,48725.84,527.0,0
CUST_005972,David Williams,394121126,kyle14@example.com,DMQA48629899861107,53356.39,400.0,0
CUST_005973,Rebecca Gibson,596847029,johnsonlisa@example.org,MCPE21968101889366,56256.19,447.0,0
CUST_005974,Christopher Bray,421-30-9079,lewisjessica@example.com,FFQY12998037571603,56134.85,846.0,0
CUST_005975,Robert Shepherd,350706642,smartinez@example.org,XXSJ99491382488327,28066.37,466.0,1
CUST_005976,Randy Leonard,072-36-7217,shannonwright@example.net,AUXM79615883243998,-361.62,619.0,0
CUST_005977,David Johnson,109-51-8973,pknight@example.com,FTRK83799654799426,30800.19,344.0,0
CUST_005978,Karen Roberts,853-23-9364,david40@example.net,YWOY45529571152723,-37.39,728.0,0
CUST_005979,Ryan Griffin,707-24-8236,randysmith@example.net,VYKG97613587825423,24830.28,823.0,0
CUST_005980,Edward Farmer,576-71-3166,johnsonkarina@example.net,WYYW53650153179019,66786.2,437.0,1
CUST_005981,Julie Alexander,758-79-9098,vlamb@example.com,ZKNE31107452157653,46799.73,594.0,0
CUST_005982,Tracy Sandoval,451-84-6540,acooper@example.net,TWGG29262799365513,10636.35,377.0,0
CUST_005983,Sean Harris,446-42-7768,elizabeth59@example.org,YXUF41851928802600,11042.16,516.0,0
CUST_005984,Janice Becker,379446164,radams@example.com,MTJK49162343217742,63458.9,314.0,0
CUST_005985,Megan Gonzalez,705-75-4654,stacey07@example.net,RAGJ50845733677699,34536.13,475.0,0
CUST_005986,Brian Brown,079-53-4982,qdavis@example.com,EXNA15723398013401,1427.85,654.0,0
CUST_005987,Kristy Bell,157441239,trevinoteresa@example.net,VOPU15064074154547,6618.59,647.0,0
CUST_005988,Judy Russell,273-07-0705,aclark@example.com,DXUA12252413601456,57178.93,560.0,0
CUST_005989,Thomas Hall,891264028,emilyhorton@example.org,AUSL76106535079609,4482.07,469.0,0
CUST_005990,Cheryl Fletcher MD,450-60-9065,brian17@example.com,IZSL92383580604935,58616.71,819.0,1
CUST_005991,Francisco Chan,897485384,martinjonathan@example.net,LFYY93692189840504,13165.32,821.0,0
CUST_005992,Shelby Mckinney,764-95-9780,kevinparker@example.com,IGJK71685094939940,32756.8,701.0,0
CUST_005993,Matthew Diaz,320-91-9210,tanya50@example.org,WOGV58848750738642,31973.4,642.0,1
CUST_005994,Gary Briggs,228-31-5821,xwoods@example.org,LMNS61717336767474,16711.97,439.0,0
CUST_005995,Nathan Crosby,409-44-7240,gentrychristina@example.org,SWON86489219091413,21798.65,355.0,0
CUST_005996,Alexis Robbins,719-43-8735,jason16@example.org,NAKN19457951079158,55511.12,472.0,0
CUST_005997,Kim Stevens,524-75-8216,gsmith@example.com,FXOW79215775981084,17598.0,535.0,0
CUST_005998,Timothy Adams,406-82-0212,fweaver@example.org,ZERW96374641691625,71135.02,537.0,0
CUST_005999,Robin Tucker,502-17-6108,penny92@example.org,XWTQ37552068436516,44186.26,458.0,0
CUST_006000,Allen Smith,773-66-0413,edward82@example.org,GUSP35187111665687,13926.34,326.0,0
CUST_006001,James Mosley,032-72-7528,johnsontimothy@example.com,KOMB07950084266832,30565.58,551.0,0
CUST_006002,James Ortega,219-01-4909,kendrameyer@example.com,UUHM32444999084335,1036.71,358.0,0
CUST_006003,Geoffrey Armstrong,419279797,dbarber@example.com,MMED44491244962649,49389.71,642.0,0
CUST_006004,Amanda Harris,037-24-2070,zmorgan@example.org,FORV65378511955886,15460.98,799.0,0
CUST_006005,Gregory Davis,235-61-8274,sjohnson@example.com,ESZZ87530126353561,18915.25,537.0,0
CUST_006006,Christopher Watson,484-44-4520,donnaanthony@example.com,JEWG86249918131801,18482.54,310.0,0
CUST_006007,Johnny Mccoy,084-41-6033,christensenlisa@example.net,HBZY63008566556842,66669.67,583.0,1
CUST_006008,Tony Lawrence,790-03-7904,heatherscott@example.org,JDHM81903811519433,56450.56,790.0,0
CUST_006009,Nicole Cooper,617-47-3650,johnsongary@example.com,RCOT66770044406185,-129.14,438.0,0
CUST_006010,Jeffrey Scott,728-14-7454,levans@example.com,NNMU76936534594591,66064.28,781.0,0
CUST_006011,Shelley Mcguire,082-40-2568,rebeccasanders@example.net,BMLA48430838691269,14068.53,829.0,0
CUST_006012,Ethan Wolf,395-44-2923,bergbrian@example.net,KHFT03861154062956,9523.29,846.0,0
CUST_006013,Emily Day,779-76-0149,,VPSA23476709001917,43355.24,673.0,0
CUST_006014,Mary Chase,604-57-1428,erojas@example.org,OAGY67082423638293,24309.99,751.0,0
CUST_006015,Sabrina Lin,213-28-3952,msmith@example.net,VJEK58688340426657,71009.7,352.0,0
CUST_006016,Sally Davidson,899545729,ymartinez@example.org,CLHX84238626985195,39004.6,770.0,0
CUST_006017,Mary Smith,866-61-8961,qmorse@example.com,LJXS36354957888732,25041.88,799.0,0
CUST_006018,Kelly Richardson,364-28-5516,samuel19@example.net,KKZB34248982941132,38393.28,525.0,0
CUST_006019,Whitney Johnson,046-31-7245,jessicacrosby@example.net,LNTP27091247513440,44755.88,438.0,0
CUST_006020,Sherry Burns,588-80-6450,evan60@example.net,SRDV59731953485617,40066.08,654.0,0
CUST_006021,Marissa Robertson,432-18-0329,taylorcarmen@example.net,KJUQ82360229983276,17373.86,330.0,0
CUST_006022,Sarah Richards,749-72-9823,wolfcourtney@example.net,VGIR94660109531728,53845.5,766.0,1
CUST_006023,Adam Mcdonald,414447953,lopezparker@example.com,GBHX36220889802877,48892.36,774.0,0
CUST_006024,Michelle James,754-25-5769,pwaller@example.com,GGQM75912063499047,73711.25,769.0,0
CUST_006025,Jeremiah Doyle,622-61-8574,elizabethjohnson@example.com,BYPN37149976581213,73238.01,644.0,0
CUST_006026,Kyle Adams,738-82-4691,srodriguez@example.com,DSMZ42211172860367,58374.54,332.0,0
CUST_006027,Sierra Contreras,075-17-5524,judytaylor@example.net,MEJH44120328862840,15022.34,711.0,0
CUST_006028,Matthew Wilson,507-59-9296,tsingh@example.org,WCOK51591579748072,38676.1,320.0,0
CUST_006029,Jennifer Martinez,608-80-9785,,UJZS77414648995157,23189.74,584.0,1
CUST_006030,Robert Holmes,164-85-7528,smithkim@example.org,LOWL61467926148808,60286.32,814.0,0
CUST_006031,Chad Warren,728-97-7824,amyfuentes@example.net,MDED25981968705111,50645.97,734.0,1
CUST_006032,Lisa Black,823733506,jamiethompson@example.org,KDSU00204911957713,34425.84,537.0,0
CUST_006033,Mary Miller,401-29-9427,osullivan@example.net,BPYI77487842130971,40121.16,639.0,0
CUST_006034,Tony Wilson,171-31-3908,xallen@example.net,SDME33441825534633,68424.71,448.0,0
CUST_006035,Kelly Davies,821-06-8732,jessicawolfe@example.com,ZOQI77259089020170,4534.03,447.0,0
CUST_006036,Carla Jones,273-94-3774,fitzgeraldrhonda@example.org,ADCZ50416910982682,56739.56,846.0,0
CUST_006037,Richard Buchanan,533-91-8452,dawnortiz@example.org,DRQB03544373262528,50369.66,365.0,0
CUST_006038,Heather Hines,110-38-6180,crichardson@example.org,HSXN63356353448134,53787.72,656.0,0
CUST_006039,Lauren Mueller,822-55-3739,wayne03@example.com,FRMR72535541393573,34622.55,532.0,0
CUST_006040,Kristine Evans,801553196,fclark@example.org,XXKK06886119120116,14841.74,842.0,0
CUST_006041,Kevin Barrett,631-38-2960,ulee@example.net,PALC13263459790514,61529.32,745.0,0
CUST_006042,Mathew Cox,608-65-5527,,OCTX49277759515913,63478.31,577.0,0
CUST_006043,Daniel Williamson,671-71-0835,,ECXU51809864590411,2233.8,755.0,0
CUST_006044,Danielle Smith,656-82-9668,clarkheidi@example.net,QZVZ09162023134024,8789.32,732.0,0
CUST_006045,Kathy Rodriguez,757-84-4838,richard34@example.org,ATUZ25421203279803,36213.19,720.0,0
CUST_006046,Julie Strickland,309-61-5996,yjones@example.org,SVRG51312000843437,67327.35,612.0,0
CUST_006047,Sarah Gonzalez,816-85-7424,xbush@example.org,RWFV41800282423502,43946.12,797.0,0
CUST_006048,Jesse Cook,248-55-3035,shannon49@example.net,LLKD26376582740694,8175.51,791.0,0
CUST_006049,Kaylee Campbell,222-72-7648,wattsmary@example.net,KQAV81944757650180,23788.56,582.0,0
CUST_006050,Russell Hernandez,696992724,jquinn@example.net,IQGZ58412840981944,62641.81,549.0,1
CUST_006051,Christopher Preston,307-05-6911,allison45@example.com,RGUA13935032753508,52414.29,492.0,1
CUST_006052,Mr. Howard Burke MD,393-57-6749,jlopez@example.com,JZUK51038073702472,44051.86,740.0,0
CUST_006053,Amber Pennington,704-32-4733,traviscuevas@example.net,JPRQ44696730820313,53461.01,302.0,0
CUST_006054,Gary Wright,179-61-6007,susanhenry@example.net,VFVH55646051084537,1011.56,362.0,1
CUST_006055,Christopher Powers,744-18-1600,smitharthur@example.net,WCKI63803733288003,3028.97,423.0,0
CUST_006056,Hannah Larson,593-75-3782,davidromero@example.net,AIGK16952277898800,34596.04,451.0,0
CUST_006057,David Jones,132-20-6921,rogernash@example.net,HBNW95531714976690,66041.66,779.0,0
CUST_006058,Victor Smith,209-24-6357,davisjason@example.org,NMXO38487621378727,30487.83,602.0,0
CUST_006059,Brenda Alexander,244-35-6077,nguzman@example.net,PRWK52912369278956,68716.45,601.0,0
CUST_006060,Billy Cain,412-85-1654,brownjeffery@example.com,LHDC18017788541054,30243.77,707.0,0
CUST_006061,Alyssa Hunt,185-76-4018,kaylanguyen@example.com,QKFO89204905744488,10359.66,656.0,0
CUST_006062,Misty Fitzgerald,516-81-0748,johnbowers@example.net,NFSE78304488036545,17026.16,368.0,0
CUST_006063,Ashley Aguirre,689-88-5023,timothy44@example.org,AULY25788767602731,9021.36,728.0,0
CUST_006064,Taylor Johnson,606-92-3567,vaughngregory@example.com,BGLW02193117423704,38184.15,,0
CUST_006065,Betty Ryan,416738376,icontreras@example.net,RPAU34062161291141,7616.2,659.0,0
CUST_006066,Colleen Kirk,244-87-0602,jennifergreen@example.org,VEGV48907181916851,18931.16,782.0,0
CUST_006067,Steven Simpson,507-56-8198,john80@example.org,IPRV38868738888832,3684.43,742.0,0
CUST_006068,James Burns,024-74-1699,balljeffery@example.org,SJSE83037495660856,-178.78,539.0,0
CUST_006069,Catherine Williams,488-85-6416,jessicahudson@example.org,DBPR58507863296463,8100.91,721.0,1
CUST_006070,Kyle Lawrence,241-27-2398,bradley07@example.com,JYWV36503530113183,70851.09,812.0,0
CUST_006071,Robert Stark,138-96-2729,beverlyanderson@example.org,GKXK48839702712037,27109.82,369.0,0
CUST_006072,Alexis Jones,222-53-8702,ramirezcharles@example.com,YXOL48364177334201,16438.53,418.0,0
CUST_006073,Charles Watson,565-78-6523,randolphjennifer@example.net,PFOT03285340512112,70120.66,694.0,0
CUST_006074,Mary Reynolds,040-86-7647,oserrano@example.org,OZPG57453154256192,23305.37,330.0,0
CUST_006075,Michael Riley,830849330,fowlerangela@example.com,VOHD40804088445420,37078.31,672.0,1
CUST_006076,Matthew Wilson,591-15-4063,davismonica@example.com,NQFI27363324933188,29585.06,804.0,1
CUST_006077,Marisa Gutierrez,814-44-1393,jaredmartinez@example.com,RLLS44402715480980,25447.3,744.0,0
CUST_006078,Debra Butler,760-21-9325,ojordan@example.com,VHVN72631732744971,10860.42,708.0,0
CUST_006079,Richard Gonzalez,431-03-1616,turnerdaniel@example.com,ENNG15864459507515,24771.83,654.0,0
CUST_006080,Jose Nelson,697-48-2225,andrewdonovan@example.org,AMMS54450518965913,65377.95,757.0,0
CUST_006081,Lucas James,119738261,johnsonpeter@example.org,TAMQ02649060496506,65750.85,556.0,0
CUST_006082,Michael Trujillo,139-17-2171,gomezdavid@example.net,GGIY72042265316581,60097.46,573.0,0
CUST_006083,Jason Brewer,116038828,flynndawn@example.net,IHSS58194529326148,1001.99,367.0,0
CUST_006084,Samantha Martin,077168770,christopherhughes@example.com,UASO11604114251501,70312.77,726.0,0
CUST_006085,Sandy White,426101841,fraziermelissa@example.com,TAPB03978551169512,10726.62,741.0,0
CUST_006086,Sophia Day,091-75-3013,qhernandez@example.net,NKRA88002220068874,50473.66,567.0,1
CUST_006087,Dominique Castro,423-16-8697,wrightteresa@example.com,HPON30478559404747,6655.92,302.0,0
CUST_006088,Jennifer Fields,299-51-2882,andreamcknight@example.net,OCUC84650318618236,32926.0,848.0,0
CUST_006089,Patricia Vazquez,354-57-0963,hayleybrooks@example.net,YNKL75772791902990,49201.35,552.0,0
CUST_006090,Christina Bailey,251-89-2038,jsexton@example.net,ZUIF59908130400776,68757.22,422.0,0
CUST_006091,Nathan Kirby,233-62-2444,,HVTY63151405549928,69409.43,555.0,0
CUST_006092,Richard Wall,722512283,teresa53@example.org,NGTH88062353958725,40408.91,312.0,0
CUST_006093,Rebecca Gates,086-10-8271,halljuan@example.org,YQNW44592582237327,8615.74,316.0,0
CUST_006094,Tina Barrett,674-09-3116,matthewmcmahon@example.net,PVXS40977270737561,2016.52,415.0,0
CUST_006095,Thomas Rose,505-56-9400,matthew52@example.net,OTJM81621215114748,53120.38,649.0,1
CUST_006096,Ariel Deleon,765-68-2851,livingstonlarry@example.org,EYAU96813038931468,60051.93,338.0,0
CUST_006097,Courtney Perez,096-97-2318,carriemiller@example.org,VSCP51124456586804,6839.61,724.0,0
CUST_006098,Jordan Castro,751-06-2170,moorekevin@example.com,HKYX41431213629791,5169.02,597.0,1
CUST_006099,Ashley Collier,650-88-5871,chandlerphilip@example.com,GXPS78142776630454,10386.09,417.0,0
CUST_006100,Jason Krueger,610-41-9409,kmullins@example.net,STYU00673219260360,64728.23,706.0,0
CUST_006101,Thomas Nguyen,059491659,zjones@example.net,IOIQ34636196208639,37948.24,569.0,0
CUST_006102,Theresa Nichols,625174442,jesus41@example.org,XZNS74727952077376,12498.32,304.0,0
CUST_006103,Tanner Salazar,852-37-9181,keith37@example.net,HASJ42687957269068,63178.88,743.0,0
CUST_006104,Joseph Nash,147-49-2910,sarah33@example.net,ILQR20859511226480,65313.57,729.0,0
CUST_006105,John Chan,861349788,jayrichards@example.net,HGWJ28925648173243,6789.61,323.0,0
CUST_006106,Heather Morrison,185343797,adamhurst@example.com,UENA99142564549177,17251.63,813.0,0
CUST_006107,Benjamin Collins,852-52-2072,sanchezjames@example.net,HQWO95652977857051,19935.59,340.0,0
CUST_006108,Lee Brown,230-89-0991,brooke15@example.net,YWIG77509429429425,65751.84,494.0,0
CUST_006109,Brenda Porter,827-72-5539,wjenkins@example.com,VHKU94472251713865,35118.16,451.0,1
CUST_006110,Larry Schmidt,143-86-7404,angel21@example.net,YQFR56026286760140,36434.41,560.0,0
CUST_006111,Timothy Martin,269-90-4711,umitchell@example.org,LBFB55114371992948,64913.73,672.0,0
CUST_006112,Rebecca Soto,414-03-2342,,REIS56072312478793,40578.65,421.0,0
CUST_006113,Taylor Williams,622-29-7881,,UUTJ82501478139233,43033.96,619.0,1
CUST_006114,Michelle Morrison,164-87-6925,tammy36@example.com,NGXK69686695270405,61076.21,585.0,0
CUST_006115,Nancy Williams,359-31-0657,ramirezheather@example.net,JPIL56341664220312,42127.19,822.0,0
CUST_006116,Doris Hernandez,787-72-2626,adamruiz@example.com,FVOV76291797438696,28257.23,500.0,0
CUST_006117,Andrew Parker,795-20-3103,john83@example.com,SZVQ47510846258310,71366.37,746.0,0
CUST_006118,Andre Christian,829-97-7636,tcollins@example.net,BYHI47367762528816,60368.14,781.0,0
CUST_006119,Denise Dean,431-19-5266,weberlaura@example.net,VQHT97043859406392,55334.51,652.0,1
CUST_006120,Michael Campos,344-36-4682,ebest@example.net,JPMN66554413008560,56004.12,333.0,0
CUST_006121,Lisa Bradley,833-29-5431,erin95@example.com,EHPY41135796736373,9632.2,826.0,0
CUST_006122,Rachel Holt,596192955,sloanmonica@example.org,UIVM03204430433053,1518.55,433.0,0
CUST_006123,Eric Hodges,320-63-4717,evanssamantha@example.net,FKRE21527010815586,28686.39,593.0,0
CUST_006124,Sheila Clark,747-71-5312,walkeramber@example.org,NDBG41928505103813,6708.92,588.0,0
CUST_006125,John Schneider,418-79-8410,pbrown@example.net,SKVM28991164260625,71208.43,426.0,0
CUST_006126,Cody Buchanan,295-99-2461,justin06@example.org,NSMB42644608988747,34883.85,351.0,1
CUST_006127,Allison Villanueva,058-24-8395,matthewwise@example.org,HRJG00273117879009,35037.42,439.0,0
CUST_006128,David Miller,867-22-1491,smithjack@example.org,YJBH64891785595377,4144.53,301.0,0
CUST_006129,Walter Waters,241-35-9854,lyonsjoseph@example.net,PSCH94500763188282,41614.59,703.0,0
CUST_006130,Elizabeth Krueger,215-63-8281,wilsondavid@example.org,YBSK41702997369267,35413.68,654.0,0
CUST_006131,Jill Jones,388362046,hernandezallen@example.org,CRKY03504528535820,10256.26,632.0,0
CUST_006132,Maureen King,741-61-8357,liudonna@example.net,LWHN46251212478765,9175.23,804.0,0
CUST_006133,Richard Martin,568-63-8005,drewsmith@example.com,QLOL76620897598647,33165.55,647.0,0
CUST_006134,Shelly Lowery,355-87-8811,parsonsdonna@example.org,GMZA74387681082580,65733.44,491.0,0
CUST_006135,Paula Garcia,610-71-9104,rochamichelle@example.net,YGWF97408596726212,74643.7,532.0,0
CUST_006136,Kimberly Ross,704402423,brendafrancis@example.org,UMKR94562312189145,53218.56,847.0,0
CUST_006137,Christine Mayer,789-98-3716,sarafrye@example.net,EAOI13067013215814,58674.69,592.0,0
CUST_006138,Julia Garcia,746-27-2183,rcamacho@example.net,LHEC67186632944628,57775.29,552.0,0
CUST_006139,Sarah Kirk,473-69-2258,wattsmegan@example.com,JQCW02591949151688,35347.7,692.0,0
CUST_006140,Clayton Garcia,246-98-7397,denisejones@example.org,TUOB46379538820964,12913.2,648.0,0
CUST_006141,Nathan Austin,022-90-5258,davidsonjoel@example.org,OBOY80676701470397,69995.13,617.0,0
CUST_006142,Victoria Allen,688-32-3231,gary09@example.net,AZPQ27991333463306,35302.16,596.0,0
CUST_006143,Andrew Stephens,571-87-6753,bakertheresa@example.org,YAXP74854192328181,59379.52,832.0,1
CUST_006144,Rita Collins,699-46-0317,rileyariel@example.com,DKAM31942668955786,30777.0,380.0,0
CUST_006145,David Martin,867596315,abenson@example.com,FLPD09974789557163,58410.24,635.0,1
CUST_006146,Juan Thomas MD,036-79-3504,timothymalone@example.com,EXHZ98764485224610,53281.84,643.0,0
CUST_006147,Melinda Hernandez,747-08-3846,amandapineda@example.com,TXOX07825495843253,47092.53,389.0,0
CUST_006148,Debra Perez,608-35-2355,bradleyalison@example.net,BZCJ99637508718713,9891.77,501.0,0
CUST_006149,Richard Jackson,375-01-1286,smithmaurice@example.net,WKEP05247943716552,21550.51,805.0,0
CUST_006150,Jose Mack,801999103,ustanton@example.com,SMPZ31136495366001,47190.54,438.0,0
CUST_006151,Robin Mendoza,588-86-3826,brucecorey@example.com,ANBO36095678136939,1776.95,561.0,0
CUST_006152,Cindy Medina,586731789,martinbobby@example.org,LYWI42281991809491,29330.99,627.0,0
CUST_006153,Kimberly Simmons,196-94-2719,oedwards@example.net,VNEE91893891200303,64961.58,343.0,0
CUST_006154,Cindy Dodson,116-32-9091,,TYGY12411488899889,50137.18,314.0,0
CUST_006155,Andrew Grant,826-67-8980,mtanner@example.org,AQHU31498557151871,26154.35,795.0,1
CUST_006156,Ronald Hutchinson,621-78-6871,tina80@example.net,BFWP50533607326298,50340.75,600.0,0
CUST_006157,Philip Chan,701156298,ltodd@example.com,RKIV72662456780221,25892.61,431.0,0
CUST_006158,Alexis Hayes,797-62-4316,fulleramanda@example.net,CAPV58843373832202,74555.15,417.0,0
CUST_006159,Timothy Bailey,565-33-4118,lorraine52@example.org,JRFQ07364511439867,13093.13,522.0,0
CUST_006160,Kimberly Bailey,454-11-5771,ostewart@example.com,BNEY04772661786408,17017.04,742.0,0
CUST_006161,Erin Taylor,186-32-6141,michaelnguyen@example.net,RUUS54118740601936,15557.03,433.0,0
CUST_006162,Laura Walker,220-30-1587,,DGRO26664573584530,23861.65,511.0,0
CUST_006163,Catherine Jones,372-60-5115,angelathomas@example.net,PUWA76836668465192,44744.55,562.0,0
CUST_006164,Ryan Watts,074-12-8298,qwatts@example.org,TTHL82811872923485,46895.24,822.0,0
CUST_006165,Amy Sellers,037-41-9867,mmartin@example.org,NXWX44208651679570,43019.8,336.0,0
CUST_006166,Eddie White,475-64-2031,xbailey@example.net,BVXN47150544107903,73440.72,809.0,0
CUST_006167,Elizabeth Curtis,642-27-0331,lisa73@example.com,OWMA48626421142259,68704.29,392.0,0
CUST_006168,Jeffrey Sandoval,496-42-8739,dennisanthony@example.org,MAGM76545342800271,27303.05,733.0,0
CUST_006169,Brian Bennett,540-61-0604,ruthcannon@example.com,PCXS24426380170656,15960.8,656.0,0
CUST_006170,Luis Tapia,124-98-6438,ericvalencia@example.net,ANEU19176778005313,27564.48,447.0,1
CUST_006171,Susan Fletcher,141-26-2459,,CNLS60543770455096,28171.75,511.0,0
CUST_006172,Jonathan Adams,245-65-2153,bradycraig@example.com,JQXQ75853415248160,55831.88,811.0,0
CUST_006173,David Torres,152-03-5483,cporter@example.com,BKWZ33508221245296,34324.5,695.0,0
CUST_006174,Dr. Michelle Scott,396-30-5969,oerickson@example.org,WEJV65146738856867,4934.22,687.0,0
CUST_006175,Jesus Oliver,826-12-1473,josecoleman@example.org,ZAIF35120627495782,49047.69,542.0,0
CUST_006176,Sharon Porter,762-49-3565,amy77@example.com,CGZN20828605497222,32825.5,703.0,0
CUST_006177,Megan Robinson,011-80-7361,selena80@example.com,JXZA49695957146384,43521.67,365.0,0
CUST_006178,Kathleen Hester,098-13-6499,phillip89@example.org,GCPR97835639242913,15937.26,316.0,0
CUST_006179,Dr. David Anderson PhD,231-52-3411,laura54@example.net,ZZKY10491312676129,8418.08,355.0,0
CUST_006180,Ricky Clark,560061490,scarroll@example.net,EEXI90509600265121,34405.2,356.0,0
CUST_006181,Kevin Garcia,432-70-7866,cassiebeck@example.org,WRCG66522837969270,55437.62,672.0,0
CUST_006182,Ashley Hartman,562-03-7263,tcoffey@example.org,XGHE87462172714016,54574.99,552.0,0
CUST_006183,Sarah Wu,728-23-7506,bradshawashley@example.net,DNPD00709543828594,66456.31,624.0,0
CUST_006184,Danielle Wagner,246696770,peter24@example.net,XORO34655543415157,4119.78,669.0,0
CUST_006185,Linda Robbins,615-69-7670,richardgonzalez@example.com,OBGY95423822172183,6232.47,486.0,0
CUST_006186,Stephen Clements,630-16-0786,amanda20@example.org,QVKB00483505593645,69748.83,633.0,0
CUST_006187,Jennifer Edwards,425084073,andreajones@example.org,BNUE00257329125629,214.65,430.0,0
CUST_006188,Shannon Watson,693-24-9206,kyle61@example.net,TZIE99169449951649,73536.01,700.0,0
CUST_006189,Kaitlyn Allen,405455167,zacharydavis@example.org,CORQ37497550646486,11323.6,555.0,0
CUST_006190,Seth Hudson,153-36-3626,colton29@example.com,JGIW50020459615176,37229.02,385.0,0
CUST_006191,Heather Reid,421-55-5277,robert89@example.com,NOFE15606555539064,12545.01,683.0,0
CUST_006192,Clayton Silva,335-98-9050,terri65@example.net,OQVZ32384093536352,35205.55,673.0,0
CUST_006193,Gina Taylor,866873568,jessicawalsh@example.com,PYGY08895137274867,26795.6,432.0,0
CUST_006194,Harold Smith,768447580,eric31@example.net,IATM12024657267120,74118.12,747.0,0
CUST_006195,Diane Wright,496-16-3864,chanshannon@example.net,SWUR78438233013597,58257.98,481.0,0
CUST_006196,Christine Rodriguez,544-05-4929,morganmakayla@example.org,OXFP18452310236781,40509.17,749.0,0
CUST_006197,Gina Davis,435-52-9897,jeffrey90@example.net,XDRR26032724875534,25981.61,719.0,0
CUST_006198,Kara Browning,646560499,rodriguezwalter@example.net,BKNX78273112015053,63712.19,810.0,0
CUST_006199,Tina Brady,841220790,hansonjason@example.org,XYDN50746807488296,51175.85,832.0,0
CUST_006200,Kevin Fitzpatrick,685-99-4498,,KNPM95980585465649,41072.42,661.0,0
CUST_006201,Cody Taylor,527-69-1662,whitedon@example.net,IFHP77855459769398,35753.82,712.0,0
CUST_006202,Claudia Jacobs,338620972,andrew05@example.org,GNDG09440461736377,55911.63,646.0,0
CUST_006203,Michael Grimes,625-92-3103,valerie22@example.org,ZNFP66001788976651,-386.12,730.0,0
CUST_006204,Alan Nguyen,259-70-7140,melindarogers@example.org,ZHPC48528172120508,32360.76,517.0,0
CUST_006205,Joshua Jefferson,076-10-0004,jhardy@example.com,UWAO44116648048975,27958.05,693.0,0
CUST_006206,Rebecca Thompson,241-62-8666,paulwilliams@example.com,GGZN34737114519294,16053.98,607.0,0
CUST_006207,Karen Watts,108-62-7378,parmstrong@example.org,KWOB92662063246341,16779.75,791.0,0
CUST_006208,Michelle Johnston,350481334,vnunez@example.org,GBNP27140772468408,51775.79,474.0,0
CUST_006209,Justin Dennis,162-60-9633,jonathan75@example.com,VAVV44392854286538,16002.56,597.0,0
CUST_006210,Traci Shelton,197-53-3257,smunoz@example.org,CPMS39880587810319,23148.31,630.0,1
CUST_006211,Erica Roth,063-81-3787,uhill@example.com,UQBJ84583395769374,47321.33,,0
CUST_006212,Bradley Glover,070-04-3364,emily62@example.net,NSXF09634742720115,68140.17,737.0,0
CUST_006213,Blake Conway,456-63-2863,robertsmith@example.net,NUPO15491286567385,33542.71,719.0,0
CUST_006214,Brian Pierce,787-05-6973,sydneybailey@example.com,HIAO37358385240624,43335.32,395.0,0
CUST_006215,Edward Johnson,390-38-7785,jerry41@example.com,WEJX86235939085357,32405.7,509.0,0
CUST_006216,Kathleen Clark,534-58-6226,markunderwood@example.com,DGOO32513558646567,60371.04,818.0,0
CUST_006217,Jake Riley,812-57-7464,jason36@example.org,BNCZ37842762908237,26846.63,419.0,0
CUST_006218,Gabrielle Hall,316-79-0783,ibentley@example.net,SJVF91066990092600,19314.55,699.0,0
CUST_006219,Charles Acevedo,628-37-6726,gregorynatalie@example.com,ATIZ72311662716099,25090.53,556.0,0
CUST_006220,Susan Long,328-73-8064,stephaniejohnson@example.net,HXED74050502858774,5491.6,527.0,0
CUST_006221,Nicholas Johnson,801-42-5303,melissamoore@example.com,SWEY30389227321387,61018.92,383.0,1
CUST_006222,Richard Davis,043-42-6341,cgarcia@example.org,DENP48217843837176,27685.12,850.0,0
CUST_006223,Brian Douglas,416-17-5726,charlesthornton@example.net,KIUC10052436754798,2557.03,,1
CUST_006224,Joel Cross,579688892,poncefelicia@example.com,JPUA02655230901477,55327.63,748.0,0
CUST_006225,Jeremy Smith,483-46-9775,patelmegan@example.net,YCMA07147956470791,54566.45,368.0,0
CUST_006226,Christopher Meyer,507-18-5395,oreynolds@example.net,NMYG89025096391755,8989.22,780.0,0
CUST_006227,Anthony Cox,009-52-6669,joshua53@example.org,AKEH28630279615115,66192.61,356.0,0
CUST_006228,Rebecca Carlson,879-37-8570,derrick91@example.com,TGBK84085041735876,65734.78,499.0,0
CUST_006229,Jose Diaz,107022463,tylerthompson@example.com,JWKR09397585307503,67966.87,320.0,0
CUST_006230,Dr. Stacey Jackson,218-13-0073,racheldavis@example.org,KPGF52342978175504,52646.41,713.0,1
CUST_006231,William Byrd,554-13-8249,tanya93@example.org,VBBW64833078550104,24053.85,781.0,0
CUST_006232,Frank Fernandez,828-90-1987,vblack@example.net,HZAC95250836625733,35445.0,494.0,0
CUST_006233,Shirley Keith,753-74-9949,newmanmadeline@example.net,OQGI40938352230071,34899.14,524.0,0
CUST_006234,Emily Smith,031-93-1618,harrellalicia@example.com,JYMQ88595690479281,63338.55,721.0,0
CUST_006235,Gary Reeves,679-12-9469,ramirezrobin@example.com,LJGK41289507669411,60686.23,643.0,1
CUST_006236,Paul Knight,230-20-2362,carrieoliver@example.org,XYOS61986144301776,21571.4,672.0,0
CUST_006237,Terry French,438-35-1787,,CFGW97042974539616,70859.17,327.0,0
CUST_006238,Chad Clarke,810-13-5290,davisdavid@example.net,ETTZ99724790891116,13238.46,451.0,0
CUST_006239,Nicholas Phillips,860-40-8469,davidgonzales@example.net,VBHR30308473216643,28628.74,316.0,0
CUST_006240,Brooke Combs,755-60-5391,jeremiah34@example.net,RLZJ14137545370037,37240.58,369.0,0
CUST_006241,Robin Graham,898130257,coryclayton@example.net,AEUI90418222130603,71771.72,752.0,0
CUST_006242,Cameron Mccann,665-45-3926,andrewbell@example.net,WABA14180537205967,65884.93,771.0,0
CUST_006243,Dale Gordon,549-59-4757,chadlee@example.net,SSZA86784373546023,36860.73,622.0,0
CUST_006244,Natalie Jenkins,845-16-0842,phillipsandrea@example.com,OIQV65874857462579,55494.9,646.0,0
CUST_006245,Steven Griffin,510241482,qwalker@example.org,QQZG03478309112181,46250.63,679.0,0
CUST_006246,Jane Rush,286592283,jeremiahmatthews@example.net,WWHA00318890781252,5696.38,494.0,0
CUST_006247,Jason Sullivan,401-09-4743,stephaniesmith@example.com,HHQV26536326338752,58350.89,847.0,0
CUST_006248,Taylor Salas,113-03-7873,erinfarrell@example.net,PBRC40641216525784,1621.07,487.0,0
CUST_006249,Mary Sanchez,598788559,joelzimmerman@example.org,XMAL66887825241852,42471.76,459.0,0
CUST_006250,Cindy Cameron,573-66-3793,gonzaleznathan@example.net,RFZX03685379190465,5877.57,784.0,0
CUST_006251,Brittney Anderson,198150759,shannon69@example.net,YUKO48559320103164,14012.32,336.0,0
CUST_006252,Kelly Fuller,332-35-0450,davisangela@example.org,HNGW93092841165659,41724.68,813.0,0
CUST_006253,Steven Zamora,302-38-7744,hhayes@example.org,WFDM05179817413565,69629.29,733.0,0
CUST_006254,Jason Patel,562-94-6012,elliottmichael@example.com,GGWY45941981346132,30739.14,708.0,0
CUST_006255,Patrick Kemp,411569893,brownlance@example.org,VCID30888835006583,33392.13,549.0,0
CUST_006256,Sean Parker,822756153,brownjoseph@example.net,COCO36029925404802,-273.09,752.0,0
CUST_006257,Allison Novak,024-76-0435,andrewshort@example.net,GTOU01932270933420,2451.99,636.0,0
CUST_006258,Jason Shelton,885-32-7898,joshua59@example.net,URZV34281464122106,37415.6,366.0,0
CUST_006259,Kim Browning,399-02-6320,samuelkent@example.org,HDPB84512519914446,33290.33,516.0,0
CUST_006260,Laura Swanson,120350504,alexandra15@example.net,FKRY00152181254549,47010.91,347.0,0
CUST_006261,Erika Hayden,819-68-8139,sanderson@example.org,UGXA03376929449506,21112.5,678.0,0
CUST_006262,Mr. Tyler Long DDS,810-14-4136,,HSGT78023003995140,43278.95,419.0,0
CUST_006263,James Page,721-59-1997,williamdiaz@example.org,YNQU72390442797218,50880.13,417.0,0
CUST_006264,Elizabeth Hicks,702-57-3048,hroth@example.com,ZKPN10588213644129,6244.6,591.0,0
CUST_006265,Donna Smith,783-44-3452,millerchristopher@example.org,YDDX50271148451614,2677.96,619.0,0
CUST_006266,Kayla Compton,472-27-8472,timcruz@example.com,AADF99292638801734,9902.31,789.0,0
CUST_006267,John Cooper,836-19-0993,garyjames@example.org,WEEI29525906936526,69477.39,693.0,0
CUST_006268,Diane Austin,650-71-4290,donaldbaker@example.org,IDTT27180589276834,48508.89,818.0,1
CUST_006269,Vernon Frazier,546-73-2300,mckenziejesus@example.net,FMVS47552066098558,15443.01,522.0,0
CUST_006270,Jared Hughes,078-70-7077,grogers@example.org,XLRE48459254688722,24053.16,822.0,1
CUST_006271,Mary Owens,419-47-3298,martinezelijah@example.net,GAKJ17740047329513,17296.29,366.0,0
CUST_006272,Felicia Vasquez,608-93-2562,cathybaxter@example.org,HQOG38068301819742,19177.92,716.0,0
CUST_006273,Anthony Paul,844-95-6652,qdaniels@example.net,NCYZ28386008629759,54587.16,566.0,0
CUST_006274,Joseph Tucker,002-62-9296,lauraharris@example.com,SXXB49406849128905,20128.5,727.0,0
CUST_006275,Linda Flores,376-70-8631,anthony50@example.org,KPHC49024782755646,51400.57,685.0,0
CUST_006276,Andrew Robertson,359-83-1877,,DGNK57837531071512,33310.19,375.0,0
CUST_006277,Austin Phillips,184-06-6813,paige32@example.net,MCZS22283108720118,66509.26,716.0,1
CUST_006278,David West,321277989,nreed@example.org,QZIM98993420888420,16851.62,601.0,0
CUST_006279,Laura Torres,405-45-1646,jenniferyoung@example.com,ZJJY95107424715771,3626.01,690.0,0
CUST_006280,Jeffrey Glass,516842204,devin77@example.org,VEYL28653541886161,27411.78,537.0,0
CUST_006281,Mark Jones,899-82-9485,rholder@example.org,HZTN55488744816543,32823.82,812.0,0
CUST_006282,Melissa Duncan,560-62-4299,loganchristensen@example.com,FOHV86381491125517,70779.09,663.0,1
CUST_006283,Spencer Dixon,307-12-1408,john35@example.com,NBLR20219951279237,36365.33,672.0,0
CUST_006284,Thomas Cox,364-53-9749,andrea42@example.com,EONI50714149325872,58665.14,422.0,0
CUST_006285,Charles Shaw,346-36-9534,,TESS52003817805901,57937.49,396.0,1
CUST_006286,Kelly Gallagher,411043640,katelynsantana@example.com,EXFK60425106104125,70752.32,384.0,0
CUST_006287,Dustin Smith,571063214,amy07@example.net,KTJG10030255022868,31013.14,337.0,0
CUST_006288,Adam Carr,325-80-1996,briandelgado@example.org,XFTB08798583505191,19223.31,653.0,0
CUST_006289,James Chandler,056-09-0080,megan73@example.org,WTEG49749135729496,59262.2,592.0,0
CUST_006290,Katherine Mendez,594-50-3546,guzmanjill@example.net,OWMJ25662421626280,42788.44,417.0,0
CUST_006291,Ms. Laura Hernandez,696069282,ashleegarcia@example.net,RNAM51244755998520,18698.93,,0
CUST_006292,Nathan Mcneil,805-91-5344,colonnicole@example.com,TEWX74504167313291,40842.36,496.0,0
CUST_006293,Linda Hicks,855-91-2472,vbarry@example.org,VAUC86083183868124,23090.61,,0
CUST_006294,Courtney James,622-38-0217,duncanashley@example.com,OENX81599956702482,20739.5,423.0,0
CUST_006295,Lori Barry,667867596,hvasquez@example.com,HBZE88158346576830,59655.2,745.0,0
CUST_006296,Richard Ryan II,834-80-3813,ybrewer@example.org,AQUW48552236151409,26168.24,694.0,0
CUST_006297,Matthew Ellis,329-44-0374,mporter@example.org,JKSK67829522337710,11008.91,390.0,0
CUST_006298,Dr. Alexandra Adams,036-87-4358,brightbrandi@example.org,AYOP88396775978425,25523.15,309.0,0
CUST_006299,Emily Russell,749-91-0335,marc10@example.com,ITZD68780583469299,46946.42,444.0,0
CUST_006300,Christopher Tanner,437-61-6513,moralesashley@example.com,LZTT99872802512960,37500.5,363.0,0
CUST_006301,Anthony Mcbride,701-63-1751,timothy96@example.com,PSTQ58406402137439,52132.84,749.0,0
CUST_006302,Shawn Miller,694946647,xcollins@example.com,DEQC61046019781349,1962.74,488.0,0
CUST_006303,William Turner,880812137,curtis95@example.org,FUFO16892293068220,58617.69,455.0,0
CUST_006304,Joshua Arnold,161-49-7862,bakersteve@example.com,PVXL14760771813906,30411.69,759.0,0
CUST_006305,John Phillips,610-29-5036,mcdanielstephanie@example.com,ZWMM87228935225910,45887.71,818.0,0
CUST_006306,Nicholas Vaughn,739-96-8491,nwagner@example.org,NQEA40529826167590,57054.88,850.0,1
CUST_006307,Shawn Rojas,810-13-9676,craigphillip@example.com,GUJP60965632367798,51292.66,596.0,0
CUST_006308,Benjamin Hall,692-33-7933,fdawson@example.com,BSHQ30764043696995,36418.28,806.0,0
CUST_006309,Anthony Butler,710-40-5118,david04@example.com,SNQA43804114794599,30369.65,566.0,0
CUST_006310,Albert Bailey,248-42-3903,juliehowe@example.net,BDWH38979048457916,24440.23,714.0,0
CUST_006311,Christina Powell MD,504-15-4075,kmcmahon@example.com,IHBQ83641492835582,13597.78,495.0,0
CUST_006312,Julie Matthews,730511238,,AUGV19717212831906,65509.3,795.0,0
CUST_006313,Jacob Thomas,234-91-9077,sara29@example.org,DKYB01842117749883,15156.58,846.0,0
CUST_006314,William Garcia,346-73-4215,brandonhodges@example.net,GBQE53820238581602,49688.39,398.0,0
CUST_006315,Ray Cox,463-05-7574,cesarcrawford@example.com,ISNR35791292358529,355.53,555.0,0
CUST_006316,Russell Romero,767-61-1769,jasonjefferson@example.com,TKIA41094424622369,16267.16,841.0,0
CUST_006317,Jennifer Reyes,601-62-7475,vincent92@example.org,BIAW69685002606637,71605.23,373.0,0
CUST_006318,Jay Mcdowell,286-53-4064,charles46@example.org,RMJP90562903679964,42034.27,396.0,0
CUST_006319,Eric Riley,051-89-5375,martineric@example.org,JUMI73474017229744,43275.05,386.0,0
CUST_006320,Joseph James,431547856,heathertaylor@example.net,YCGH28859046432033,63375.41,541.0,0
CUST_006321,Crystal Chapman,834-41-1702,joseph97@example.org,FJZM98398349108721,10156.71,478.0,0
CUST_006322,Ralph Rodriguez,588-28-5089,scottedwards@example.net,WZQS98501199122666,45186.91,448.0,1
CUST_006323,Matthew Webb,535980976,brianrogers@example.net,YSWS08890324057720,74481.31,449.0,0
CUST_006324,Julie Love,890263119,jadestrickland@example.net,HFKT34562503808511,59301.62,550.0,0
CUST_006325,Ashley Chen,206-71-1810,jason47@example.com,UUHE89494363859424,21326.34,379.0,0
CUST_006326,Becky Odom,772798784,angiemcguire@example.org,ASXN01966318364746,69203.81,318.0,0
CUST_006327,Christine Walker,381-94-0405,kpeterson@example.org,STJA91061561343258,42107.0,789.0,0
CUST_006328,Tara Burnett,746185333,wterrell@example.net,ZCZX89281115676683,31089.16,683.0,0
CUST_006329,David Gordon,137-40-8182,,TOEP26232195380892,29045.67,467.0,0
CUST_006330,Robert Smith,067-48-0899,melissahodges@example.org,TOJD39643977170031,14295.34,838.0,0
CUST_006331,Angela Spencer,371306057,johnblair@example.net,FVKD16404896189349,43181.58,499.0,0
CUST_006332,Kathryn Jackson,431-11-8196,ebeltran@example.net,BLZP36118191047635,3429.71,700.0,0
CUST_006333,Debra Ruiz,339-67-0394,delgadoethan@example.net,XYLE46746740849658,73863.54,591.0,0
CUST_006334,Ashley Robinson,553422210,kmarquez@example.org,KTWN84901005582385,46589.45,847.0,0
CUST_006335,Kathy Gonzalez,610-91-0056,zflores@example.com,PXVZ05661950081154,16745.11,420.0,1
CUST_006336,Brandon Adams,291-14-6165,jenniferhurley@example.net,ZKTB56716850414928,15144.59,438.0,0
CUST_006337,Kevin Mcintyre,327-23-6246,evan06@example.com,ULET40554472098102,18822.13,414.0,0
CUST_006338,Lawrence Santiago,389-25-6058,russellstephen@example.net,IGIC11196838761343,71279.74,602.0,0
CUST_006339,Rebecca Henson,382-28-4788,tphillips@example.com,WTRH17135440819965,37692.43,711.0,0
CUST_006340,Michael Ruiz,887-57-3170,hamptonmary@example.org,GFHQ27223958952182,3836.01,477.0,0
CUST_006341,Rebecca Thompson,806-08-1124,ystephens@example.com,TJRF24484301256000,74017.74,835.0,0
CUST_006342,Leslie Kim,143-51-3149,autumn96@example.com,SPEW27658521808324,27095.61,317.0,0
CUST_006343,Denise Jackson,506720633,wmerritt@example.net,NCQX99301636786527,26745.7,313.0,0
CUST_006344,Melissa Strickland,791-96-9570,sandra34@example.com,QXTQ36125697466282,43369.82,492.0,0
CUST_006345,Bradley Frazier,168680199,bernardmartinez@example.org,NVPB15640794096680,59416.8,,1
CUST_006346,Melissa Williams,422507836,alex79@example.net,HUXV84728328453439,17353.99,683.0,0
CUST_006347,Robert Santiago,604-45-1589,anna88@example.com,FEOW65998316189161,5796.41,715.0,0
CUST_006348,Kaylee Bell,818-82-7439,tbaldwin@example.net,GVVR84529550552885,68854.14,634.0,0
CUST_006349,Brian Spencer,229-03-6019,sjones@example.org,KRBC83866645981186,60613.65,692.0,0
CUST_006350,Richard Higgins,740-66-2313,briandavenport@example.com,RZYU09037011504912,20362.73,695.0,0
CUST_006351,Carrie Gillespie,201-70-6860,,BDHO01555152763736,21609.04,459.0,0
CUST_006352,Alicia Webster,695-52-9905,john90@example.com,XEHA99949601496737,8641.23,602.0,0
CUST_006353,Alexander Andrade,418881633,teresa82@example.net,VAYO07590657814320,7815.13,670.0,0
CUST_006354,Lee Brown,757-40-1533,mark64@example.org,QETE92882247871021,63033.64,640.0,0
CUST_006355,Olivia Case,587-40-0804,brent71@example.org,CRIN56857598047085,11375.98,727.0,1
CUST_006356,Derek Campbell,779683193,foxpatricia@example.com,DQMI10645909863340,32130.98,670.0,0
CUST_006357,Kyle Brewer,122082149,ann15@example.org,OXOZ50767663696022,52691.76,839.0,0
CUST_006358,Rebecca Castaneda,120691311,joanna76@example.com,DKHK34295016111680,30773.1,733.0,0
CUST_006359,Gerald Gomez,826957361,mwade@example.com,DKRW42213221260083,66213.37,750.0,0
CUST_006360,Jennifer Taylor,540-37-9802,stephanie77@example.net,NNSG13550979711340,35046.81,810.0,0
CUST_006361,Colton Porter,394-67-5515,ddavis@example.net,ANZO81932703869222,46615.39,805.0,0
CUST_006362,Steven Ramirez,554-57-6650,kristenneal@example.com,YBSB25820148317176,8712.68,839.0,0
CUST_006363,Kim Green,861174006,gomezchristopher@example.net,UJDL72032262542970,69301.48,418.0,0
CUST_006364,Ashley Miller,593645626,abigail36@example.org,MIGU79447533981713,72795.74,624.0,0
CUST_006365,Jennifer Olsen,073-36-2297,markgarrett@example.org,LILQ28442886634379,19363.63,460.0,0
CUST_006366,Justin Reyes,505-55-7834,veronicasmith@example.net,ZUNW19354289300721,22554.2,726.0,0
CUST_006367,Ashley West,660-46-8869,coxkylie@example.com,QWHU02443516875968,5113.8,781.0,1
CUST_006368,Annette White,881-40-7030,anthonyhicks@example.net,HKII41229060435208,69115.28,719.0,0
CUST_006369,Crystal Russell,435979984,barbara90@example.com,UTXM17061464284841,3539.61,660.0,0
CUST_006370,Tracy Mitchell,720-30-8720,bgay@example.com,JYXJ76016665984198,8729.57,392.0,1
CUST_006371,Theodore Sanchez,526309652,,WRKI88781600781730,28714.91,511.0,0
CUST_006372,Courtney Edwards,759-11-3465,pamela21@example.net,QBSJ80303717455124,15597.9,526.0,0
CUST_006373,Heather Jackson,136-69-4650,pamelamurray@example.org,YVUC32508968001995,6132.52,466.0,0
CUST_006374,Joan Allen,701-72-6525,,ELIJ31121322374194,26503.03,732.0,0
CUST_006375,Ian Bennett,222838834,theresa23@example.net,QHTQ03662462739400,63832.5,624.0,0
CUST_006376,Kelly Morris,782037522,whayden@example.com,JJZU33033743086679,67022.91,748.0,0
CUST_006377,Michelle Schwartz,584-32-9500,hollyshields@example.net,YLYC14142336021281,31296.51,586.0,0
CUST_006378,Tracy Moon,175-72-1420,nwilliams@example.net,ASNH42098840759169,52905.98,371.0,0
CUST_006379,Lee Thomas,760-83-1605,penny15@example.net,IZPH18783096505645,21518.93,705.0,1
CUST_006380,Walter Sanchez,748844035,pwhite@example.net,TRGA61958885042746,9083.18,363.0,0
CUST_006381,Lydia Miller,681-71-8287,sethashley@example.com,WEQR12615121239749,5033.17,381.0,0
CUST_006382,Sherry Maddox,494-34-7758,andrea23@example.org,SGWK01677107680079,60405.39,656.0,0
CUST_006383,Sheri Johnson,136-17-0504,amy03@example.org,LXCL05716194354121,68910.92,732.0,0
CUST_006384,Jonathan Smith,359-97-6456,nbutler@example.com,DMAA00727458029711,31563.95,632.0,0
CUST_006385,Cathy Brown,445-64-1179,,EEPB66728315908091,64897.72,622.0,0
CUST_006386,Anna Martinez,427-78-0045,sotohunter@example.net,SPJV24966997821353,7306.71,518.0,0
CUST_006387,Elizabeth Webb,585-62-4172,suttondaniel@example.org,CXTL94127545937675,47960.48,597.0,0
CUST_006388,Jose Harper,349524735,jessica76@example.net,NPUV61489690815233,56647.03,312.0,1
CUST_006389,Jill Gonzalez,018-46-1293,ocurry@example.net,LZMG26415970069387,36006.56,738.0,0
CUST_006390,Tracy Johnson,172-19-3588,,GLTR12826977108800,3540.23,839.0,0
CUST_006391,Shawn Peterson DVM,623-99-3933,joseph23@example.com,EAIE10398165499807,47366.89,584.0,0
CUST_006392,Gloria Lewis,215-10-4654,ybarker@example.org,DGPP38795256560919,19693.59,528.0,0
CUST_006393,Thomas Smith,559-84-4490,lburns@example.com,SDCF81762669723336,18270.01,789.0,0
CUST_006394,Amy Mathis,588-46-3630,michaelwells@example.com,AMVU25428150974177,62625.65,671.0,0
CUST_006395,Mark Martinez,744-95-6069,zcrawford@example.org,YARI26186333666855,59674.91,627.0,0
CUST_006396,Kevin Hunt,649-59-5846,melanie01@example.com,KYLH36709281296857,899.86,418.0,0
CUST_006397,Brandy Berger,259-55-2018,larryavila@example.org,BXGM73108099478732,19784.26,318.0,0
CUST_006398,Jeffrey Hubbard,260902429,zacharyclements@example.net,FYXV81040426837725,58982.09,662.0,0
CUST_006399,Kristine Hines,738669478,hortondaniel@example.com,ULVC50756120476866,4590.28,573.0,0
CUST_006400,Austin Soto,224400974,burkechristopher@example.org,OMZS64049932892624,70947.63,476.0,0
CUST_006401,Laura Booker,114-03-3264,john06@example.org,FREM62181443482564,25647.86,575.0,0
CUST_006402,Kevin Browning Jr.,360-90-9606,campbelldaniel@example.org,ZVRK29239985291166,62104.98,690.0,0
CUST_006403,Robert Thompson,168-87-0086,timothy07@example.org,TMRA83424410115448,1457.7,845.0,1
CUST_006404,Alejandro Smith,445-23-1295,timothy80@example.com,AMPW90398537798321,14704.51,425.0,0
CUST_006405,Christopher Nelson,202896161,isweeney@example.com,ZFTE29549573356239,24583.9,442.0,0
CUST_006406,Ronald Cox,298-99-6999,princebrandy@example.org,FFDD74098307583318,17726.97,383.0,0
CUST_006407,Katherine Benson,888-62-0560,jacobsantiago@example.org,SKEX25387063093808,61754.58,519.0,0
CUST_006408,Dennis White,824711642,bradleyboyd@example.net,ZGZT45964364607893,31558.68,771.0,0
CUST_006409,Robert Warren,303-31-4794,gouldlisa@example.net,DGET13760870985019,59232.38,808.0,0
CUST_006410,Samantha Smith,123-75-7950,dbarnes@example.com,TVVA83105101511061,36638.28,801.0,0
CUST_006411,Christopher Fletcher,137-94-1176,eileen22@example.org,SDYX91321545433557,22868.65,454.0,0
CUST_006412,Maria Moore,093-47-9931,kimberlysmith@example.org,ZLVC40881802978574,67176.92,567.0,0
CUST_006413,Zachary Warren,409-62-0825,william94@example.org,OKNJ76425507165010,46041.48,446.0,0
CUST_006414,David Shah,826-31-5666,myersjoe@example.org,VRKN17018665067369,9763.59,637.0,0
CUST_006415,Brianna Hood,115-43-2543,jennifergallagher@example.com,DXCS86308562924236,64695.41,672.0,0
CUST_006416,Laura Williams,850-78-2384,david74@example.org,HXBD20128450817728,45388.54,529.0,0
CUST_006417,Jillian Bennett,819-15-5065,isaacbrown@example.org,JKHG62801154677433,43665.32,764.0,0
CUST_006418,Lance Baker,036576226,anthonyhernandez@example.net,RVEU90046829091607,50916.65,373.0,0
CUST_006419,Candace Dudley,033-94-5963,powellangelica@example.org,ZFUI03073388731677,49307.71,375.0,0
CUST_006420,Nathan Gonzalez,314-01-1327,ashley12@example.com,PYBP21635206848778,13673.15,345.0,0
CUST_006421,Kathryn Martinez,109068330,michelledunlap@example.com,ZKHF33985437601140,39157.96,595.0,0
CUST_006422,Steven Welch,204-91-3613,mullinskathleen@example.com,LKRF41408808627709,54561.0,485.0,0
CUST_006423,Tara Mccoy,122-40-4423,christopher91@example.com,GCCF47443430261421,18319.97,629.0,1
CUST_006424,Thomas Jacobs,446-19-4263,bsanders@example.net,PROG53042282448725,56645.47,611.0,0
CUST_006425,Daniel Walker,512-33-5169,dvaughn@example.org,XAON15603834145043,73790.55,661.0,0
CUST_006426,Michael Blake,166-49-0663,agarcia@example.net,HOVP64317150529285,12293.93,530.0,1
CUST_006427,David Adams,351-35-7314,nrice@example.org,PRJC47706261581123,13528.18,684.0,0
CUST_006428,Margaret Little,665-62-5723,chungvalerie@example.org,DEHK39524921495148,15290.09,369.0,0
CUST_006429,Anthony Taylor,376-47-9770,guzmankyle@example.org,BXQR64304967298942,40530.96,576.0,0
CUST_006430,Laurie Gutierrez,483-40-3728,josephyoung@example.net,OYYU94444685175495,40293.58,502.0,0
CUST_006431,Jennifer Arnold,823-69-5770,ryanarnold@example.net,OMAT81297752175266,60198.17,426.0,0
CUST_006432,Jackson Jenkins,730993098,benjamin71@example.org,FVCQ17216027664100,42902.15,705.0,0
CUST_006433,Melissa Newman,538-27-0850,edward17@example.com,ATTQ37953378756247,64152.3,315.0,0
CUST_006434,Mallory Hobbs,004-02-7475,hdickson@example.com,VDSU09936376133381,70721.11,831.0,0
CUST_006435,Donald Smith,117-10-2170,tammythompson@example.com,DKNB08777092049609,49868.78,823.0,0
CUST_006436,Brian Hammond,517-06-5795,david77@example.org,UZIZ25328356756945,17041.82,629.0,0
CUST_006437,Hannah Smith,053-19-7083,megan94@example.net,YILT67516004595271,36657.68,469.0,1
CUST_006438,Roberto Maxwell,360-43-5735,vberry@example.net,FMPP62696826997668,4796.39,680.0,0
CUST_006439,Dr. Douglas Smith,042-54-8179,angelastokes@example.com,YULE03559248903400,71014.66,,0
CUST_006440,Andrew Johnson,786-81-4624,candiceperez@example.com,PTAS56493190449405,50920.27,805.0,0
CUST_006441,Robert Rose,451-63-6965,joseph78@example.com,DKZS81041344746833,67859.32,392.0,0
CUST_006442,Joshua Hoffman,086-69-1029,raymooney@example.net,LYWD33423853114100,6544.07,406.0,1
CUST_006443,Amanda Gibson,285-11-0142,campbelltiffany@example.com,LRYM12668167804463,44420.24,801.0,0
CUST_006444,Megan Simmons,755-73-3461,keithchapman@example.net,JRSC69760535390908,16892.62,,0
CUST_006445,Pamela Lam,388747697,christopherholt@example.com,IYHW68875636976493,36166.23,516.0,0
CUST_006446,Katherine Hanna,140212658,amandajackson@example.net,HTDA38900544720374,3338.78,314.0,0
CUST_006447,Beth Wheeler,032-96-6080,brownjason@example.org,AKQF84283903346623,10362.97,398.0,0
CUST_006448,Carrie Williams,034-99-6097,walshmargaret@example.com,XOPW63133749569869,9086.9,741.0,0
CUST_006449,Nancy Smith,427960959,sarah36@example.org,RUVA42923514434382,59095.2,628.0,0
CUST_006450,Lisa Brown,002-26-4087,matthew78@example.org,HBVS73978543269024,49373.06,324.0,0
CUST_006451,Sean Weaver,146-82-8053,mcdonaldlarry@example.net,RRFU56254025488348,32807.38,422.0,0
CUST_006452,Michael Holland,617-40-5319,michelleross@example.com,TOCN30821503150995,55976.87,335.0,0
CUST_006453,James Smith,156-98-5767,william07@example.org,VMTN60958985502687,1213.4,539.0,0
CUST_006454,Peter Cox,894-12-2583,falvarez@example.com,EQFM11364212197609,40051.77,724.0,0
CUST_006455,Michele Fuller,590-47-2968,gutierrezjames@example.net,TZIW53180319921202,23798.42,634.0,1
CUST_006456,Heidi Pineda,392554166,danajenkins@example.net,RLMI59467301056117,40166.51,381.0,0
CUST_006457,Brett Bradley,513775227,thomasgriffin@example.com,DDQZ88636029806296,72714.83,566.0,0
CUST_006458,Crystal Snyder,599-91-1121,stevenmitchell@example.net,IQUY49643113501174,66962.99,678.0,1
CUST_006459,Morgan Chan,827-08-2333,brittanymartin@example.net,TKMS31320362523788,20685.92,478.0,0
CUST_006460,Daniel Powell,431-62-0574,dorothy83@example.net,SCVR80695891317750,44907.08,548.0,0
CUST_006461,Carl Thomas,620-35-1080,,JTBA66696626720642,64739.19,380.0,0
CUST_006462,Ricky Walls,608-02-1813,pbrown@example.org,GEZM73008782744738,28763.69,790.0,0
CUST_006463,Derrick Logan,709044088,brewercharles@example.com,XKRC87306272130452,71484.2,667.0,0
CUST_006464,Margaret Jones,180-80-7552,caseyrobert@example.net,TXST65153254700158,66654.23,338.0,0
CUST_006465,Gabriel Curtis,780-19-5221,stephanieodonnell@example.org,REUE19449763228010,46556.89,694.0,0
CUST_006466,Thomas Grant,484-14-1625,,OEBM73717783510889,32774.35,474.0,0
CUST_006467,Julie Kennedy,867765912,vreed@example.org,DRXL25671296524505,45178.37,588.0,0
CUST_006468,Sheila Valentine,767467582,sarahsmith@example.org,DFML56030357692495,72447.29,843.0,0
CUST_006469,Gerald Kaufman DDS,086-22-9495,canderson@example.com,NZRH41813987964401,74074.4,414.0,0
CUST_006470,Jeremiah Hale,873-73-6088,angela86@example.org,EBRT25664963289598,12854.65,681.0,0
CUST_006471,Brian Padilla,418-07-0513,jodi61@example.com,IJTE96521554619379,1198.42,546.0,0
CUST_006472,John Bell,509-44-1489,vnichols@example.org,JEGM59908777243564,63698.51,809.0,0
CUST_006473,Mr. Kenneth Rodriguez,888010861,vaughnnicole@example.net,TNRF74950551250927,60198.47,696.0,0
CUST_006474,Reginald Johnson,185-47-9940,brittany70@example.org,NYFZ40873649711863,2510.15,534.0,0
CUST_006475,Maria Knight,419-81-6620,mariahyoder@example.org,RDYW01831992507836,29851.04,359.0,0
CUST_006476,Linda Quinn,030-98-6838,qhopkins@example.net,USFT71502932657374,18675.45,599.0,0
CUST_006477,Jennifer Morton,796-20-1898,christinadelacruz@example.net,XJIB17459824012438,48094.26,484.0,0
CUST_006478,Philip Hess,355-55-3671,ricewilliam@example.org,ZATH47583946155642,13484.14,368.0,0
CUST_006479,Raymond Adams,743-34-2057,cle@example.org,QMXL18887750982922,47269.99,578.0,1
CUST_006480,Taylor Moore,656-85-1755,christopherjohnson@example.com,FREE80459610092367,53284.79,460.0,0
CUST_006481,Amanda Rodriguez,672-27-5684,millerclaire@example.org,IJZY42545543631395,6469.92,572.0,1
CUST_006482,Kristy Chung,389-46-9349,williamsbenjamin@example.org,NKCW28793764349819,74430.23,320.0,1
CUST_006483,Christopher Williams,021-96-8626,nicholas35@example.org,DYVU39095125286202,56935.91,561.0,1
CUST_006484,Katie Anderson,557-85-6923,taylorvictoria@example.net,YDOF39570164407252,48149.24,596.0,0
CUST_006485,Lauren Thompson,222-63-8076,christopher76@example.net,GZYK77814603083947,48123.5,788.0,0
CUST_006486,Sierra Lutz,840-44-9578,mmurphy@example.com,HDBA85417686919845,35539.24,560.0,0
CUST_006487,Jackson Le,889-37-9436,barbaracarr@example.net,PCKY01727173006389,23782.99,580.0,0
CUST_006488,Jeffrey Burton,859-11-9476,boydbrian@example.com,OKHO23163670460045,33820.67,733.0,0
CUST_006489,Laura Green,726-54-8119,christinaritter@example.com,EESJ44387730558206,60408.22,742.0,0
CUST_006490,Mr. Michael Flowers,557-83-1839,vholloway@example.net,DCMD20364876247762,5661.87,423.0,0
CUST_006491,Dr. Richard Martin,036-10-4602,emily40@example.net,GJFW80534544260210,9026.56,515.0,0
CUST_006492,Julia Wilson,428-99-4886,randypadilla@example.com,MPYJ52706915712744,63435.81,843.0,0
CUST_006493,Susan Travis,073-32-3032,alfred96@example.net,KBTK25121301897434,8316.58,683.0,0
CUST_006494,Ronald Jenkins,318-22-5616,kimberlysmith@example.com,GDKS72079431327288,54893.24,725.0,0
CUST_006495,Joseph Petersen,745-14-5145,mrandall@example.org,SOLH33750564757737,35548.86,792.0,1
CUST_006496,Luis Chavez,372-99-5925,xlang@example.net,DZZW16958312868741,33496.25,779.0,1
CUST_006497,Anna Wilson,127-32-5809,shanedyer@example.com,EAZS33324162137638,56115.04,387.0,0
CUST_006498,Jeffrey Lyons,308-75-6112,brianakim@example.net,YYQS15719962137708,47812.41,628.0,0
CUST_006499,Brian Tucker,433-89-1938,perezgregory@example.org,HOCD04051483678670,15843.46,564.0,1
CUST_006500,Julie Galloway,078-73-2732,wardrussell@example.net,LUXB49061395716201,24915.73,644.0,0
CUST_006501,Rodney Cantu,870-20-3627,patrick77@example.com,LYPG79338724291020,56339.12,719.0,0
CUST_006502,Erik Walsh,573-78-4488,autumn50@example.com,UTNW95778858215123,-256.58,641.0,0
CUST_006503,Kelly Mcgee,189-72-9242,garzasusan@example.com,YMFB80000363991165,244.76,760.0,0
CUST_006504,Angela Wilson,807-15-5347,kristinrogers@example.net,AQXB33025777743360,52861.5,446.0,0
CUST_006505,Lauren Jones,745-50-1698,cassandrahurst@example.com,WAIV34758128113365,37097.46,579.0,0
CUST_006506,Gloria Johnson,328-64-6080,rachelwilliams@example.net,OVAD95317142483079,31691.61,712.0,0
CUST_006507,Scott Barnes,798-60-7931,davislaura@example.com,LXLT27492684278746,1849.01,491.0,0
CUST_006508,Peter Nguyen,279-08-7535,kimberly05@example.org,BXPW95317828002986,12522.19,592.0,0
CUST_006509,Steven Kerr,219-75-8388,xjennings@example.com,OFVU35329391853412,62243.81,405.0,0
CUST_006510,Angel Gordon,616-45-5654,copelandsusan@example.org,ICTH82953061576014,50897.62,562.0,0
CUST_006511,Justin Perez,676-11-8345,jelliott@example.org,ENQI92550345285090,74620.67,414.0,0
CUST_006512,Amber Dixon,613053480,mariamatthews@example.com,SOOI98463975948821,64017.01,782.0,0
CUST_006513,Diane Williams,447-73-8679,johnsonshelby@example.com,YSWH83576680078574,28808.88,375.0,0
CUST_006514,Joel Wallace,305143505,npotts@example.org,LKEQ85920557058121,37976.67,,0
CUST_006515,Jeff Leonard,121-65-7005,flowersnathan@example.net,XILA11622126014718,15789.8,615.0,0
CUST_006516,Jason Oliver,272-52-5481,pmiranda@example.com,SJAT95987607382634,35764.55,537.0,0
CUST_006517,Nicholas Ross,637-96-9078,garciamichael@example.net,MRQX21630992421555,56720.99,,0
CUST_006518,Charlotte Watkins,223-14-5746,adambradley@example.net,FWPL43273738287102,50291.91,660.0,1
CUST_006519,James Clark,887-03-9054,jacobbrown@example.net,HTNT21239303518439,42713.41,607.0,0
CUST_006520,Elizabeth Rogers,463-19-8842,qramsey@example.org,DFHE30098141698781,40451.17,773.0,1
CUST_006521,Megan Miller,110192880,danielknight@example.com,ARPZ69227980676286,44054.32,,1
CUST_006522,Lindsey Frazier,808-22-7306,steven52@example.com,SVIX55156880017576,16901.86,360.0,1
CUST_006523,Emily Williams,325-70-7037,kortiz@example.net,VTBH29199169807013,32169.85,559.0,0
CUST_006524,Terri Lee,863-35-7620,petersonjoshua@example.com,BSZL90230573165754,41600.64,512.0,0
CUST_006525,Joseph Kelley,113-32-7540,ruth86@example.net,AQRH86249642130795,74808.67,462.0,0
CUST_006526,Daniel Key,422-75-2338,kristinefigueroa@example.net,XQPP05659938095470,17719.76,632.0,0
CUST_006527,Nicholas Ramos,316-34-1199,fcox@example.org,KEMT32280305133915,65502.11,786.0,0
CUST_006528,Frank Rivera,778-21-2459,jenkinsjennifer@example.com,DKJB23156544772718,14928.32,376.0,0
CUST_006529,Jenna Page,766-24-1741,brian36@example.com,ISER29693037636048,14439.02,734.0,0
CUST_006530,Rachel Miller,453-45-4928,smartin@example.org,XBUW16007421932221,47343.41,823.0,0
CUST_006531,Lisa Hernandez,020-34-5080,cookerica@example.com,XYRP75162767354544,34333.21,799.0,0
CUST_006532,Troy Carter,764-16-6943,pruittanthony@example.org,YZYD00764758834351,42489.37,574.0,0
CUST_006533,William Perez,076-76-0348,ohunt@example.org,MIFA90000122476433,32433.1,469.0,0
CUST_006534,Joel Newman,553-11-4736,,RPUL57313785624363,68908.93,385.0,0
CUST_006535,Lisa Murphy,415859553,fcarlson@example.com,XZTC30756290936918,58716.19,686.0,0
CUST_006536,Michael Chandler,587-07-8431,betty37@example.org,QWEM45342736935552,56075.75,402.0,0
CUST_006537,Tyler Nunez,282-11-9608,angelabrown@example.com,FXLS69845331904899,10124.78,592.0,0
CUST_006538,Norma Manning,892-10-4873,gilberttimothy@example.net,CXMX26848848054995,7222.48,370.0,0
CUST_006539,Breanna Butler,016-84-1766,ijordan@example.net,NZXM30968256110042,18261.28,357.0,1
CUST_006540,Gary Morris,855-05-8821,wendytaylor@example.net,IFTL49563500373485,7026.63,,0
CUST_006541,Hannah Mitchell,712-79-0789,,XQJQ46614470705304,27437.38,364.0,0
CUST_006542,Michael Larson,558-63-7586,zbishop@example.org,PJZA79495540125671,22311.79,705.0,0
CUST_006543,David Coleman,514-87-5136,deborahjones@example.net,GXAT90107930518627,35524.79,347.0,0
CUST_006544,Rebecca Alexander,209-90-0151,youngpatrick@example.org,YAVC54671331090377,20280.01,495.0,0
CUST_006545,Hannah Phelps,197-05-9292,amberwilliams@example.org,ZNRB25932349920199,60044.18,538.0,0
CUST_006546,David Jackson,780-35-4185,lovejoann@example.org,OWLR29461814371468,74824.96,755.0,0
CUST_006547,Juan Reese,818-30-3053,victoriaobrien@example.net,TESL10937727632485,47338.18,,0
CUST_006548,Chase Wilkerson,823-95-1022,millsnancy@example.com,JJBE18144917881211,70778.84,475.0,0
CUST_006549,Matthew Schmidt,591-55-1822,hernandezanthony@example.net,VYSN16935149193955,63889.44,463.0,1
CUST_006550,Edward Sweeney,869-08-8082,aprilibarra@example.org,RSAP99070970632326,30902.6,513.0,0
CUST_006551,David Jackson,613-47-1674,pliu@example.org,OBYG33917986532958,69453.66,354.0,0
CUST_006552,David Caldwell,117-84-6158,,QDLV37604829652847,19948.83,649.0,0
CUST_006553,Eric Gray,241757669,,BTTW30673809745323,4342.91,331.0,1
CUST_006554,Susan Bush,599-73-5699,phillipsjanet@example.org,VGEC69937298194410,67010.97,548.0,1
CUST_006555,Matthew Kennedy,717-21-3648,maria05@example.com,FARP62063179226124,72508.97,716.0,0
CUST_006556,Kathleen Mccoy,638-33-8270,ujohnson@example.com,IPDW43359780432447,13885.83,580.0,0
CUST_006557,Richard Mason,215-70-6611,nglenn@example.org,PJMF99083334480644,32495.11,350.0,0
CUST_006558,Juan Wright,152902740,,MITR77222836452032,27889.81,624.0,0
CUST_006559,Mario Wilson,834-30-7169,bryansolomon@example.org,VJXL69174220556113,29753.71,567.0,0
CUST_006560,Sara Owens,153-93-3613,victorcohen@example.org,NEHQ22914756863421,51764.77,724.0,0
CUST_006561,Michael Williams,109485443,swilkins@example.com,JOYK45538707815753,18967.87,408.0,0
CUST_006562,Anita Stevens,015-58-4760,jesus41@example.org,EYRG20247421153853,8243.57,399.0,0
CUST_006563,Gina Maldonado,819-25-5312,jrobertson@example.net,SKIU72183873958234,42347.93,638.0,0
CUST_006564,Steven Brown,365-17-6310,barrerateresa@example.net,SDCT22288421264357,55220.28,690.0,0
CUST_006565,Ross Landry,444-11-8287,stephanie28@example.org,NSUT57767634190865,21371.75,606.0,1
CUST_006566,Mark Ashley,341-24-2961,ncoleman@example.com,OABB14611851959264,19173.56,448.0,0
CUST_006567,Megan Sanchez,752-80-1299,yjohnson@example.org,CBBG59384066199140,4074.17,654.0,0
CUST_006568,Mr. Daniel Morris,300-70-2843,nancy17@example.com,XZTL87478222513500,50015.66,725.0,1
CUST_006569,Steven Hughes,464-33-6359,maloneashley@example.com,HTRP33636655748871,46115.5,754.0,0
CUST_006570,Nancy Lawson,325-11-9343,brandon92@example.org,NCAR15486569241983,49728.93,419.0,0
CUST_006571,Mrs. Janice Collier MD,029163037,,BGMF14919767272850,28352.46,380.0,0
CUST_006572,Emily Stout,005-22-9589,scottangela@example.com,WFLK47883820391643,19483.26,736.0,0
CUST_006573,Karen Holt,768-55-1609,shawnjohnson@example.com,FVIY46777159868980,55991.98,778.0,0
CUST_006574,Elizabeth Gonzalez,106-46-9447,carrierichardson@example.org,FUTY73623940368386,8673.17,,0
CUST_006575,William Huber,601-81-9118,katherine87@example.com,ZOKR51020703267375,549.63,768.0,0
CUST_006576,Amy Crawford,335-57-2357,rodriguezreginald@example.org,PXWS88894978007543,-49.52,759.0,1
CUST_006577,Terry West,222-89-5572,ronald12@example.net,WYXC73242004335647,27263.1,767.0,0
CUST_006578,Madison Stevenson,051-82-4784,michael84@example.com,ZEVD79883627243153,59835.59,743.0,0
CUST_006579,David Ward,253871385,jthomas@example.net,PMGK09527551038803,59777.74,481.0,0
CUST_006580,Adam Rice,669-51-2729,tyler07@example.org,ROKT58954123894368,15000.27,454.0,0
CUST_006581,Caroline Stuart,308-73-8074,trobertson@example.com,QMNN04142752277113,46473.05,847.0,0
CUST_006582,Danielle Elliott,700-21-0542,angela91@example.net,NXCZ26891558833050,20669.31,355.0,1
CUST_006583,Tara Johnson,298-47-8125,shawna04@example.com,GUMU03881617679422,2892.88,574.0,0
CUST_006584,Deborah Yates,795-39-4679,juliebarry@example.com,FBEJ60746130375252,44112.76,846.0,1
CUST_006585,Joseph Lewis,737100523,stephanie29@example.com,SCZN94734893088094,11970.48,714.0,0
CUST_006586,Jennifer Walker,370-92-7027,whancock@example.net,FVNR91119185677514,599.09,339.0,0
CUST_006587,Jeff Whitney,323-78-9715,lbuck@example.net,TMZD84195258811272,63667.64,472.0,0
CUST_006588,Katie Taylor,606-88-2878,greenrobert@example.com,QTZI41235906787563,4201.29,680.0,1
CUST_006589,Spencer Benitez,772-75-3676,smithchristopher@example.org,RWIV29760065057829,23512.0,700.0,0
CUST_006590,Danielle Sparks,187-30-5785,vmarquez@example.org,TWYP17363165409872,10951.35,715.0,0
CUST_006591,Jessica Graham,160-45-6315,shermanjeremy@example.com,ANTO42349989235266,65447.15,497.0,0
CUST_006592,Leslie Santana,678781461,hannah79@example.org,VQNS73614587518437,73551.71,684.0,0
CUST_006593,Alexandra Yoder,288-06-5453,csimon@example.com,HVUT15882711431513,10686.99,634.0,0
CUST_006594,Andrew Parrish,790-90-9555,,ZETE40955191037203,68484.94,696.0,0
CUST_006595,Christopher Ross,889-87-4268,romerocaitlin@example.org,GSXR62493239019887,34463.04,509.0,0
CUST_006596,Angel Reed,354909365,jessica23@example.net,QAFD48277975739637,6816.01,848.0,1
CUST_006597,Jeremy Gonzales,872-15-9681,carrolljason@example.org,NCTF57501402150167,3722.49,352.0,0
CUST_006598,Sherry Anderson,174-29-3989,csherman@example.org,MMIP38137654910487,21183.32,546.0,0
CUST_006599,Cody Marquez,127-63-6483,adamdean@example.net,FJJC94860811448789,1562.69,305.0,0
CUST_006600,Alexandra Washington,483-08-4796,robertscatherine@example.net,EOBJ11311189816133,48583.07,724.0,0
CUST_006601,Eric Fox,848-92-8640,bowmansean@example.org,IRNN81973767406370,36985.68,339.0,0
CUST_006602,Brian Lopez,401313652,gonzalesjonathan@example.com,EQKS11958469597994,27658.71,305.0,0
CUST_006603,Susan Oconnor,518-39-9348,millerabigail@example.org,DQBC35645462986044,62190.81,622.0,0
CUST_006604,Stephen Brown MD,412-65-1300,stephen42@example.net,RKVU39158573013925,9049.86,842.0,0
CUST_006605,Shelley Austin,620-51-9955,sabrinasherman@example.com,RIZZ96858368893252,8075.46,492.0,0
CUST_006606,Joanna Serrano,794-81-0683,mark61@example.org,OCMN58112293225019,59528.14,421.0,1
CUST_006607,Christine Howard,003-19-3905,ktodd@example.com,XTXE32026366178535,24294.45,793.0,0
CUST_006608,Dustin Simpson,862-76-9131,amanda99@example.net,JSSP82333274941296,13086.2,614.0,0
CUST_006609,Charles Brooks,445-63-9517,donna28@example.org,HZPS62644556044473,-298.52,,0
CUST_006610,Randy Crawford,306592692,hallsherry@example.com,ACCX44322820437246,72135.24,669.0,0
CUST_006611,Elizabeth Pittman,611-92-4672,juliestewart@example.com,PNEN80679944231132,24375.45,558.0,0
CUST_006612,Joshua Orr,808-80-2422,millergina@example.org,XCQA74631916661287,50272.76,653.0,0
CUST_006613,Rita Rodgers,648783416,andrewrice@example.com,AYNN70588564930942,55836.13,423.0,0
CUST_006614,Kirsten Williams,489-17-5998,,XLNG88661618644082,56023.64,596.0,0
CUST_006615,Monica Taylor,153-51-5126,jessica94@example.net,YWUX96534645815705,36692.31,342.0,1
CUST_006616,Sean Flores,316-50-6356,heather48@example.net,PMSG17098844532348,43326.03,517.0,0
CUST_006617,Joyce Garcia,070-95-1297,townsendluis@example.com,RMTS03852670709185,10477.64,691.0,0
CUST_006618,Jordan Sandoval,364088026,rcollins@example.com,XCRV37743869751838,38075.09,507.0,0
CUST_006619,David Meadows,875-90-8090,connie54@example.com,RDQH59852500557346,14875.95,349.0,0
CUST_006620,Laura Roberts,021-98-2864,lindawong@example.org,RMQA03033763303566,2925.2,382.0,0
CUST_006621,Natalie Campbell,495-57-6540,matthew52@example.com,JHJH21655297354332,14991.33,604.0,0
CUST_006622,Carl Walter,549477263,michaelwhite@example.net,JNBL30443376197554,4748.65,527.0,1
CUST_006623,Lauren Berg,136-86-3852,erinmosley@example.net,SAJX55872618620407,21959.77,737.0,0
CUST_006624,Robert Robbins,067-59-5337,chadlee@example.net,AELE90706265682741,55312.41,622.0,0
CUST_006625,Melissa Macdonald,470-26-8200,molly78@example.net,AFBO06017245562784,31263.82,420.0,0
CUST_006626,Jason Villa,460183646,paul00@example.com,BCRY51317752399158,68669.09,690.0,0
CUST_006627,Melissa Adams,401-16-1429,markhamilton@example.com,AGAF27641650449324,33304.84,790.0,0
CUST_006628,Tina Kelly,673-50-9266,kelli59@example.net,FMOJ16659016113346,3000.81,503.0,0
CUST_006629,Derrick Webb,570-44-8856,davislori@example.net,BNDO63264883304251,16262.4,830.0,0
CUST_006630,Dr. Tiffany Bond DDS,240164532,erinyoder@example.net,ETRC73410056596827,-192.92,448.0,0
CUST_006631,Stacy Petersen,368-79-1627,joshuamalone@example.org,QGZA09276781465622,719.68,305.0,0
CUST_006632,Bobby Fischer DVM,390-88-2841,cynthia71@example.org,FHCL44844826894048,32381.5,688.0,0
CUST_006633,Elizabeth Jones,189-01-8517,marissasandoval@example.com,CMYX95198842407818,11038.81,343.0,0
CUST_006634,Kristy Houston,830-72-3336,jessica77@example.org,BEFQ52566783131644,31094.1,736.0,0
CUST_006635,Angel Baker,005-04-8195,jessicavargas@example.org,LKBV36044580474179,36157.61,842.0,0
CUST_006636,Tamara Luna,158-23-0535,,LJVV57768467420550,14694.18,344.0,0
CUST_006637,Christine Carter,661-06-9421,bowersdaniel@example.com,NQOH15495932840899,40421.56,601.0,0
CUST_006638,Rhonda White,764-28-9514,,NZKE45160969330162,39034.67,705.0,0
CUST_006639,Rodney Perez,660-96-3986,hendersonanthony@example.org,VKEL36624805035956,59603.58,723.0,0
CUST_006640,James Carson,551046464,ashley49@example.com,IZCX06649508491021,12626.96,369.0,0
CUST_006641,Edward Nguyen,506876260,ubennett@example.net,JAEU91575347020549,28069.32,708.0,0
CUST_006642,Dylan Doyle,077-29-9049,jjones@example.net,ALGS81855743882734,67969.34,798.0,0
CUST_006643,Kara Hart,289-25-4917,johnevans@example.net,MZSX98074167522662,40594.52,,0
CUST_006644,Lisa Montes,288-73-0666,molinakathleen@example.org,FZBQ54646751385343,5168.43,760.0,0
CUST_006645,Tammy Sullivan,050156703,miguellewis@example.com,PNOH43529098145807,45528.13,767.0,1
CUST_006646,Hannah Cox,349-67-2889,ghernandez@example.org,SHPI59676742554916,4202.77,517.0,0
CUST_006647,Barry Edwards,033-63-2221,djackson@example.com,VBWC75609925250109,25603.82,564.0,0
CUST_006648,Jennifer Harris,306-39-6521,turnerelizabeth@example.org,UILZ06454259465498,70781.28,578.0,1
CUST_006649,Sandra Weber,844890318,shari22@example.org,WDXF70228267626002,59591.65,686.0,1
CUST_006650,Christopher Pratt,064648379,richardjenkins@example.com,JDSX58664326543886,4020.91,402.0,0
CUST_006651,Daniel Mcfarland,139-47-0713,schmidtmary@example.com,HBOE58763097427350,52594.07,724.0,0
CUST_006652,Gregory Rivera,591-21-6539,,CFEZ00033924017845,35478.39,610.0,0
CUST_006653,Richard Rios,047-19-3804,lmyers@example.org,ZFAY65121400097306,63060.74,516.0,0
CUST_006654,Anthony Dunn,380-39-2331,mowens@example.com,URSC77586869323812,52805.92,546.0,0
CUST_006655,Jose Martinez,417-31-4636,debbie01@example.org,YTPC64219169832400,39326.47,323.0,0
CUST_006656,Mary Vazquez,614186310,johnsonjason@example.net,WCDF57878725026128,36239.15,400.0,0
CUST_006657,Joshua Rocha,417679887,harmonhunter@example.net,DKJQ13507725198249,61300.44,422.0,0
CUST_006658,Julie Perez,321692308,kaylee17@example.net,DPEB27716078791696,35775.77,582.0,1
CUST_006659,Omar Francis,856-61-8945,grace57@example.org,FROA08163479730578,73190.44,462.0,0
CUST_006660,Kelli Campos,140414170,,MFFQ34434845129476,46057.91,718.0,0
CUST_006661,Grant Martinez,802617906,michael59@example.org,DLFJ78268000988006,68237.42,833.0,0
CUST_006662,Lisa Newton,053319903,jason34@example.net,CPXV00325313809022,8177.21,752.0,0
CUST_006663,Jerry Mayer,660-78-4139,michaelhughes@example.org,APZR51195451244787,45891.66,797.0,0
CUST_006664,Lee Hartman,433-13-0756,brandon39@example.org,FPBA82887387724595,23365.22,651.0,0
CUST_006665,Robert Phillips,500-70-7193,bishopdustin@example.com,LYHD86012104986081,31354.27,765.0,0
CUST_006666,Ruth Harrison,778976932,rachelwilliams@example.org,CGLN76399073568505,11732.3,730.0,0
CUST_006667,Frances Baker,314-42-4142,gweber@example.org,HLHJ92320059676929,23239.75,566.0,0
CUST_006668,Samantha Reid,323-51-1529,sarah03@example.net,ANLG06431058906568,17120.45,716.0,0
CUST_006669,Adam Bennett,474286986,jordanalyssa@example.net,WTUY12860775937807,60163.1,849.0,0
CUST_006670,Betty Montoya,196-06-3863,alyssacarter@example.org,XNRJ03532763970314,48340.88,558.0,0
CUST_006671,Amanda Watson,452-53-5615,mitchellneal@example.net,FDMQ13318433905878,66954.71,388.0,0
CUST_006672,Tara Green,893-38-5996,harrisjeffrey@example.net,LIJN26342240379275,41375.44,619.0,0
CUST_006673,Alexis Moses,153193670,benjaminlawrence@example.com,BRMP26525323858820,57787.81,464.0,0
CUST_006674,Cynthia Houston,814-10-0812,zwarner@example.net,QYQN27818433169113,29608.55,353.0,0
CUST_006675,John Carlson,795-21-8948,sblake@example.org,LJES55572399214402,64079.09,337.0,0
CUST_006676,Brianna Huynh,562-08-9719,gloria02@example.com,KENV44360511445094,42275.77,385.0,0
CUST_006677,Alyssa Stephens,790-27-3154,randy35@example.org,TGJN07146670217425,49783.51,630.0,0
CUST_006678,Scott Moore,728465689,corey07@example.org,UXVA50569642514117,3628.25,785.0,1
CUST_006679,Robert Fernandez,533017500,fmorgan@example.net,XCPC54309046118558,55007.08,802.0,0
CUST_006680,Richard Miller PhD,402-11-4394,oneillkatie@example.com,PABC80652661890166,61580.4,622.0,0
CUST_006681,David Hart,506-92-6719,terri30@example.com,KPIF57172613489644,42581.13,768.0,0
CUST_006682,Melissa Duke,467-06-6723,hthomas@example.com,DGQZ15672356192512,14471.28,411.0,0
CUST_006683,Christopher Johns,236-49-1711,xdelgado@example.com,YBOM37317666552088,42501.05,408.0,0
CUST_006684,Kevin Brown,295-04-4522,karen91@example.com,KRXY05992653053623,30003.23,367.0,0
CUST_006685,Jake Davies,311718533,underwoodbobby@example.org,PKIC40640262656603,18588.48,450.0,0
CUST_006686,Abigail Anthony,072-17-5380,kellysalazar@example.net,CBLE68706914181121,73395.3,730.0,1
CUST_006687,Zachary Garcia,443-63-3238,shannon81@example.org,KRAO13691538687287,22648.72,723.0,0
CUST_006688,Dr. Jessica Martin,250-48-7096,joshua24@example.net,EHDE58255689534814,4095.85,627.0,1
CUST_006689,Lisa Jackson,504-72-5401,,SPGQ63151014935008,19385.46,383.0,1
CUST_006690,James Cooper,267-03-8248,ramireznicholas@example.net,HUNB30873363350814,65729.85,496.0,0
CUST_006691,Larry Ferrell,512-55-5699,hvasquez@example.net,GHED70131927805088,37139.24,667.0,0
CUST_006692,William Blake,471-49-8055,romanbenjamin@example.com,BPCD39345174793989,69865.51,491.0,0
CUST_006693,Christopher Perry,225-70-5679,tburgess@example.net,FOEP64348936323145,11855.63,842.0,0
CUST_006694,Crystal Barr,595279018,abigail52@example.com,NVFI28540068661848,60339.68,401.0,0
CUST_006695,Trevor Harris,257-56-8848,tcosta@example.net,PQHT18813927919707,49244.56,437.0,0
CUST_006696,Richard Werner,291-68-4495,tiffany06@example.net,OUHZ18768251198176,57977.61,532.0,0
CUST_006697,Christian Hernandez,271-45-5003,jamie76@example.net,XIKN57305785742755,25551.35,767.0,0
CUST_006698,Jessica Williams,496-38-4780,fergusonelizabeth@example.com,XSWB37242479715593,54725.32,355.0,0
CUST_006699,Angela Stafford,259-64-5533,xstrickland@example.net,JAYP70282968988529,19268.02,702.0,0
CUST_006700,Cheryl Cook,715-51-3574,ginamartin@example.net,TORZ29381992428003,59085.63,822.0,0
CUST_006701,Peter Taylor,272-19-8774,richard75@example.org,AWGL16324630489134,30460.43,376.0,0
CUST_006702,Cynthia Mccormick,681-14-3242,jacob88@example.org,JBST27945318732625,73814.06,820.0,0
CUST_006703,Amanda Petersen,768-22-6411,kbaldwin@example.net,HRPI08618259494939,9400.65,431.0,0
CUST_006704,Linda Jenkins,070-66-4367,ycunningham@example.net,BGAS50187446076889,34972.45,351.0,1
CUST_006705,Jason Hutchinson,709860834,wrightbryan@example.net,JULS29162811168344,4893.63,650.0,0
CUST_006706,Taylor Lewis,697-54-3661,thomas49@example.org,KRKL65311144833504,57409.93,841.0,0
CUST_006707,Brooke Peterson,766-92-6907,michelejones@example.net,ESVJ69925108520099,28107.34,419.0,0
CUST_006708,Heather Snyder,066-58-5241,adam45@example.org,XHMW80987949268674,19525.5,,0
CUST_006709,Angela Franklin,680-95-5662,melissawoods@example.org,SRLC38277542528038,30787.5,521.0,0
CUST_006710,Steven Herman,396-09-0650,ivan34@example.org,CBTK51014533588099,21580.69,630.0,1
CUST_006711,Joan Chandler,121-53-7912,bhurst@example.com,LUFD38125818401280,64194.65,321.0,0
CUST_006712,Frederick Grant,230-31-3656,rhondaschmidt@example.org,WQVU91266214581495,11281.53,467.0,0
CUST_006713,Frank Frederick,134-96-0070,rebeccawilson@example.com,NLJU60293144249577,47622.74,396.0,1
CUST_006714,Ronald Lynch,043-17-6429,cindymeyer@example.org,OFVA93831703600233,36931.84,817.0,0
CUST_006715,Marc Jackson,592-91-4196,brucegonzalez@example.net,ZVBP32144670476523,36313.27,678.0,0
CUST_006716,Tiffany Smith,818-28-7225,kenneth30@example.org,UMMP49684528596629,53975.75,711.0,1
CUST_006717,Eric Proctor,468-48-9736,chelseafarrell@example.com,MGWU83862192255675,13037.56,561.0,0
CUST_006718,Daniel Escobar,545-12-1582,gabrielle75@example.com,LLTR15331808906307,31769.65,763.0,0
CUST_006719,David Boyle,010-43-6379,michaeldavis@example.com,GXVS47568389459738,18777.74,802.0,0
CUST_006720,Sharon Moreno,880-30-4239,raysusan@example.org,ULWE63309110278657,47879.56,751.0,0
CUST_006721,Sara Davis,578373368,bryanttracey@example.org,URBU85603437673681,52377.85,495.0,0
CUST_006722,Jason Gates,137078469,llara@example.com,XWIA43038976438593,42211.28,411.0,0
CUST_006723,Heather Powell,665-43-7292,galvanbrian@example.com,QJZI01244824896170,50754.15,529.0,1
CUST_006724,Amanda Meyer,417541965,allisonalvarez@example.com,RNKK50139665100856,42436.84,839.0,0
CUST_006725,Kimberly Ross,317651990,johnsonwilliam@example.org,LZBI68896876736583,31165.42,660.0,0
CUST_006726,David Howell,211-64-4937,nherrera@example.net,HLMT17733923172044,69603.14,757.0,0
CUST_006727,Stacy Solomon,571-82-9783,rkim@example.com,QHDS83404739268754,6963.81,639.0,0
CUST_006728,Kimberly Short,199-44-0874,jason32@example.org,SEHG53760906275302,33170.79,533.0,0
CUST_006729,George Lindsey,108477387,ymartin@example.org,MZBA77966667959750,24374.83,692.0,0
CUST_006730,Dylan Lee,489-21-3174,dnelson@example.com,TTKA62501293416042,34591.75,669.0,0
CUST_006731,Elizabeth Parks,083-79-9085,morganpittman@example.org,EYJP47668357195314,58835.13,475.0,0
CUST_006732,Joshua Rodriguez,268054980,jsolis@example.org,OXLC93845843538185,26436.59,834.0,0
CUST_006733,Jacqueline Ramsey,750-82-2337,dylanhall@example.net,YGVD87635514284157,-122.6,423.0,0
CUST_006734,Lisa Green,588-67-0235,gravescheryl@example.net,BZWB64400872827270,3532.24,,0
CUST_006735,Amy Bailey,674-89-4779,carolinekelley@example.org,SJJD19042560241827,66477.76,692.0,1
CUST_006736,Kim Walker,762-64-8592,devin05@example.com,VLGJ43527120125881,42953.7,471.0,0
CUST_006737,Phillip Vazquez,072-80-4828,johnstewart@example.net,LKVB40655180336313,59405.2,491.0,0
CUST_006738,James Vasquez,568-33-4208,allendouglas@example.com,VWFB36185497864550,14179.83,378.0,0
CUST_006739,Sara Bartlett,251-87-5280,thorn@example.net,PYOH37521831926281,15083.65,803.0,0
CUST_006740,Shelley Gibbs,370-18-7252,boydaustin@example.com,YCOA29017530839513,14057.55,399.0,0
CUST_006741,Gabriel Silva,432-40-3073,john73@example.com,UBDZ63472905315518,60595.53,417.0,0
CUST_006742,Carmen Winters,085-69-8841,erica25@example.net,KMON57319262067251,50729.18,693.0,0
CUST_006743,Glenn Lee,298-27-1850,hmanning@example.net,VUOO12505950967713,72422.03,444.0,0
CUST_006744,Ashley Clark,018-61-6026,elopez@example.org,KHYY47246318418054,33510.25,534.0,0
CUST_006745,Willie Charles,063-29-7815,johnsstephen@example.com,BBLD03973409024593,3938.8,412.0,1
CUST_006746,Timothy James,402-08-5100,jfrancis@example.net,FEDB23428551905308,59168.22,496.0,0
CUST_006747,Mark Wilkins,055-33-7137,timothypittman@example.net,HMNE97488216946088,35503.08,407.0,0
CUST_006748,Matthew Williams,684-29-6342,fwilliams@example.org,USTV53933946585042,68342.76,717.0,0
CUST_006749,Jason Marks,251868958,ricky65@example.org,UFVO81370360544635,72631.54,640.0,0
CUST_006750,Lydia Howard,703-55-4854,patrick15@example.com,XNSF31913108020581,5628.82,489.0,0
CUST_006751,Teresa Bell,674-22-7420,branchlisa@example.com,PBXW74507862287011,34338.56,729.0,0
CUST_006752,Carol Williams,330-21-6474,fshaw@example.net,PRWV99262335497060,55826.74,497.0,0
CUST_006753,Jennifer Reeves,444979637,jenny77@example.net,GIGM99780108344726,5810.98,360.0,0
CUST_006754,James Tran,395-91-5639,khancock@example.com,XSZS49061653462497,56299.67,455.0,0
CUST_006755,Christine Bailey,511-31-0058,kim03@example.org,FFPA15766566109325,31680.0,490.0,0
CUST_006756,Richard Williams,452-13-1215,jose66@example.net,MXZV73857110443111,62758.22,684.0,1
CUST_006757,Joshua Owen,870587842,danataylor@example.org,MJNI38981238202644,16089.46,312.0,0
CUST_006758,Karen Carter,809-84-6859,carrienunez@example.org,WKXV61447540889721,44529.03,802.0,0
CUST_006759,Jacqueline Hutchinson,379-59-5320,cjones@example.org,FVFU78183011690160,43197.99,363.0,1
CUST_006760,Charles Adams,670-59-5033,ajones@example.net,YQBH64670864123186,3740.63,414.0,0
CUST_006761,Frank Berry,302154906,wadejennifer@example.com,TIIB90441016883058,3620.94,743.0,0
CUST_006762,Rebecca Scott,445-35-3566,david81@example.net,NERH99043726305152,8440.22,771.0,0
CUST_006763,Gregory Reyes,351-68-1953,alozano@example.net,XZDX45430806129988,45463.0,507.0,0
CUST_006764,Michelle Mckinney,575-55-1544,elizabethjones@example.com,DJKA19623216979493,42362.45,696.0,0
CUST_006765,Alyssa Murray,434214916,christopher76@example.com,AZXQ64382085264356,4726.6,452.0,0
CUST_006766,Jessica Perez,057-54-3458,jenniferlowe@example.org,XKXJ53196872898182,50049.63,801.0,0
CUST_006767,Alex Anderson,798-51-5789,hannahmeadows@example.com,IELZ81367521241010,40206.47,816.0,0
CUST_006768,Tyler Rasmussen,078-99-2166,gillanthony@example.org,RQAP31610270379353,73958.82,701.0,0
CUST_006769,Jonathan Berg,628-45-1661,nwilson@example.org,AOPS25356509103688,69005.05,491.0,1
CUST_006770,Yvonne Leblanc,716-73-0553,sbennett@example.com,GBBZ40032206237240,42525.97,750.0,0
CUST_006771,Lori Austin,697-21-7668,stephen99@example.org,KUJE83982310224258,74093.25,316.0,0
CUST_006772,Willie Garrison,217-94-2077,virginia42@example.org,ATOD84610994123422,15814.1,763.0,0
CUST_006773,Steven Nguyen,440-89-1166,william86@example.com,SOIO45261475682239,28330.28,834.0,1
CUST_006774,Jessica Collins,305-82-0761,rachel10@example.net,XBST81631805956471,13279.57,600.0,0
CUST_006775,Kelly Walsh,604-75-5480,cummingssavannah@example.com,OCRA02580966844978,62355.35,421.0,0
CUST_006776,David Cohen,419-09-8095,nicholas99@example.com,VKRS31726935201195,42376.36,471.0,0
CUST_006777,Brenda Hayes,607141139,fullerjudy@example.net,YGIF76948160959083,42539.5,541.0,0
CUST_006778,Cassandra Edwards,451-54-9459,dianelivingston@example.net,SXXM97530430392857,48851.45,364.0,0
CUST_006779,Laura Roberts,227-02-6816,justin55@example.org,HCED70355782017405,60439.75,323.0,0
CUST_006780,Kendra Bryant,564-19-6203,zjohnson@example.org,PSVP31933654182885,54891.31,588.0,0
CUST_006781,Rachael Marsh,771161749,smontgomery@example.net,WYND98724261615572,4400.72,400.0,0
CUST_006782,Susan Mccormick,213-21-1714,mortiz@example.com,BOQQ79380824641318,41759.21,395.0,1
CUST_006783,Patrick Jackson,577-50-5229,lisamartin@example.com,EAOY85481227389408,51269.12,744.0,0
CUST_006784,Frank Solomon,668-46-0700,,UVZQ05828889041133,63213.71,736.0,1
CUST_006785,Carol Baxter,534-42-4258,donald52@example.com,QBGJ90331770520286,4982.42,598.0,0
CUST_006786,Kristi Hardy,094-57-1937,dominique83@example.org,BFHO64249853413418,54049.86,398.0,0
CUST_006787,Ronald Davis,018-14-4089,irodriguez@example.org,PULF64709177790679,20512.1,302.0,0
CUST_006788,Anthony Ford,211-37-6267,adamslisa@example.org,CARF40290738066010,25342.61,831.0,0
CUST_006789,Maria Berry,075-34-3907,saracontreras@example.org,RKUY27317516076694,379.51,791.0,0
CUST_006790,David Ortiz,096305699,,UOZH17976437661034,36054.28,591.0,1
CUST_006791,Dawn Lester,480-14-5162,mjones@example.net,ZKHH91703861678176,4369.76,832.0,0
CUST_006792,Nancy Coleman,372-36-7749,thomaskim@example.com,HDFW95812929231109,32357.89,455.0,0
CUST_006793,Julia Allison,801-72-3038,glenntaylor@example.org,WZNU78234763041233,19429.61,402.0,0
CUST_006794,Christopher Marshall,551371467,ericjohnson@example.org,KOJR97658288596304,69881.38,485.0,1
CUST_006795,Tara Ward,426856966,cwalsh@example.com,LLEY66110855306370,9789.56,713.0,0
CUST_006796,Ronald Perkins,722-42-3365,levythomas@example.com,YJMH03551036899162,10441.69,797.0,0
CUST_006797,Tammy Hoover,806-89-6466,robertsjared@example.net,ZYXC09019003186954,63700.21,469.0,0
CUST_006798,Linda Roberts,527874767,josephcoleman@example.com,LVDV51049034638534,55475.32,570.0,0
CUST_006799,Daniel Martinez,373-22-8786,dustin04@example.net,HAAR23716655274136,17698.65,304.0,0
CUST_006800,Cory Johnson,568-48-0314,dbrown@example.net,AXYJ70605873487541,44952.54,402.0,0
CUST_006801,Adrian Church,088-53-0164,owenlogan@example.org,ERWB90788999042271,40697.84,671.0,1
CUST_006802,Todd Gill,793-08-5215,qkelley@example.org,OWSF96668622188465,14961.07,670.0,0
CUST_006803,Tyler Ramirez,596-16-1294,harpershannon@example.org,SPZB11834182762167,34444.84,470.0,0
CUST_006804,Kent Rich,120-54-5841,cmartin@example.net,GGWD43079679548102,20546.38,557.0,0
CUST_006805,Donna Smith,156-41-2181,emilykelly@example.net,TJFL65298600541778,55533.41,742.0,0
CUST_006806,Sherry Lewis,679-32-8578,osbornematthew@example.com,GUTA24088815239390,66429.22,682.0,0
CUST_006807,James Reyes,250242589,monicabolton@example.net,HLBS92539335211117,57732.93,835.0,0
CUST_006808,Elizabeth Hill,405-63-8810,michaelking@example.org,GUGS68319159872462,66869.84,342.0,0
CUST_006809,Jerry Roberts,559-19-7746,alanthomas@example.com,QFEW72631414493897,27081.22,655.0,0
CUST_006810,Jack Torres,798-61-9222,kevin94@example.org,YXJE16924488192917,56061.14,323.0,0
CUST_006811,Richard Moran,536-98-9295,pbailey@example.net,DMOF23923801627959,65104.5,774.0,0
CUST_006812,Holly Martin,563-71-5796,westelizabeth@example.net,RKCH11466344550859,40156.15,439.0,0
CUST_006813,Brooke Munoz,413181505,,DFGV42826045007185,72882.97,771.0,0
CUST_006814,Aaron Briggs,396-02-6828,hcurtis@example.net,HCVU92051583188615,9743.75,760.0,0
CUST_006815,Jonathon Jones,802-43-6250,tammymeyer@example.net,XBPF92323799480112,6706.73,592.0,1
CUST_006816,Angela Escobar,524128574,robynfranklin@example.com,WVAC51667316821194,63764.39,821.0,0
CUST_006817,Garrett Ross,213-78-5135,kellyherrera@example.com,AAJJ97211072570621,74037.09,850.0,0
CUST_006818,David Mccarty,429-49-0120,bradleydrake@example.net,KILX30707449932516,63616.77,554.0,0
CUST_006819,Dwayne Walsh,033-81-3107,sarahrobinson@example.net,ITVW50093176846797,5181.83,480.0,0
CUST_006820,Ebony Martin,836-29-1858,hendrickslarry@example.org,HZNR87580545802643,65100.67,699.0,0
CUST_006821,Angela Benton,293-46-9569,sarachapman@example.com,SWBM92654978791228,14241.61,798.0,0
CUST_006822,Michael Fisher,878584426,bjackson@example.net,GYGA06514487187941,11469.2,635.0,1
CUST_006823,Angela Owen,389-02-4748,masonshannon@example.com,BHNZ74587815579577,72335.1,510.0,0
CUST_006824,Amber Garcia,301-33-3706,sarah94@example.com,FOTE59089679004788,59898.64,434.0,0
CUST_006825,Philip Villanueva,347-30-5964,jasonlowery@example.org,HDTA83517486462673,3794.52,376.0,0
CUST_006826,Cody Morgan,316-75-2148,kristywelch@example.net,XMPA21130105130217,32155.47,507.0,0
CUST_006827,Michael Ashley,381419004,joshua19@example.com,HNOU49681010696050,49180.76,841.0,0
CUST_006828,Christopher Tucker,045907693,butleramber@example.com,ZFJS59038435378559,10500.59,828.0,1
CUST_006829,Michael Yang,646-46-2778,jbrown@example.org,LBWA01717549979390,37767.01,807.0,0
CUST_006830,Justin Martin,195-35-0246,hthomas@example.org,JYBD19888842956017,13894.14,312.0,0
CUST_006831,Jerome Holland,861-50-5118,,EDBZ42163404926307,30845.17,480.0,0
CUST_006832,Kelsey Bauer,737-52-3445,tasha52@example.org,GQSR43639625593857,5035.52,519.0,0
CUST_006833,Amy Griffin,055-29-5706,dklein@example.com,QLPS18683628206172,59416.57,301.0,0
CUST_006834,Karl Montes,280-94-4824,hobbsjamie@example.org,UMHI41337413064565,38683.88,692.0,0
CUST_006835,Breanna Carroll,145-21-4225,kelly79@example.org,LWND12235212204860,34259.43,589.0,0
CUST_006836,Melody Reyes,502-80-4681,denisepark@example.org,OJZR41274338234988,1437.87,723.0,0
CUST_006837,Terry Barrett,684-99-2265,russoronald@example.net,NQXZ45729977105400,37671.95,567.0,0
CUST_006838,Edward Fletcher,672-20-5003,sarah36@example.org,RIMH66522551313322,58357.65,503.0,0
CUST_006839,Brandon Mason,303-49-5738,kevin68@example.org,GKSY70971698250733,36931.58,726.0,0
CUST_006840,Melissa Alvarez,569-51-3597,jenny79@example.net,NJFA64522971254239,4985.58,377.0,0
CUST_006841,Stephen Brown,490-03-6885,terri92@example.com,KMQI91850573939761,66839.01,546.0,0
CUST_006842,Nicholas Harrison,495-19-0621,jeanetteguerrero@example.net,XEXU67049438804616,24373.48,684.0,0
CUST_006843,Kristy Lopez,639-62-9455,joshua55@example.net,GBTI30299716993042,41488.52,333.0,0
CUST_006844,Mrs. Robin Alvarado,114516162,jrobbins@example.net,RPBU14816415647066,12042.94,393.0,0
CUST_006845,Julia Reed,155-16-2103,dustinsmith@example.com,EYQU02869523685382,72321.55,665.0,0
CUST_006846,David Barrett,100-26-9455,megan82@example.com,VXIA46285101215222,9401.47,517.0,0
CUST_006847,Jennifer Baker,265-75-5475,obrienroy@example.net,ODFZ89863040519947,56215.28,615.0,0
CUST_006848,Benjamin Bell,247895694,bradpalmer@example.org,HGGO90567849372092,39204.15,394.0,0
CUST_006849,Sarah Simpson,481-68-8442,rjohnson@example.org,DZOI70521636218810,30795.13,324.0,0
CUST_006850,Kathy Jackson,241-32-9383,qwalter@example.net,MMTQ05277280520948,12143.57,705.0,0
CUST_006851,Jordan King,441-74-9183,mmoreno@example.org,ANMT28895430555340,16506.13,343.0,0
CUST_006852,Brandon Johns,488239215,melissa25@example.com,QUZA14216102670864,62837.83,631.0,0
CUST_006853,Benjamin Smith,407372790,patrick56@example.com,JEWY25008643582823,40513.01,318.0,0
CUST_006854,Debra Gill,355-04-9807,michellerichards@example.org,HQWU27821230386491,63718.16,393.0,0
CUST_006855,Vanessa Rodgers,568012758,idyer@example.org,AAHE44689035618844,20432.28,696.0,0
CUST_006856,Andrew Chapman,829-92-0708,james86@example.org,YUYW40563562183794,34639.54,446.0,1
CUST_006857,Samantha Perry,616-04-7025,kburke@example.org,VXEB06581972596072,3166.7,307.0,0
CUST_006858,Kristen Cummings,846-61-9357,james55@example.net,WUZR10487289899377,66318.52,,0
CUST_006859,Shelly Short,150-78-4642,mosesdebra@example.net,MGTL63517060165285,53124.4,731.0,0
CUST_006860,Douglas Hester,624-82-2312,claudia69@example.org,LPRA51407498860811,43002.48,686.0,1
CUST_006861,Wayne Marshall,579-19-3596,darlene93@example.org,OASF01776382335074,49748.45,646.0,0
CUST_006862,Nicole Chambers,148-28-6721,matthewrasmussen@example.org,BWYZ67478689032628,32956.32,356.0,0
CUST_006863,Jared Stewart,298-67-1163,briannacosta@example.com,NSWV78346850178110,10812.14,300.0,0
CUST_006864,Janice Rogers,131-75-4648,paulajones@example.org,OGRV24608144968199,47198.35,729.0,0
CUST_006865,Joan Clements,701-16-1249,anna71@example.org,WLJY52211124543829,28483.79,829.0,1
CUST_006866,William Parker,678-50-3956,,CWEH25620986970087,7139.03,,0
CUST_006867,Tracy Stewart,325707716,hoffmanrachel@example.com,PFOG23411332377329,22032.55,701.0,0
CUST_006868,Stephen Guerrero PhD,029306156,gilbertemily@example.net,ZXHG87909605289188,22911.05,831.0,0
CUST_006869,Nicole Cox,244-47-2345,timothy56@example.com,UGLH05784062010152,62192.66,318.0,0
CUST_006870,Makayla Harris,750-41-7830,kkramer@example.net,IVIC63909250024714,64977.19,669.0,0
CUST_006871,Sean Carr,334-26-2897,thomasmichael@example.net,WISY06806192873734,64456.27,594.0,0
CUST_006872,Vicki Jenkins,049-33-1761,shawn91@example.com,BVXN92981518563455,68571.73,321.0,0
CUST_006873,John Cruz,598977014,charlesbennett@example.org,ARVX70796520617550,7439.63,834.0,0
CUST_006874,Michael Wilson,739732281,,ILTN37820666725519,44334.53,798.0,0
CUST_006875,Jonathan Leblanc,634-14-7941,matthew53@example.org,AHBK14661890845553,73725.92,465.0,0
CUST_006876,George Campbell,886743651,michael65@example.org,IYCW98704795046319,1077.83,710.0,0
CUST_006877,Michael Fuller PhD,322-27-1922,bshea@example.net,EYIQ28438665028645,47621.69,827.0,0
CUST_006878,Christina Lee,233-24-0923,amycombs@example.net,YOHD99799350570069,32061.84,735.0,0
CUST_006879,Oscar Mason,677-70-9831,bruce42@example.com,BZNX08225029506586,47743.33,468.0,0
CUST_006880,Daniel Trevino,045-27-4596,,ZRIO34183892800780,41456.08,797.0,0
CUST_006881,Mrs. Elizabeth Coleman,166-57-3911,brian40@example.org,YDLE42222035124015,25121.64,591.0,0
CUST_006882,Michael Blair,011-66-6610,blackeileen@example.org,EEWK05395563094451,10270.54,780.0,0
CUST_006883,Gabrielle Brown,189919748,dferguson@example.com,EHMR66446068198936,24952.24,365.0,0
CUST_006884,Crystal Rodriguez,488-51-1727,michael76@example.org,GPGW75090025303482,41774.93,352.0,0
CUST_006885,Ricky Arnold,267-63-9792,stacy62@example.org,EAIA74903942297855,53776.88,658.0,0
CUST_006886,John Walsh,457-09-3143,travisrichardson@example.net,LOGS62636756559070,18697.89,759.0,0
CUST_006887,Grace Wall,110711913,durankelly@example.org,LLQJ98454987113675,2370.59,325.0,0
CUST_006888,Troy Haas,161072543,allisonhall@example.net,PTJM30846272799503,38874.51,570.0,0
CUST_006889,Kyle Jones,363-89-1964,bellchristopher@example.net,CMKD03314059531571,14457.34,306.0,0
CUST_006890,Raymond Franklin,113-71-9981,juliawaters@example.net,RYBT79765955886912,12139.34,671.0,0
CUST_006891,Craig Banks,134483942,reynoldschristopher@example.org,XUCD41891895526283,5559.73,560.0,0
CUST_006892,Victoria Herrera,855-56-0434,kathyowens@example.com,ZABE47107971113673,1626.45,654.0,0
CUST_006893,Jennifer Smith,857-28-5664,iduncan@example.org,ILEL95111659906112,6764.2,553.0,1
CUST_006894,Jane Gregory,298-32-7585,qsmith@example.com,AKXU09872312155414,19746.23,468.0,0
CUST_006895,Nicholas Rodriguez,719-73-7024,ericksonjohn@example.org,JMLJ14806387736878,63510.7,,0
CUST_006896,Daniel Duncan,689-51-7333,garciaveronica@example.net,PZZX92898583424574,57125.12,467.0,0
CUST_006897,Natalie Erickson,286-34-3773,hendersonwilliam@example.org,MZWM59254071742842,71392.85,439.0,0
CUST_006898,Thomas Howard,693-04-0977,zgray@example.net,FQPP31403126667435,20472.12,718.0,0
CUST_006899,Ronald Cross,320-86-7043,ortizjoanna@example.net,TDGW43447894537818,61152.97,691.0,0
CUST_006900,Alexander Rodriguez,149-29-1121,gstone@example.org,URTQ88992905978461,3876.64,379.0,0
CUST_006901,Elizabeth Taylor,787-05-0985,burkejames@example.com,BRIP87961268304067,73807.09,458.0,0
CUST_006902,Sara Hines,380-47-6343,fphillips@example.com,SBHF45841179206945,12382.7,742.0,0
CUST_006903,Shannon Lewis,466-99-5011,joseph89@example.org,IWQV94705079393999,62367.63,556.0,0
CUST_006904,Andrea Oconnor DVM,894-95-0066,christopherlowe@example.net,DGAN56047482814013,10142.12,552.0,0
CUST_006905,Mr. Christopher Roy PhD,616-73-9943,priscillacurry@example.net,EEWN12827728666343,30410.14,420.0,0
CUST_006906,Tammy Simmons,218-74-8601,mirandachristopher@example.com,DMQT69992104382388,64006.26,336.0,0
CUST_006907,Latoya Ellison,369-36-8661,anthony66@example.com,WXXA45844218538454,57738.48,,0
CUST_006908,Kevin Sims,208-32-3613,michael24@example.org,ZUCE56017986002895,16058.19,315.0,0
CUST_006909,Anthony Shannon,284-43-6651,michaelvaughn@example.com,UUDY00549641287502,67544.91,596.0,0
CUST_006910,Katherine Fernandez,393-32-1648,thompsoncatherine@example.org,EUAZ92653195044253,29839.52,445.0,0
CUST_006911,Andrea Johnson,261-22-8057,john51@example.net,QPBR69872362569204,54951.33,636.0,0
CUST_006912,Jennifer Chandler,403-93-4138,david67@example.com,JMBV21277009684771,44941.7,796.0,0
CUST_006913,Paul Costa,847-08-1891,bradyjordan@example.net,CBCG23879034438864,20439.66,746.0,0
CUST_006914,Toni Fitzpatrick,189034613,gary06@example.org,FWKS36980729786206,37992.52,744.0,0
CUST_006915,Andrew Padilla,888-09-8662,thomasgloria@example.net,GDLU64492268481618,51732.99,625.0,0
CUST_006916,Stephanie Smith,575-08-8933,casehannah@example.net,QGSY11162497952430,44759.51,772.0,0
CUST_006917,Kenneth Watts,620-55-1972,austin35@example.com,CFUY16353342716871,11886.9,787.0,0
CUST_006918,Christopher Jones,809-50-0261,andrew22@example.org,UCUZ14360733005606,2738.22,380.0,0
CUST_006919,Anthony Mcmillan,128-67-3695,kruegerheather@example.com,RRYE79340070371369,23746.43,411.0,1
CUST_006920,Jennifer Chan,285-78-9640,james08@example.com,MBJY23611927411986,1089.82,759.0,0
CUST_006921,Jennifer Martin,234-27-5128,stricklandlisa@example.net,DQGW49907490263409,58403.01,754.0,0
CUST_006922,Marcus Burns,704-42-5360,joshuaguerrero@example.net,PZXJ64218294972223,32074.8,662.0,0
CUST_006923,Robin Graham,320-51-8160,combsmonique@example.com,GWNA03238223435240,61.25,574.0,0
CUST_006924,Jared Williams PhD,296-01-9853,selena12@example.org,SKJF57175726005630,54530.92,520.0,0
CUST_006925,Daniel Wade,896-60-4949,bweber@example.net,WWKQ76021928351988,39177.64,569.0,0
CUST_006926,Dennis Moore,869828695,robinsonantonio@example.org,EYJQ22308153864800,53538.9,747.0,0
CUST_006927,Morgan Archer MD,164-53-4510,sherry00@example.org,WREU49695978471102,74909.94,,0
CUST_006928,Jose Casey,078-57-4912,xmontoya@example.net,WHDU10582845468714,34325.38,793.0,1
CUST_006929,Jennifer Burns,247-37-1192,jennifer28@example.net,GPEP15483753835691,20683.07,631.0,1
CUST_006930,Sherry Parrish,487-79-1684,lmarshall@example.org,IUXY98432856349726,67654.85,498.0,0
CUST_006931,James Casey,197707432,vasquezjoseph@example.net,UYNM50084966600449,44230.24,714.0,0
CUST_006932,Karen White,008426835,davidburke@example.org,ADNO99555308933804,65047.37,835.0,1
CUST_006933,Adam Rivas,235-63-0966,rtran@example.net,OHSK55696483995848,22015.1,674.0,0
CUST_006934,Kendra Thomas,505-68-0616,elliotttim@example.org,DRLD87153467427362,67599.0,310.0,0
CUST_006935,Kimberly Ray,126-21-7274,ralphtate@example.net,DQMD55297035254712,19477.48,370.0,0
CUST_006936,Stephanie Rodriguez,542563294,harrisdennis@example.com,XWCF90621280024967,20738.28,711.0,0
CUST_006937,Ashley Ford,565-51-0803,jerrywilkinson@example.com,TYWB67488326145218,4452.95,510.0,0
CUST_006938,Deborah Lee,106-17-1172,larry29@example.org,NKNV23304948004494,34042.12,744.0,0
CUST_006939,Lori Collins,360-41-7328,fernando27@example.com,NSMQ16754927178138,38479.1,494.0,0
CUST_006940,Corey Nguyen,339-43-9541,,XRNX34350987568662,38767.4,307.0,0
CUST_006941,Kristen Perry,861-62-4256,knappdarren@example.com,ZQFY19972490959602,47985.23,535.0,0
CUST_006942,Alvin Martin,858-38-1231,hayden77@example.org,KAJE24475489527467,30637.65,489.0,0
CUST_006943,Jack Harrison,168659442,amandagilmore@example.com,FUID15632408510904,60646.71,508.0,0
CUST_006944,Sherry Robles,603622567,anthony30@example.net,GTIN08829194394860,52248.26,799.0,0
CUST_006945,Kevin Baker,125-41-4810,victoria52@example.org,KBGK39414104796102,25574.33,512.0,0
CUST_006946,David Dunn,794614238,rubenstewart@example.com,UMRK00210892495076,2080.46,479.0,0
CUST_006947,Whitney Franklin,839-51-1190,kennedythomas@example.net,DJFF51352849605578,17508.4,815.0,0
CUST_006948,Sharon Wong,638-23-4276,lshelton@example.com,FNES68741671848625,29976.67,458.0,0
CUST_006949,Kathy Nielsen,148195344,vmorgan@example.org,YUFA06991089345978,30729.62,556.0,0
CUST_006950,Mr. William Harris,815-08-6879,pamela33@example.com,QNUB94036105126723,43868.34,727.0,0
CUST_006951,Aaron Peterson,882-02-5227,shane96@example.org,DHUK05294764831306,33039.33,526.0,0
CUST_006952,Craig Walls,528-62-6321,davidjenkins@example.net,SKRF49752987000990,70603.46,359.0,0
CUST_006953,Richard Jimenez,389-12-0872,johnsonjanet@example.net,EXML14220807397768,58929.61,829.0,0
CUST_006954,Joshua Brooks,893-39-6437,pamela63@example.org,PSDE56840321921359,18004.02,731.0,0
CUST_006955,Willie Wilson,524691486,jennifer17@example.org,DJDG40479404546507,12662.26,749.0,0
CUST_006956,Russell Jones,760-39-0221,brittanywilliams@example.net,HHMM14398917857850,50773.42,648.0,0
CUST_006957,Michaela Brown,785469912,reidjoseph@example.org,UPLY54897357699193,11526.47,353.0,0
CUST_006958,Margaret Lyons,534-70-8611,stacey64@example.com,OJCH92088762688608,42988.27,694.0,0
CUST_006959,Brandon Joseph,347-89-8670,lori46@example.org,TXSH43197474668484,63581.5,300.0,0
CUST_006960,Kyle Jacobs,533-98-8242,kyle61@example.org,VPAB85094049310006,11463.85,506.0,0
CUST_006961,Deborah Johnson,335-92-7656,kendracook@example.net,GBHP06327615073926,24394.35,490.0,0
CUST_006962,Michelle Hall,245-54-1673,donovantimothy@example.com,YPTE28165086313007,52548.99,791.0,1
CUST_006963,Kelly Cardenas,873-18-7194,durhamgarrett@example.net,UOSG21681646265465,72649.07,325.0,0
CUST_006964,Jimmy Cook,838-43-3502,ramirezmary@example.com,HYHR33298866905668,51337.12,367.0,0
CUST_006965,Margaret Dean,537-88-0786,angelamorton@example.com,IUFO96953672651097,31711.59,785.0,0
CUST_006966,Nicholas Foster,169-46-2044,christopher05@example.net,AWCG27498475384333,16057.47,725.0,0
CUST_006967,Cassandra Horton,521-92-7380,michaelrodriguez@example.com,FPTC22686186471923,62489.79,680.0,0
CUST_006968,Samantha Miller,316-53-0305,ashleysmall@example.org,LNFF39527216772605,16217.85,793.0,0
CUST_006969,Jeffrey Kent,177-01-8560,ushelton@example.com,ZVFG14048820034413,9926.26,583.0,1
CUST_006970,Jeffrey Martin,102-43-5183,aharding@example.org,PZHW32593753605779,50926.13,825.0,1
CUST_006971,Amanda Smith,509716204,davidpowell@example.org,KWUS17325432059456,42200.61,470.0,0
CUST_006972,Savannah Murphy,058-10-8638,sandrabuchanan@example.net,VDDW15151873243821,9354.79,573.0,0
CUST_006973,Janice Bradford,430-19-3399,kellyrichardson@example.net,DPDO11120858855637,47852.59,459.0,0
CUST_006974,Nathaniel Rose,570-77-2519,jtrujillo@example.org,CBIH31743431287002,59105.95,373.0,1
CUST_006975,Lisa Russell,291-27-8774,hanthony@example.org,GNFD32967086736190,32580.96,720.0,0
CUST_006976,John Wise,804194840,ian31@example.net,RUIC53784166358977,59318.09,331.0,0
CUST_006977,Jerome Kaiser,218228748,cheyenne61@example.net,EBED31759853164349,45626.41,309.0,0
CUST_006978,Anthony Avery,665487533,richardsimmons@example.net,JFDY87879446969619,39062.7,404.0,0
CUST_006979,Patricia Stuart,873-99-1721,samantha04@example.com,LFUU74874494152148,36950.06,814.0,0
CUST_006980,Oscar Osborn,574-52-2534,freyes@example.com,SYBB64206359386767,46497.38,333.0,0
CUST_006981,Natalie Green,324-53-2238,schmidtcourtney@example.com,FLUA58502922999739,26601.91,343.0,0
CUST_006982,Dean Spears MD,728648312,iknox@example.net,DUJD29486558115202,23610.41,608.0,0
CUST_006983,Samantha Williams,349-09-2482,joshuapoole@example.org,FUOH35294850940239,312.04,807.0,0
CUST_006984,Kirk Brown,764-11-4284,ffoley@example.com,STXG20217371886296,65294.37,645.0,1
CUST_006985,Bryan Bryant,301469551,lewissarah@example.org,NXTY78469239112180,71723.22,,0
CUST_006986,Melissa Ramirez,515-16-9361,veronica42@example.net,PUPH39963157729139,32085.05,688.0,0
CUST_006987,Aaron Greer,723862301,hmartinez@example.com,TKDF02983412274633,4546.32,651.0,0
CUST_006988,Heather Welch,007-36-7822,simonpenny@example.com,XZCD12925302135582,51814.95,600.0,0
CUST_006989,Patricia Green,769-37-7206,careydevin@example.com,CZWF31949592474202,6400.92,386.0,0
CUST_006990,Karen Lester,468-85-5339,hsimon@example.org,RXNB11639569882902,28723.5,762.0,0
CUST_006991,Nicole Hurley,085-41-2511,jenniferenglish@example.net,OJBL91432410127816,58790.89,693.0,0
CUST_006992,William Zimmerman,238-46-0643,jensencody@example.org,TUXC13179781814360,27640.5,541.0,0
CUST_006993,Ryan Harvey,609-05-4802,xpadilla@example.net,ZPCG18767354547733,52684.45,745.0,0
CUST_006994,Joseph Davis,119599011,maryfuller@example.org,FDGG80670832704073,64048.23,418.0,0
CUST_006995,Mr. James Owens PhD,498-27-3016,curtis80@example.com,BLOS02582368639993,7652.46,320.0,0
CUST_006996,Christopher Lee,554-41-6847,foxdominique@example.org,ZDMY85342652255836,19137.63,407.0,0
CUST_006997,David Stevens,807-58-4968,laurabailey@example.net,TJXI52603816172282,17705.59,760.0,0
CUST_006998,Christopher Mckinney,037-93-7630,hschultz@example.net,WROG17260076617241,45353.22,322.0,0
CUST_006999,Ms. Rachel Torres,420-12-0150,adam13@example.net,ZPSN11818810834013,4796.72,467.0,0
CUST_007000,Jonathan Marsh,447-80-2852,munozpeggy@example.org,HYJZ75589580956829,24442.1,750.0,0
CUST_007001,Richard Koch,529599415,pmarquez@example.com,HUZZ41660534106192,25369.2,696.0,0
CUST_007002,Katherine Schaefer MD,145-77-1557,annawallace@example.net,EJFY46494650702074,18340.37,690.0,0
CUST_007003,Tracey Stuart,158-10-5407,walshdaniel@example.net,ZGYN06312991769998,73128.08,752.0,0
CUST_007004,Roy Walsh,672-97-1903,cassidy05@example.com,GTCJ96127445041398,3471.76,401.0,0
CUST_007005,Kimberly Young,327-66-7919,smithchad@example.net,JZUO02531436992736,36239.13,669.0,0
CUST_007006,Cynthia Chavez,827-01-0725,kevinle@example.org,GGHZ23187197407787,53823.25,435.0,0
CUST_007007,David Paul,566030856,thomasheather@example.com,ETUO87045751746712,43996.18,782.0,0
CUST_007008,Victoria Hall,347-04-9144,bridgestaylor@example.org,EHMF33205125344528,9479.66,613.0,0
CUST_007009,Kevin Johnson,597-37-4327,pattongeorge@example.com,ULHN84935785368223,46655.75,584.0,1
CUST_007010,Kelly Parsons,855-23-5752,wblackburn@example.org,KDYV98375996130322,27968.61,757.0,0
CUST_007011,Kelly Jones,603-87-4931,austindrake@example.com,IGUT60051271057663,28709.58,576.0,0
CUST_007012,Jeffery Pearson,681-49-1158,lmorse@example.org,ORYF93054554276676,43525.84,308.0,0
CUST_007013,David Blair,284469551,rlopez@example.net,QUMD45800623828664,5443.35,604.0,0
CUST_007014,Raymond Williams,706-26-8755,floydrobert@example.net,XNUH39130891654855,54224.94,592.0,0
CUST_007015,Brian Gonzalez,474-39-5548,shanemiller@example.net,GZAB99335265492046,20552.23,769.0,0
CUST_007016,Darren Hall,430-14-3885,dtucker@example.net,CWEC84503610823404,10867.4,721.0,0
CUST_007017,Denise House,852263254,lisa39@example.net,MOHN54671213898302,11814.76,786.0,0
CUST_007018,Jonathan Castro,065-80-7128,jaguirre@example.net,ZFWT77508397998074,45830.06,,1
CUST_007019,Lisa Drake,453-78-9925,dylan44@example.org,XUHK06258171999972,12209.68,331.0,0
CUST_007020,Caroline Moran,659-70-1115,geraldchang@example.net,ALKM09120923331095,8193.79,319.0,0
CUST_007021,Sandra Walsh,396-38-7557,patricia62@example.net,VTPZ89933320951709,-467.95,780.0,0
CUST_007022,Christopher Kane,827-99-8524,jamescross@example.net,MTRO99280623894259,15769.69,477.0,1
CUST_007023,Karen Hernandez,788-06-0479,rjackson@example.net,NVXF53210356619665,69739.84,789.0,0
CUST_007024,Sarah Watson,819-19-4246,bullocktammy@example.net,NEAT86182069446103,17984.51,790.0,0
CUST_007025,Curtis Stokes,545-68-2854,jdoyle@example.net,HGLF67278149063237,54699.45,840.0,0
CUST_007026,Cassidy West,494040568,darrylstone@example.net,GEZU75938520372310,41909.01,,0
CUST_007027,Kiara Mclaughlin,046-05-2978,jason31@example.net,JRBJ34702244783623,55688.8,719.0,0
CUST_007028,Dr. Summer Chavez DDS,411-86-8248,lesliewest@example.com,GVGD61097720416050,1555.55,558.0,0
CUST_007029,Carrie Butler,800-23-9212,gregoryreyes@example.com,UFEG86596883643330,33664.38,620.0,0
CUST_007030,Alvin Arnold,548-50-7346,bethany13@example.org,DSLY92900771773220,61193.0,644.0,0
CUST_007031,Veronica Hoffman,124-27-4292,christopher79@example.com,EDGY08121373459482,3153.95,332.0,0
CUST_007032,Melanie Goodman,129-99-9204,,RENV56733209512929,67203.37,,0
CUST_007033,Kellie Barnett,654-34-2623,mollystone@example.net,KSMA13709247810257,11798.92,319.0,0
CUST_007034,Manuel Edwards,276-55-0246,barbara42@example.org,FJWY57276990827342,26294.56,837.0,0
CUST_007035,Matthew Marquez,679-02-1474,karla11@example.org,LUCY23880961222215,44883.77,523.0,0
CUST_007036,Melinda Reynolds,019-63-4934,acostaerica@example.org,XJXE28612427906614,600.86,578.0,1
CUST_007037,Adam Adams,188-16-5225,lori62@example.com,TICP97855671451663,38309.21,573.0,0
CUST_007038,Joshua Romero II,308-91-4608,connie91@example.net,WEMT74966481603114,63343.25,478.0,0
CUST_007039,Benjamin Nielsen,703-50-1563,shelby19@example.com,KFRL17195263384428,55578.54,502.0,0
CUST_007040,Laurie Jones,589-99-5386,,DXLW15235070897047,63028.11,618.0,1
CUST_007041,Stacy Lindsey,870-36-7663,mejiaalexander@example.com,RREW17075051633635,23696.42,703.0,1
CUST_007042,April Kent,352-14-1694,brad89@example.org,MJTJ51603772286831,70820.71,672.0,0
CUST_007043,Herbert Johnston,731-98-8939,paul36@example.com,ABPB62494242198733,39864.93,364.0,0
CUST_007044,John Cannon,386-91-1537,schmittrachel@example.org,ZKLY97862835197620,49961.63,717.0,0
CUST_007045,Dennis Berry,769-39-9453,lwilson@example.com,EYCG82925590606404,27393.85,670.0,0
CUST_007046,Jennifer Jackson,204-37-6644,justincooper@example.net,IOAB29899698522982,4147.41,587.0,0
CUST_007047,Mrs. Sheryl Mason,458-51-2902,pford@example.net,ROWZ56623205722722,22354.97,353.0,0
CUST_007048,Jacqueline Reed,208-52-7036,james36@example.com,BCYZ02138102504022,12552.83,822.0,1
CUST_007049,John Stokes,657842187,luis28@example.com,FLSY58187727727116,24712.94,517.0,0
CUST_007050,Fred Brown,711-68-2658,hbuckley@example.org,OZHI41120314221732,47034.06,740.0,0
CUST_007051,William Rogers,183-85-6441,charlesobrien@example.org,NBSI99314314802512,55969.85,302.0,0
CUST_007052,Brenda Johnson,076-35-5754,ssmith@example.com,QGZP45245357167019,58553.9,818.0,0
CUST_007053,Dennis Price,728737467,anthonyjensen@example.com,JOBA26314203324302,17987.21,563.0,0
CUST_007054,Mark Ramirez,668-25-7665,teresa58@example.com,JSEH20517636805675,65142.96,624.0,0
CUST_007055,Keith Brown,590-69-4627,beckerstephanie@example.org,TDJF29029258375227,50075.68,353.0,0
CUST_007056,Jack Smith,782-52-0147,rwagner@example.net,CDZF59210643171786,53287.46,,0
CUST_007057,Jessica Adams,560-91-7082,darmstrong@example.net,IDRP14877159596809,32022.16,398.0,0
CUST_007058,Kelly Hernandez,834615334,kendrajimenez@example.org,ASLK98791704686696,15998.62,,0
CUST_007059,Jamie Rodgers,860-80-2530,jeffrey98@example.org,VDDY80917176171511,39903.44,687.0,0
CUST_007060,Nicole Valenzuela,596039350,jstewart@example.org,ZXMM23717568162837,66848.84,430.0,0
CUST_007061,Andrew Logan,728-10-2568,mcintyreheidi@example.net,FRJV73493358551135,43626.51,468.0,0
CUST_007062,Jennifer Wells,026-84-5784,ponceolivia@example.org,NVZM10851113392941,70023.65,348.0,1
CUST_007063,Roy Williams,875-07-1552,kruegerjessica@example.com,QLFX41492040675906,25341.38,493.0,0
CUST_007064,Stacy Castillo,697-81-2107,utravis@example.net,VZFD50248756545213,54700.73,514.0,1
CUST_007065,Emily Kramer,040-94-0798,martinezsusan@example.org,QAXG20396905911690,1395.67,638.0,0
CUST_007066,Katherine Hampton,226-64-5723,brittanyjohnson@example.com,RKPI00663954216017,69598.95,691.0,0
CUST_007067,Richard Clark,195-61-4324,michaelbentley@example.net,UHOH06566217047758,28534.4,653.0,0
CUST_007068,Matthew Cox,485102468,jenkinsdeborah@example.net,WOZD29011684414776,60675.0,548.0,0
CUST_007069,Gene Johnson DVM,576-62-1126,emilyclark@example.org,XOWH46906289758264,50993.92,381.0,1
CUST_007070,Brian Alvarez,083-17-6958,dphillips@example.net,RQCZ52471562643937,32711.77,491.0,0
CUST_007071,Heather Gonzales,634-41-8341,briangaines@example.net,NEXL22113927316299,42222.87,793.0,0
CUST_007072,Billy Rogers,661-23-5007,davisalejandro@example.net,DZKC03186375592418,38641.63,312.0,0
CUST_007073,Kristin Ramirez,381-36-9613,garnerrobert@example.org,UIIR39378812234920,26783.12,835.0,0
CUST_007074,Steven Byrd,719-34-4466,sheila34@example.com,CLHK46589691244373,62359.65,599.0,0
CUST_007075,Joseph Sharp,305708213,erobertson@example.net,IWNC69234667705892,27977.77,778.0,0
CUST_007076,Brandi Clark,773227046,matthewcontreras@example.com,EVGR15375887131822,39838.94,819.0,0
CUST_007077,Teresa Adams,115-04-3223,,UXFM57146587037674,43272.3,332.0,0
CUST_007078,Samantha Lyons,423380072,yhughes@example.com,ATCB96312943906363,67922.6,346.0,0
CUST_007079,Jeanette Quinn,284-06-6364,,GNSH97001935999376,34434.67,594.0,0
CUST_007080,Renee Brown,070953138,millsheather@example.org,UZNL78839654084031,39739.01,791.0,1
CUST_007081,Brian Miller,806-30-1038,aschroeder@example.com,RFYD81095139766865,46998.61,,0
CUST_007082,Pamela Watson,730-22-8458,amber58@example.com,EBJJ03805973115815,47476.54,795.0,0
CUST_007083,Lisa Porter,685-52-2332,cassie01@example.org,BPVA98728488960358,8619.84,485.0,0
CUST_007084,Madison Chavez,321-20-4842,johnsondaniel@example.com,BUAR44059172186064,45587.01,373.0,0
CUST_007085,Paul Barron,157-69-7166,connie20@example.net,MWSE40404430454742,66937.12,384.0,1
CUST_007086,Bradley Gomez,034-74-2804,zstewart@example.org,FCTF32326942734225,20231.3,367.0,1
CUST_007087,Thomas Mccarthy,326-74-5390,deniselopez@example.org,VOMI02608869203219,32944.05,730.0,0
CUST_007088,John Henson,332162753,,HWEW73508046520254,7532.96,497.0,0
CUST_007089,Michael Sims,602-74-8679,tonyhanna@example.com,CAPU39062001046471,64867.37,526.0,0
CUST_007090,Tiffany Mckinney,306-96-4943,victoriacoleman@example.com,HLJO19813211805410,3985.83,804.0,0
CUST_007091,Brian Long,290-03-5146,herreramargaret@example.org,AUYL25828959579802,52027.89,,1
CUST_007092,Gregory Johnson,497-23-2336,carolinejohnson@example.net,VEFH30465722074042,41494.57,540.0,0
CUST_007093,Kimberly Holt,153834803,daviswilliam@example.org,WOET54866329297915,22202.65,558.0,1
CUST_007094,Phillip Wilson,585-20-5301,michaelgomez@example.net,GWGB74837849972969,29205.87,740.0,0
CUST_007095,Lori Campos,012912751,petersonjeremy@example.net,VGZQ85999841873375,39638.38,468.0,0
CUST_007096,Dawn Roberts,764-39-5306,iirwin@example.com,LBMS52268436155368,11651.05,326.0,0
CUST_007097,Alexander Garrett,107-90-7016,robert90@example.org,AATA86058088915859,39746.3,347.0,0
CUST_007098,Brian Brown,116-97-1698,kbenton@example.com,ARWF84103163782789,57438.39,577.0,0
CUST_007099,Amanda Smith,531-57-6045,tylermahoney@example.net,TOVP02387913411237,47049.49,,0
CUST_007100,Robert Carr,433-45-1961,jessica21@example.net,CPMB84926371478050,54728.51,708.0,0
CUST_007101,Carlos Ramirez,199-68-0865,aliciabaker@example.net,KRXM70590290996370,54457.57,586.0,0
CUST_007102,Caitlin Wade,108-41-7712,stacy99@example.com,QPZO45441077404031,1065.07,522.0,0
CUST_007103,Danielle Rivera,219-51-0323,james74@example.com,GFNE07189476394494,63909.44,622.0,0
CUST_007104,Mark Pace,447-26-9631,steven42@example.com,NYNT97760933244507,62875.38,498.0,0
CUST_007105,Katelyn Vargas,261-69-4563,,ITYX96418854633109,12644.34,774.0,0
CUST_007106,Kayla Lam,510-44-8386,guerraclifford@example.net,GNYU30856054456194,34880.18,645.0,0
CUST_007107,Kimberly Williamson,107-04-9568,heatherdennis@example.com,TDNS72321154896047,32279.55,597.0,0
CUST_007108,Paula Francis,145-94-1143,michael59@example.org,XAHG23049430972899,25283.16,406.0,0
CUST_007109,Tonya Finley,612721192,lindseyburke@example.org,YZGS05274163684660,3478.7,657.0,0
CUST_007110,Zachary Garcia,428-19-1164,amy37@example.net,BVRN62868179185054,28815.88,530.0,0
CUST_007111,Kathryn Gibson,782-32-7397,mitchellkathleen@example.org,AZST31384229382680,58599.1,564.0,0
CUST_007112,Michelle Herrera,157988734,jlopez@example.net,OCKS56099604569166,482.38,827.0,0
CUST_007113,Eileen Snow,668-62-3999,wallacenicole@example.org,WNAF17245559705560,27233.81,321.0,0
CUST_007114,Joseph Murray,454-16-7881,rachaelalexander@example.com,BKJJ15551889908870,23551.24,775.0,1
CUST_007115,Thomas Yoder,220-84-8275,kramerdustin@example.org,CYCV35139082500711,52528.78,828.0,0
CUST_007116,Douglas Smith,073-43-3156,denisemiller@example.org,HAUH84221502756052,63753.04,764.0,1
CUST_007117,Karen Martin,629-39-7252,apruitt@example.org,IHJM20259803009963,9216.51,641.0,0
CUST_007118,John Johnson,371-08-6111,,LHUN21201208649336,8148.22,312.0,0
CUST_007119,Joshua Dawson,321-18-3050,xhendricks@example.org,IJMI37606669729496,48180.77,580.0,0
CUST_007120,Anthony Moore,133-66-9937,jennifer15@example.net,YVPJ14407820901888,66421.11,658.0,0
CUST_007121,Jose Acevedo,097-58-1247,richard60@example.org,HYLG97239037268836,13953.0,777.0,0
CUST_007122,Rachel Wiggins,359-13-2354,jesusscott@example.com,WPIB06441187830718,69366.46,803.0,0
CUST_007123,Sandra Franco,892826827,kathleenscott@example.org,JGJR39475395488954,27731.5,697.0,0
CUST_007124,Michael Green,549-79-6529,david26@example.net,WEQE56624612417776,49939.43,555.0,0
CUST_007125,Sarah Alexander,871-26-1222,derek51@example.com,OMFL40732500217360,54199.57,661.0,0
CUST_007126,Kristin Livingston,898-26-0092,kevinferguson@example.org,KFZN92791602663479,60709.21,659.0,0
CUST_007127,Darin Ellison,275-33-1234,julieho@example.net,YXDE98952045670263,54493.83,527.0,0
CUST_007128,Madison Collier,491-96-1207,andrea09@example.org,WGXD58967548241220,10896.52,728.0,0
CUST_007129,Laura Salas,888-39-4072,powellrobert@example.com,XTOH19489673879012,73238.3,652.0,0
CUST_007130,Robert Lucas,770-64-6157,stephen68@example.org,RTAV51309083998712,37636.91,598.0,0
CUST_007131,Margaret Friedman,883677851,alexis70@example.net,VLTE77731778597676,43264.67,317.0,0
CUST_007132,Luis Norris,517650100,suzanne68@example.net,VHUE84319208365362,53832.78,718.0,0
CUST_007133,Donna Neal,226-71-0922,chasehannah@example.net,AEWS08050918876089,72763.72,847.0,0
CUST_007134,Kyle Pugh,308-19-3102,craig53@example.com,WWBC44166355585706,69794.85,580.0,0
CUST_007135,Manuel White,539-93-4482,dyerthomas@example.org,YHIM83810293906794,4123.37,834.0,0
CUST_007136,Bethany Duncan,658-43-6179,ashleyrobertson@example.org,EYKI12205531773806,18286.48,798.0,0
CUST_007137,Carmen Chambers,418-65-6725,rickymoore@example.org,SUNT91943516120554,34514.24,447.0,0
CUST_007138,Julie Lee,241837699,andrea13@example.com,ENWM68221923610629,46101.18,592.0,0
CUST_007139,Karen Goodman,203-89-1891,,JQII75137139372595,39384.2,609.0,0
CUST_007140,Ann King,341-71-4767,zmoreno@example.org,RBMN65004593420796,43569.44,643.0,0
CUST_007141,Mrs. Emily Meyer,441-91-3256,leonemily@example.org,CKGL43765585478632,41514.84,656.0,0
CUST_007142,Anthony Tapia,321512485,melendezeric@example.org,HIYV64811412973543,67886.32,528.0,0
CUST_007143,Pamela Phillips,512-75-3811,perezbreanna@example.com,HVWV50966166870833,50115.5,776.0,0
CUST_007144,James Oneal,016-18-8223,maryperez@example.net,PVVD43706295333318,7373.58,752.0,1
CUST_007145,Mrs. Stacy Bennett PhD,312-36-1929,catherinewarner@example.org,OJCB19506606055221,31612.08,486.0,0
CUST_007146,Jennifer Daniels,362636278,devans@example.com,BEHD59378383822065,38461.32,639.0,1
CUST_007147,Tamara Choi,626-99-6859,paigemayo@example.com,HOFB76803191383056,27488.35,772.0,0
CUST_007148,Gary Austin,686-15-2835,,FYJM31975103589441,21928.94,566.0,0
CUST_007149,William Wilson,452-81-8244,qarnold@example.com,DMRV23094260834763,46734.02,662.0,0
CUST_007150,Jamie Johnson,521-31-3184,charlesmontoya@example.net,CFWW15971878572555,71602.3,796.0,0
CUST_007151,Cathy Roberts,277-23-9712,pamelalong@example.net,VYJB21530662660456,16551.29,555.0,0
CUST_007152,Angela White,179-65-4332,gjones@example.org,XWNL83415008972366,17232.92,658.0,0
CUST_007153,Teresa Robinson,076-08-7650,mary60@example.org,XNQK16508648066189,9129.86,562.0,0
CUST_007154,John Eaton,433-06-9458,kjohnson@example.net,ALGT42048369263700,40024.7,696.0,0
CUST_007155,Brandi Davis,575148976,stewartwilliam@example.org,VNLO14705011632231,22845.84,798.0,0
CUST_007156,Teresa Allen,773-14-5092,lnielsen@example.com,IEZC94084747226166,19284.6,405.0,0
CUST_007157,Victoria Obrien,772-78-9939,mckenziewilliam@example.org,MCLS43609322358643,21614.04,773.0,0
CUST_007158,Richard Meza,058-37-0045,bhansen@example.org,TWZV88054122214338,47016.34,818.0,0
CUST_007159,Michelle Nguyen,066692553,brianford@example.org,MAMZ18070950006715,20770.68,308.0,0
CUST_007160,Shawn Johnson,368-54-9829,shermanrobert@example.net,PSZP80001099565928,32904.36,801.0,0
CUST_007161,Kathryn Barrett,064-76-8754,ndixon@example.com,BFFT79042148534442,25026.5,304.0,0
CUST_007162,Stephen Bennett,425591646,rickeygarcia@example.net,FIMT13534936860283,42529.1,558.0,0
CUST_007163,Adam Grimes,311310336,david05@example.net,OBSQ89833988613394,60059.62,850.0,0
CUST_007164,Catherine Brown,856-76-4641,ttapia@example.net,QUXV94039900431356,29877.88,399.0,0
CUST_007165,Xavier Dorsey,394-07-2886,hannah94@example.com,QVSF75838345633073,1986.71,550.0,0
CUST_007166,Nathan Mckenzie,201-75-1627,danielgonzalez@example.org,WOTB17976957682253,23583.43,763.0,1
CUST_007167,Paige Smith,783203079,april90@example.net,DJYS92628383719082,65832.02,627.0,0
CUST_007168,James Robertson,853-04-4138,johnwalker@example.com,BRZH97125254216121,115.3,326.0,0
CUST_007169,Christine Parker,408-19-7176,bjones@example.com,QAJX08136549064404,519.88,553.0,0
CUST_007170,Michael Thomas,890-31-9204,parkerkari@example.com,GPHO75870933183110,40734.68,706.0,0
CUST_007171,Anthony Morales,260-14-1400,josephkelley@example.net,TAKL55544382984093,49001.35,458.0,0
CUST_007172,Tiffany Burgess,408-91-3600,sarahthornton@example.com,ECBM98527877128691,4136.77,364.0,1
CUST_007173,Lucas Fleming,735-52-9793,sally29@example.org,HOQJ03342144365933,14982.67,778.0,0
CUST_007174,Carl Brooks,633530839,david24@example.com,QGPK65642691446826,4716.63,369.0,1
CUST_007175,George Beasley,071-25-5095,kimberlyhenderson@example.com,MFXL99569015720923,58284.16,429.0,0
CUST_007176,Edwin Lowery,702-34-4884,ramirezdebra@example.com,IFSQ89242385597721,51937.41,615.0,0
CUST_007177,Jessica Allen,749-85-2068,sharonatkins@example.com,XLHZ70296474298281,24576.01,543.0,0
CUST_007178,Emily Whitehead,410-28-2844,lindamontgomery@example.net,DUNT21745705310489,43488.26,799.0,0
CUST_007179,Kristina Reyes,446-19-5904,kathleen66@example.com,TQNG59263728964581,3502.74,444.0,0
CUST_007180,Jennifer Martinez,730-32-8247,colemanleslie@example.net,FIFW80868394430205,63613.13,816.0,0
CUST_007181,Charles Allen,670472265,johngonzalez@example.net,OFSQ30816310695481,16190.45,709.0,0
CUST_007182,Danielle Pennington,435-30-3769,rayleah@example.com,RGUG30579418602076,32318.01,327.0,0
CUST_007183,Juan Rice,863-42-7708,hmurphy@example.net,UJFV48888209005784,900.58,453.0,0
CUST_007184,Andrew Garcia,281-79-7843,chriscox@example.org,APOI06079387965585,56728.79,604.0,0
CUST_007185,Kevin Roberson,636-03-4974,roybuchanan@example.com,DYDS09257019354267,48732.24,491.0,0
CUST_007186,Julie Short,128-26-1658,wattsshawna@example.org,MJNB58772941540976,51574.11,581.0,0
CUST_007187,Erin Johnson MD,372-39-2572,william99@example.org,FQYJ05357391685458,41963.04,423.0,0
CUST_007188,Ashley Soto,245-60-0056,terrancefarrell@example.com,CNRF02522378590821,22214.29,795.0,0
CUST_007189,Michelle Kelley,775-82-3128,molly30@example.org,OHYD55866944137877,12660.43,488.0,0
CUST_007190,Danny Hunter DDS,154774052,tcooper@example.com,IDEO43032151076211,40274.99,322.0,1
CUST_007191,Melissa Johnson,169-07-9597,jordanjohn@example.com,AFSQ78768092579186,3713.26,323.0,0
CUST_007192,Mary Nolan,165-73-3324,fmartin@example.net,ATOA59824002795533,21034.46,515.0,1
CUST_007193,Teresa Reeves,711-69-8029,edeleon@example.net,EHFN64736331069198,51263.76,431.0,0
CUST_007194,Adam Wall,680-96-6170,ivanmolina@example.com,IZDG56981320431303,65429.88,731.0,0
CUST_007195,Steven Hopkins,142739552,qphillips@example.org,SDUD52442308646954,44784.31,313.0,0
CUST_007196,James Herrera,434-66-3137,harrisonerika@example.net,ZPDF44622312679846,58419.99,689.0,0
CUST_007197,Jason Fernandez,737-34-7472,stephenhenderson@example.com,YKYJ65646553859948,73582.47,,0
CUST_007198,Morgan Booker,337-26-7804,huntstuart@example.org,ACTM03496267304517,25544.01,340.0,0
CUST_007199,Mary Bridges MD,583-46-1161,bfrancis@example.org,WHTU25593510573869,19833.29,735.0,0
CUST_007200,Monica Pineda,704-01-9510,rgonzalez@example.net,BOVM25819336119443,36086.62,463.0,0
CUST_007201,David Porter,263337582,uwilkerson@example.net,MHJR26507863664940,17832.61,355.0,1
CUST_007202,Rachel Bailey,359963305,breannalyons@example.org,RSGO82266094673523,40013.1,330.0,1
CUST_007203,Charles Lamb,497-20-5363,ipalmer@example.com,FLHD45365600078327,53566.82,727.0,0
CUST_007204,Sherry Stark,643-91-6146,luis71@example.org,GDWV18327455391641,5577.88,314.0,0
CUST_007205,Cindy Garcia,632-37-8470,fmartin@example.org,OISD18451288161335,11345.11,315.0,0
CUST_007206,Mr. Travis Hill,424-82-7266,murrayjacqueline@example.com,DVQL91913031399225,18314.02,743.0,1
CUST_007207,Douglas Delgado,319-70-6924,briansingh@example.com,PULT26275133733599,63597.48,687.0,0
CUST_007208,Margaret Ortega,349-53-8642,weisscarrie@example.net,BTWM47295777390789,24555.66,723.0,0
CUST_007209,Heather Miller,368-43-2680,hwheeler@example.org,LCMX79294571665794,54216.2,736.0,0
CUST_007210,Nicole Quinn,151-20-4217,waltersalexandra@example.net,TBZE03397079417586,12169.19,710.0,0
CUST_007211,Patrick Walters,639-21-7554,daltondavenport@example.com,KZRJ23142905649193,3371.03,479.0,0
CUST_007212,John Murphy,828-84-9439,mayodustin@example.com,ZRDL95133077268909,18324.12,592.0,0
CUST_007213,Jeffery Vaughn,156980302,bbrady@example.org,POML52411926886831,46814.13,820.0,0
CUST_007214,Yvonne Shepherd,302-35-7804,robertmoore@example.org,LUPN76395484643162,52285.8,680.0,0
CUST_007215,Amanda Snyder,033893321,travisfranco@example.net,OPMQ67518923629922,35919.88,737.0,0
CUST_007216,Emily Tran,414-93-0103,fitzgeraldscott@example.org,KICT25645514678575,7385.82,703.0,0
CUST_007217,Timothy Burton,741-56-5889,jason30@example.org,UBTG02151596583530,26979.88,656.0,0
CUST_007218,Paul Lopez,736194723,johnsonmichael@example.com,DUIN25084234718574,7291.03,495.0,0
CUST_007219,Jason Davis,797402602,garrett64@example.net,BZAS27392060975787,49913.86,771.0,0
CUST_007220,Courtney Roberts,159-72-6990,baileymarcus@example.com,VWVW44519399541577,-61.44,410.0,0
CUST_007221,Kevin Vargas,580-25-5934,emilybartlett@example.com,CPBG10728108845392,70532.97,498.0,0
CUST_007222,Kimberly Williams,275-23-3570,bobby28@example.net,WFUI29100246189568,64888.16,832.0,0
CUST_007223,Carl Reilly,098-19-1704,juliesmith@example.net,PALO34654759229134,51176.11,577.0,0
CUST_007224,Brian Esparza,169-72-8509,coopercrystal@example.net,MLHE91322413610214,58054.0,699.0,0
CUST_007225,Bruce Le,302-20-0462,floresandrew@example.net,YDNG98872217487131,31052.35,700.0,0
CUST_007226,Drew Lopez,522578997,cgarcia@example.org,YCSH10758970477856,60290.6,692.0,0
CUST_007227,Deborah Davis,549-87-5695,antoniosanders@example.com,BUWM05587499189307,21615.04,383.0,0
CUST_007228,Kaitlin Wolfe,152330571,troymendoza@example.org,LQPA07269052019131,67841.69,757.0,0
CUST_007229,Angie Krause,504-19-6872,woodjennifer@example.org,FRFF08289664180806,23757.09,366.0,0
CUST_007230,Mrs. Megan Bentley,636-66-2907,zwalker@example.org,KSNX92448686584305,36501.95,363.0,0
CUST_007231,Valerie Lee,665-10-5159,nshaw@example.org,OFZM47920490014360,22300.47,644.0,0
CUST_007232,Jennifer Weber,433-91-4754,stewartheather@example.com,DIQP74286581298381,42778.54,683.0,0
CUST_007233,Larry Chandler,238458882,dustin18@example.org,DQCM26361327018924,6330.3,335.0,0
CUST_007234,Joshua Lyons,441-31-0368,christinehernandez@example.net,EOQK64380137628885,38776.34,547.0,0
CUST_007235,Johnny Collins,351-89-3345,rodriguezbrianna@example.org,MLNJ18748459554895,57251.72,567.0,0
CUST_007236,Christopher French,273-81-8228,bcruz@example.org,PNWE03952618965074,51824.25,357.0,1
CUST_007237,Diane Watson,351-45-0523,robertmorrow@example.org,OIJG86333714138536,5355.84,404.0,0
CUST_007238,Ana Stone,416-29-5656,audrey51@example.net,LNKJ75433443354934,57745.46,640.0,0
CUST_007239,Leslie Campbell,306-57-8921,stacey08@example.net,ZGWP44026344703866,30579.92,437.0,0
CUST_007240,Linda Holden,106-15-6087,mperry@example.org,QEEO29740400066637,47363.11,334.0,0
CUST_007241,Michael Willis,379-42-8797,mendozajames@example.com,TUZJ39475758099814,58478.73,796.0,0
CUST_007242,Cheryl Brown,509-36-3056,ynguyen@example.net,UPSI61263542520644,50819.12,302.0,0
CUST_007243,Anthony Hernandez,777-73-0404,zunigamatthew@example.net,CJJM94918045019341,71989.12,551.0,0
CUST_007244,Rebecca Crosby,501-26-2087,deborahmendez@example.org,SWGL87944528873126,13031.73,807.0,0
CUST_007245,Michelle Wade,431-28-0365,matthewgreen@example.org,HAAT07873288573646,54015.32,390.0,0
CUST_007246,Steven Waters,590-11-6171,harrisjennifer@example.org,SBVB81456366610112,64011.95,397.0,0
CUST_007247,Kimberly Harrison,439-02-0951,bradley42@example.net,GZNV34606640606032,27122.12,569.0,0
CUST_007248,Valerie Greer,228-78-5831,samantha95@example.org,IFHY39935340914087,28828.73,445.0,0
CUST_007249,Rachael Wall,417-38-8805,sally61@example.com,FWFX55784071491209,11109.27,472.0,0
CUST_007250,Andrew Ramos,158907435,michelle66@example.net,CEEM21881029980058,60108.87,542.0,0
CUST_007251,Daniel Miller DDS,065-18-5794,iritter@example.net,LPHT74418081679687,16539.34,317.0,0
CUST_007252,Dr. Stephanie Christensen,073-63-2828,gzavala@example.org,NWQY66575636997700,35231.95,469.0,0
CUST_007253,Paul Walker,315-17-3753,qrobles@example.net,IDBH48320872086704,31121.66,530.0,0
CUST_007254,John Skinner,015-78-1015,johnsonlaura@example.com,NGZW58721407234176,27482.92,364.0,0
CUST_007255,Kevin Williams,731325755,andersongeorge@example.net,DPOX36275125116076,42069.15,749.0,0
CUST_007256,Cory Terrell,369-51-2773,stewartolivia@example.com,ZTCN06326820170590,65504.37,668.0,0
CUST_007257,Cynthia Foster,326-77-1809,andreacoleman@example.org,UMXQ43555259456358,68011.7,303.0,0
CUST_007258,Ronald Smith,886-10-6494,murillocassie@example.org,EITE69046662941098,28817.68,595.0,0
CUST_007259,Justin King,458-86-7055,antoniomolina@example.com,ODLH54108455636042,7245.54,622.0,0
CUST_007260,Christian Mcdowell,873-58-6069,aaronnichols@example.com,EIYC44878479438757,23904.72,339.0,0
CUST_007261,Sarah Martin,259-55-1094,austinestrada@example.com,BKAB04397475896101,37011.2,436.0,0
CUST_007262,Larry Smith,879180300,tdean@example.org,GYJO18720344634468,869.8,708.0,0
CUST_007263,Diane Torres,893-14-3892,yangbrian@example.com,BYOI88178147362677,31933.74,780.0,0
CUST_007264,Erika Harris,057-04-2691,markwells@example.org,IAER07051740040437,17784.57,380.0,0
CUST_007265,Joseph Rodriguez,448615609,nduffy@example.net,TYLW66718834441630,53764.91,350.0,1
CUST_007266,Wayne Patel,747-96-3308,brian93@example.org,BIOX47363776394129,10403.26,461.0,0
CUST_007267,Misty Williams MD,762480953,barbara15@example.net,ZIWA85187561110947,19852.46,434.0,0
CUST_007268,Travis Stout,036-53-6921,eking@example.com,PRBA49120974935581,55237.38,459.0,0
CUST_007269,Daniel West,789-75-8783,wjones@example.com,AYCD88826308689334,57936.82,357.0,0
CUST_007270,Patrick Chambers,534-65-8359,goldenrachel@example.com,QGZQ02084137126259,45072.03,464.0,0
CUST_007271,Candace Nichols,657871445,heather43@example.org,FAHI92060901398587,36367.22,398.0,0
CUST_007272,Sarah Heath,594631122,mary61@example.org,APUF21537353152946,23864.92,689.0,0
CUST_007273,Benjamin Jackson,558-99-4578,shawnbooth@example.com,IDAV34728099902073,20691.17,831.0,0
CUST_007274,David Ray,667-98-8345,melanieswanson@example.net,ZNGQ33368394291806,67420.73,850.0,0
CUST_007275,Mark Hall,478-60-1659,brownbruce@example.com,LXMI05244989840174,43291.63,671.0,0
CUST_007276,Jaime Cameron,393-72-5938,cookbrian@example.net,DZHE15724392795070,-479.85,776.0,0
CUST_007277,Jesus Smith,105-57-0296,kimcastro@example.net,KSND04534106544366,27942.19,431.0,0
CUST_007278,Mary King,442-57-4267,joycooper@example.net,WTIL15035088962278,31441.93,467.0,0
CUST_007279,Jeffrey Brown,808-63-1943,hsharp@example.com,JRAG80416354745429,31913.79,449.0,0
CUST_007280,Jonathan Smith,243-71-5678,hernandezkaren@example.net,YFWJ96403476515160,52930.86,765.0,0
CUST_007281,Hunter Torres,066852692,makayla45@example.com,ITFZ09969753707016,70949.01,459.0,0
CUST_007282,Bruce Brown,020375337,stevenkim@example.org,ZRZA82804734003539,74366.59,842.0,0
CUST_007283,Laura Jones,264-65-4440,john52@example.org,RLEY59249088947872,37257.75,633.0,0
CUST_007284,Kimberly Richards,611-73-5021,anne41@example.com,IOAV48190517694877,28551.03,796.0,0
CUST_007285,Tim Reeves,661-13-0412,robert29@example.org,JIFJ17942166197815,74001.87,343.0,0
CUST_007286,Gary West MD,452-13-7222,cristian71@example.com,JVQC98909163821002,12468.64,646.0,1
CUST_007287,Kim Wood,863-88-1663,taylor82@example.net,OSUN69956972070043,27410.92,753.0,0
CUST_007288,Teresa Hood,653-65-7425,sarah47@example.org,NLHA06571168832216,42933.79,532.0,1
CUST_007289,Patrick Schmidt,863-53-1691,edwardsjohnny@example.com,QPBR82619257105959,68120.26,493.0,0
CUST_007290,Katrina Curry,031-92-2463,ghuang@example.com,FGDP29661187179880,14354.69,650.0,0
CUST_007291,Brian Delgado,509-94-5775,bdavis@example.com,JXJP50630992650410,15145.33,834.0,0
CUST_007292,Deborah Johnson,571-57-0176,davisjohn@example.org,VYWD64292567684570,5516.33,322.0,0
CUST_007293,Amanda Ferguson,200-11-5565,lynchpatrick@example.net,UTBM88988828460594,25190.97,793.0,0
CUST_007294,Elizabeth Cochran,222355317,henryreed@example.net,SOTQ68076526152005,25574.96,788.0,0
CUST_007295,Timothy Saunders,045-67-5564,wpetersen@example.com,OPFT67428427711658,-71.36,304.0,0
CUST_007296,Charles Nguyen,556-42-5024,iramos@example.org,ERFM13083939897232,60910.76,815.0,0
CUST_007297,Jesse Carlson,509-08-8807,nsmith@example.net,XZYE17228211676565,47073.04,658.0,0
CUST_007298,Michael George,604-66-2220,,CLOP25214605997775,27188.34,689.0,0
CUST_007299,Theresa Rodriguez,435194517,betty90@example.com,RURM64276062903525,9796.58,442.0,0
CUST_007300,Paige Gomez,050-49-2118,robert66@example.com,VXOH01072188601600,12539.79,433.0,0
CUST_007301,Andrew Kane,553-73-6412,qhernandez@example.org,KEKO25380008549888,19445.72,405.0,0
CUST_007302,Lori Lewis,242-11-0838,stephanie07@example.com,DQPD87014280475934,27280.72,720.0,0
CUST_007303,Cody Robbins,603-01-5288,sarahjackson@example.org,PKSP05246262871863,30315.86,730.0,1
CUST_007304,Joseph Gates III,350030382,kvega@example.com,CULR06740745852340,61969.01,350.0,0
CUST_007305,Robert Maldonado,537-57-0255,jennifer81@example.com,QSJN72470519121646,14628.61,573.0,0
CUST_007306,Michael Brown,069-21-9108,wwalker@example.org,QXFI20603267239706,73370.17,459.0,0
CUST_007307,David Lopez,024-57-0896,csmith@example.com,UTEV42425939775898,10087.54,717.0,0
CUST_007308,Jerry Garcia,799-63-8142,juanvelazquez@example.org,RADH37370733416288,52009.39,512.0,0
CUST_007309,Jordan Nguyen,366-90-4799,brooksgabriel@example.org,LRLI38314147294103,13849.85,422.0,0
CUST_007310,Brittany Clay,561-20-9141,davidmoore@example.org,YHPF94681165354811,39778.98,330.0,0
CUST_007311,Karen Turner,315-05-9011,bryanthomas@example.com,MGEG65454040937084,71088.68,490.0,0
CUST_007312,Tina Mullins,697-90-9507,stephenortega@example.com,DGLC30667631083786,20310.46,754.0,0
CUST_007313,Megan Smith,097-35-2627,cassandra89@example.com,UGTX30525156345010,46768.2,690.0,0
CUST_007314,Ricky Fritz,006877793,carol07@example.org,QRRN00677483479278,17073.11,777.0,1
CUST_007315,Heather Romero,471-43-2043,othomas@example.org,PPLK61701028166177,2504.38,370.0,0
CUST_007316,Christina Wolfe,598659192,todd64@example.org,RAVE18184778403063,21394.51,309.0,0
CUST_007317,Amber Ball,523823899,megan55@example.org,RPEM13598663164940,7991.52,821.0,0
CUST_007318,Cody Smith,667029365,ybrennan@example.com,HOIB32833337907834,18841.37,371.0,0
CUST_007319,Ann Coleman,353-85-1330,fyates@example.net,PEXI37468198347200,12300.91,496.0,0
CUST_007320,Susan Williams,215-98-5330,carly97@example.net,VLHU90332316021389,12560.61,,0
CUST_007321,Vanessa Ballard,492-79-7239,kim46@example.net,XMDA97011309163403,21331.82,571.0,0
CUST_007322,Joseph Allen,354031421,gsmith@example.com,ZPFK52201340834467,20224.54,511.0,0
CUST_007323,Scott Yang,444-68-7801,danielthornton@example.com,YKRS30095653367162,6156.43,834.0,0
CUST_007324,Nicole Wilkerson,816847671,hancockshelby@example.com,TZLI19880204520715,57692.87,755.0,1
CUST_007325,Luke Marshall,535-93-4677,leonardreid@example.net,HTKR96328627980724,38940.18,,1
CUST_007326,Angela Gray,790159172,jwarren@example.org,WZXO58903254885915,19570.53,434.0,1
CUST_007327,Nathan Miller,599258462,crossbianca@example.net,OVKC28572794977901,58272.0,697.0,0
CUST_007328,Susan Dixon,628-19-3570,heatherburnett@example.org,KFYJ42145202661786,53056.14,478.0,0
CUST_007329,Miguel Fox,745-01-1681,,SCGK03049184544842,27418.76,497.0,0
CUST_007330,Courtney Perez,725812145,dtucker@example.org,PJET23993392360324,72243.12,310.0,0
CUST_007331,Dustin Scott Jr.,217-46-1093,reaton@example.org,HBRO80917498753699,23478.57,520.0,0
CUST_007332,Zachary Ward,306-48-9511,perrybrett@example.org,QZAJ16745607281102,5115.82,449.0,0
CUST_007333,Chris Dillon,204454977,melinda23@example.org,JLPQ69218323470016,74128.22,628.0,0
CUST_007334,Alexander Knight,722-51-1808,hsmith@example.com,IPXJ72301466505713,38575.81,335.0,0
CUST_007335,Shawn Nguyen,297-58-2732,nathanmcgee@example.org,CFSQ06267095068835,70866.87,,0
CUST_007336,Martha Patterson,788775898,vmartin@example.org,XDDX44633098717365,55021.44,543.0,0
CUST_007337,Shannon Green,409-06-6311,,FPUA90863227718041,57864.7,575.0,0
CUST_007338,Christine Campbell,827098265,fyoung@example.com,TMYC42004094149380,8126.91,762.0,1
CUST_007339,Michael Roberts,799-70-3396,ecardenas@example.net,GDLT70948222401464,52410.81,489.0,0
CUST_007340,Steven Villarreal,597270182,cheyenneabbott@example.com,VSUS72035504680750,24825.04,563.0,0
CUST_007341,Edward Munoz,692-65-8520,hweber@example.net,YCFL53904306919069,52930.83,345.0,0
CUST_007342,Christopher Riley,313-32-8928,michele20@example.com,YHJH96059139732437,39707.25,743.0,0
CUST_007343,Stephen Jones,293-44-5344,michellemiller@example.org,WKYQ29241197065351,40927.21,385.0,0
CUST_007344,Craig Castro,168-31-8514,travis75@example.net,KKIU10422470494035,54584.05,,0
CUST_007345,Jennifer Adams,484250064,bullockeric@example.org,PPOK95992306958445,35041.34,829.0,0
CUST_007346,Emily Watts,244-64-9176,christina60@example.net,GOJQ03640561596138,36734.28,822.0,0
CUST_007347,Jonathan Cook,626361681,victoriavega@example.com,GRUZ75098272329625,59324.77,667.0,0
CUST_007348,Pamela Harrison,338-02-0656,rnelson@example.com,TIHO11349493351842,57028.98,663.0,0
CUST_007349,Eduardo Smith,169299463,deborah56@example.net,PQWE89546548236929,59254.71,694.0,0
CUST_007350,Jacqueline Alvarado,451-35-0701,timothy44@example.org,QJYF28959837847299,33189.36,454.0,0
CUST_007351,Steven Garcia,443-64-8814,laura90@example.com,PJFU80601282578626,28292.38,710.0,0
CUST_007352,Michael Grant,882-44-4983,william75@example.net,AGCG28222000763825,43775.35,,1
CUST_007353,Michael Kelly,247-52-0509,michael46@example.net,XPVA15024717357573,50342.31,327.0,0
CUST_007354,Gabriela Todd,600-96-4675,stoutsharon@example.org,BAXH39023834088559,35554.03,795.0,0
CUST_007355,Shawn Richardson,035-34-1917,cdavis@example.org,JJED49135666134675,66542.94,511.0,0
CUST_007356,Elizabeth Peck,067-25-8791,eric59@example.org,JDYD63653092954934,29030.19,,0
CUST_007357,James Chavez,500-55-7431,amy56@example.net,FSRJ35388254631003,26243.67,838.0,0
CUST_007358,Raymond Petersen,472802945,,RJST68029562389505,50747.64,354.0,0
CUST_007359,William Parker,087-48-6904,mandy41@example.com,FRAV24158901911570,3120.68,817.0,0
CUST_007360,Jonathan Cruz,480-24-6620,vwade@example.com,GSQP97487355962809,32046.56,602.0,0
CUST_007361,Natalie Craig,897-85-4340,vmoreno@example.net,DWIL31673308610120,4598.47,429.0,0
CUST_007362,Sydney Johnson,890-65-2351,harmonlisa@example.org,RMPW53905675502132,52287.05,343.0,0
CUST_007363,Ryan Smith,290-24-3818,greercynthia@example.com,MDLB30609977220442,7771.67,617.0,0
CUST_007364,Autumn Johnson,147-15-5418,vasquezbrandon@example.net,TKFI45580580534911,45548.52,542.0,0
CUST_007365,Pamela Gilbert,342-91-2131,michael40@example.org,XBBZ86380205290944,62431.04,395.0,1
CUST_007366,Cynthia Harris,429-93-0257,melissa83@example.com,FGQW13628504907765,1258.44,341.0,0
CUST_007367,Christopher Lucero,883-71-2100,kaitlyn58@example.org,YQOL76762790279772,55204.7,407.0,0
CUST_007368,Eric Galvan,102-89-8286,lmcfarland@example.net,FBGE34503855456626,9486.58,481.0,0
CUST_007369,Michael Pierce,305-07-2694,teresajones@example.net,GTDO71585846857375,29221.52,502.0,1
CUST_007370,Gabrielle Anderson,233-21-6114,dawsonrobert@example.net,IBID84609485235611,31915.71,668.0,1
CUST_007371,Ryan Proctor,577-84-0855,abigailleonard@example.net,EQRI28715857798929,59500.46,376.0,1
CUST_007372,Ashley Davenport,552398615,steven05@example.net,BOGV71847072253075,36782.07,,0
CUST_007373,Evan Briggs,849-10-3218,goodchelsea@example.com,GFBH43578009041542,3782.44,345.0,0
CUST_007374,Kathryn Wong,364927931,harrisbrandon@example.com,GRUH58778013852209,64146.64,418.0,0
CUST_007375,Julie Vargas,429552792,gcolon@example.org,BSNJ55899962928373,10993.05,545.0,0
CUST_007376,Randy Alvarez,525-94-4958,morriskristen@example.net,SDKR35693840953745,51244.67,325.0,0
CUST_007377,Adrian Moore,190-73-7499,rollinssabrina@example.org,XWHX75998274647555,59660.44,416.0,1
CUST_007378,Kimberly Stanley,300-14-9113,moralesmolly@example.net,LTLM84431388830758,29416.3,619.0,0
CUST_007379,Samantha Thomas,505663207,roger25@example.com,BNLW26505500244587,21314.18,708.0,0
CUST_007380,Jessica Jackson,210461655,zwilliams@example.net,DUUN48167772607459,12252.09,777.0,0
CUST_007381,John West,594619527,jose39@example.com,CUUB77726644739526,25206.03,338.0,0
CUST_007382,Jill Melendez,035463574,albert35@example.net,AMTI60049874587240,48551.59,722.0,0
CUST_007383,Matthew Murphy,345-57-4184,annaburgess@example.net,FNBP46933470652808,39545.29,624.0,0
CUST_007384,Tiffany Collins,844-52-7591,lisapacheco@example.org,IEDY97633464468128,73334.44,522.0,0
CUST_007385,Sara Scott,328-82-0051,lpalmer@example.com,ZJBJ76304627904698,13859.57,364.0,0
CUST_007386,Jacqueline Cortez,796-47-5725,robinsonjames@example.org,ADWY87902458842256,30501.78,611.0,0
CUST_007387,Erin Wright,343225660,brian54@example.net,TGXZ13481988778415,50526.8,751.0,1
CUST_007388,Robert Roman,789-05-8341,nealsherry@example.com,UZFY63364519676499,72671.54,363.0,0
CUST_007389,Richard Johnson,814-06-9415,cindy06@example.org,XCGR78928235599687,45015.19,753.0,0
CUST_007390,Monica Gentry,130-37-9821,gregorywebb@example.com,AAYA97686532597503,18747.01,316.0,0
CUST_007391,Matthew Johnson,683-05-0487,weaverjames@example.net,GDKO29294139125543,40060.09,650.0,0
CUST_007392,Micheal Willis,519-54-1089,vjones@example.com,ZUIL03274533883399,5420.84,371.0,0
CUST_007393,Jennifer Brewer,019-86-5357,benjamingreen@example.com,ABTA96005456726678,31700.66,712.0,0
CUST_007394,Roberto Jones,069-70-5923,yking@example.org,LUZF80714780469407,6191.15,687.0,1
CUST_007395,Joshua Anderson,882-20-1958,klarsen@example.net,HLBW07847991641451,33156.34,463.0,0
CUST_007396,Sara Moore,859-04-9635,mcbridejeffrey@example.net,VABE12555371952168,41203.51,523.0,0
CUST_007397,Emily Johnson,495-62-7423,nlevine@example.org,HZPS81899967235402,46910.49,,0
CUST_007398,Dana Hawkins,073-39-2057,kclark@example.net,TBFK92375411904134,42856.73,708.0,0
CUST_007399,Walter Porter,813-89-8275,,DFYN21398852000599,73496.78,699.0,0
CUST_007400,David Shaw,009-09-4167,jenniferthomas@example.net,FBGA07488258109898,45340.54,700.0,1
CUST_007401,Tiffany Rose,536974319,bethany16@example.org,HEXI83527634723066,74110.16,487.0,0
CUST_007402,Phillip Powell,721-12-5484,,SJQQ01269293627197,49541.14,506.0,0
CUST_007403,Roy Griffin,641-42-1245,angelafrancis@example.com,PVLZ25993573446118,7382.55,343.0,0
CUST_007404,George Holmes,058-09-5386,sara97@example.org,OEGH21894422335448,70757.88,377.0,0
CUST_007405,Gregory Shelton,614894326,yjohnson@example.net,YRDV26204527429968,68358.1,544.0,1
CUST_007406,Christopher Padilla DDS,200106737,pearsonamy@example.com,BSEB09678618752440,39349.92,557.0,0
CUST_007407,Emily Deleon,870-66-2489,lewisroger@example.com,VYES72114497705506,36961.12,833.0,0
CUST_007408,Mary Adams,092-40-5632,goldenstephanie@example.com,XBOP93293609559306,10425.27,658.0,0
CUST_007409,Lisa James,110-91-5820,james21@example.net,DKBC56603964892251,9532.3,504.0,0
CUST_007410,Timothy Scott,821619874,fevans@example.org,MIJO12257895632760,3690.44,820.0,0
CUST_007411,Tracy Ramirez,218-46-1551,arthurnguyen@example.com,AVAO09214243500039,58186.25,494.0,1
CUST_007412,Sarah Joseph,627-40-8761,catherine61@example.net,GJLH66249255691976,47237.87,692.0,0
CUST_007413,Michael Dunlap,868-40-6610,kwhite@example.org,GHTV34587554856411,15904.41,698.0,0
CUST_007414,Elizabeth Caldwell,077-66-1535,lovemanuel@example.org,JUPQ78908837977181,74629.49,395.0,0
CUST_007415,Jeremy Ortega,014-85-3418,jose16@example.net,KTYT47745168351733,30888.62,365.0,0
CUST_007416,Jody Spencer,795617243,thomascoffey@example.net,GEGZ02157361835303,11297.96,570.0,0
CUST_007417,Christopher Patterson,467823654,joneschristine@example.com,WBIE48391215780147,39325.83,760.0,0
CUST_007418,Taylor Smith,512-19-7581,zmcgee@example.net,YGIZ89951508388882,28705.17,566.0,0
CUST_007419,Sandra Franklin DDS,760-81-2469,jordanshannon@example.com,FGDU16902166562870,57324.67,686.0,0
CUST_007420,Pamela Jones,612-67-7411,wedwards@example.org,ASOQ21247535710439,43906.96,635.0,0
CUST_007421,Melanie Stewart,840-79-1076,haley14@example.org,UYCW21563399430263,24418.82,736.0,0
CUST_007422,Don Baker,249-78-3860,amiller@example.net,PLTG51509405902901,41542.96,,0
CUST_007423,John Hunter,639176527,sdean@example.net,QNYE86055107001715,70386.88,782.0,0
CUST_007424,Elizabeth Grant,323-48-6054,kmata@example.net,RDPF90710005792039,20077.24,306.0,0
CUST_007425,Shelly Shannon,531-20-4578,lisajones@example.org,FFDO31135124025274,26383.86,741.0,1
CUST_007426,Mrs. Victoria Patel DDS,671-24-8828,monroemaria@example.net,QWTX91400196462938,35640.19,697.0,0
CUST_007427,James Garcia,004-75-8670,rcrawford@example.com,QSFF57823316461060,19013.57,539.0,0
CUST_007428,Angela Hatfield,373-85-2611,grahamtrevor@example.org,QSWP55479853477058,72763.58,552.0,0
CUST_007429,Darrell Johnson,251-61-8210,,RJBJ38781064284590,49081.04,473.0,0
CUST_007430,Stacy White,124-07-6007,jacksonrobert@example.com,KSHW57228311207458,24542.86,566.0,0
CUST_007431,Vanessa Hubbard,683-40-1858,eugenedavis@example.net,GROK54958596129121,14666.99,311.0,0
CUST_007432,Michael Thompson,389-61-5248,smithkathryn@example.com,XIKZ58205040779419,51688.16,468.0,0
CUST_007433,Sean Perez,882-67-2678,ellisonangela@example.com,OYEM39667659215033,24502.68,450.0,0
CUST_007434,Trevor Johnson,291-79-0468,emilyhall@example.net,WFHQ44795837899391,57582.91,830.0,0
CUST_007435,Scott Schmitt,667-11-6885,hwise@example.com,LXHO29971774779560,1361.27,777.0,1
CUST_007436,Zachary Moore,685-63-8590,michellemorris@example.org,XCAU56064201624411,63467.4,587.0,0
CUST_007437,Leroy Dalton,229-29-5573,stacey94@example.com,PRJG63100055701072,66515.89,307.0,0
CUST_007438,Maria Gomez,732-43-1693,tdaniel@example.com,FMHV80650951237707,66685.83,347.0,0
CUST_007439,William Duarte,584804497,vyoung@example.net,YPEM28630966194784,18748.08,478.0,0
CUST_007440,Gary Nguyen,369-14-5252,shaffercatherine@example.com,OESB18925117992071,25996.93,767.0,0
CUST_007441,Candice Sharp,323-68-4595,jason85@example.org,MKDC26339347664807,30201.05,713.0,0
CUST_007442,Joseph Mcpherson,382-61-0404,micheal28@example.org,ROXK50941815092759,63278.18,540.0,0
CUST_007443,Thomas Vang,873-75-0698,gregorypatel@example.com,IJTT60523372029789,52251.73,520.0,1
CUST_007444,Michael Allen,563-94-0128,edwardsalexandra@example.org,WVKD29993665204992,30862.05,423.0,0
CUST_007445,Heather Hernandez,692-63-2311,milleralex@example.com,BNBC00443875295274,54190.72,835.0,0
CUST_007446,Desiree George,220-39-9665,mccalljeffrey@example.org,ZAUI24263066894408,29193.14,377.0,0
CUST_007447,Christina Hensley,584-52-6953,youngstacey@example.net,UKRJ86846355758517,47064.71,428.0,0
CUST_007448,Barbara Savage,047-87-7717,schultztonya@example.org,KTRX78671574217823,31482.39,343.0,1
CUST_007449,Cindy Fox,195-73-3667,bgraves@example.com,SAEQ91176272867339,47658.82,831.0,0
CUST_007450,Tricia Rosales,458-16-2754,dbray@example.org,QJOM33578301764385,40026.65,476.0,0
CUST_007451,Eric Reyes,616-28-8512,henryshaw@example.net,IAGQ78086315842481,73572.01,326.0,0
CUST_007452,Leon Ibarra,304-02-3589,ramostommy@example.org,AUGR69086107842632,32831.49,557.0,0
CUST_007453,Richard Nunez,669-23-3555,blane@example.org,LYFN60832467288578,61280.72,398.0,1
CUST_007454,Mr. Spencer Vargas,495-89-2504,gtucker@example.net,PISE53896749876368,64240.84,367.0,0
CUST_007455,Joshua Fields,577-97-3189,,VTSY68318397926275,58555.18,301.0,0
CUST_007456,Bethany Hernandez,266-27-3175,barronrobert@example.net,IUWN31357944388732,73123.32,502.0,0
CUST_007457,Tommy Jacobson,594-18-0179,manningjohn@example.net,RCRB52767308015938,67581.63,604.0,0
CUST_007458,Joseph Acosta,753-14-7276,stacy85@example.org,QBVQ77061365240920,11682.1,630.0,1
CUST_007459,Natalie Wallace,506-87-5496,jmichael@example.org,RJAC71567875772642,51924.57,479.0,0
CUST_007460,Brian Smith,385-24-9235,zbender@example.net,HPUY39446124939499,22143.21,713.0,0
CUST_007461,Juan Gilbert,705-82-0707,kristijackson@example.com,RYVV92503813934054,43951.6,666.0,0
CUST_007462,Kevin Brown,629359755,debra84@example.org,GCJZ31360499805748,17051.68,791.0,0
CUST_007463,Samantha Reed,289-61-8268,xreyes@example.org,QRQV23554973327143,41165.33,491.0,0
CUST_007464,Andrew Paul,161-96-0864,kimgutierrez@example.net,MIPL73572701821872,22649.53,697.0,0
CUST_007465,Julie Underwood,712-19-2712,hubbardshane@example.com,XOXG69490446879274,46013.88,827.0,0
CUST_007466,Brianna Gutierrez,549-07-3322,yyang@example.com,BRIL23029618823792,17263.1,607.0,1
CUST_007467,Jon Stephens,441661794,thomastimothy@example.com,ODAB00555495731346,65665.02,331.0,0
CUST_007468,Mike Allen,137-07-0433,dyoder@example.org,NINS27233002117867,30644.54,759.0,0
CUST_007469,Tina Freeman,234652581,whiteshari@example.com,KVCZ56971421723307,53082.37,323.0,0
CUST_007470,Patrick Thompson,117-81-2474,ericrhodes@example.net,QJNJ08441807099918,45541.93,443.0,0
CUST_007471,Kimberly Garcia,678-67-3222,jpatterson@example.org,QFDF39412702290090,19329.64,517.0,0
CUST_007472,Mary Henry,635-84-0557,riverschelsea@example.com,DKYI65898477468929,49609.46,473.0,0
CUST_007473,Clinton Hammond,447-33-7614,,AGHS96616032710315,65551.35,396.0,0
CUST_007474,Andre Thompson,237-38-8563,uprice@example.net,VJHY56949309252798,45946.75,496.0,0
CUST_007475,Jose Graham,899-29-4198,martinezmatthew@example.net,RDJA02193189541564,2590.84,677.0,1
CUST_007476,Alejandra Fox,746-22-3675,ocunningham@example.com,RDZW69236724014291,27250.16,657.0,1
CUST_007477,Cameron Macias,089-37-3220,juangibson@example.org,IRVU65998433868358,74064.98,362.0,0
CUST_007478,Allison Meza,438-90-3291,ericstone@example.com,LYMC85623990082663,2378.2,331.0,0
CUST_007479,Jeffrey Martin,809396856,carol37@example.net,EMET82785666479283,65197.93,833.0,0
CUST_007480,Edwin Flowers,721-69-1413,davidconway@example.org,WLPV66312433281506,65123.15,,0
CUST_007481,Caroline Flores,606-14-8539,qhart@example.net,UZJE70275982750177,19280.24,490.0,0
CUST_007482,John Crosby,548420066,karenmartinez@example.com,REGQ69016060356546,19587.87,640.0,0
CUST_007483,John Walker,773-11-8152,richardserica@example.com,NGDS72189855539552,5691.14,785.0,0
CUST_007484,Brian Browning,853343426,alvaradoclinton@example.com,DDOJ22870282459124,74460.85,348.0,0
CUST_007485,Valerie Case,440-37-5511,stephanieperry@example.net,KWKC28120959733896,48079.89,,1
CUST_007486,Cynthia Lewis,811-83-7649,danawatson@example.net,CXPN76345194651946,27330.64,609.0,0
CUST_007487,Theresa Lyons,654378005,rhaley@example.com,YHWH22621291011069,74250.73,376.0,0
CUST_007488,Aaron Miller,768-48-9994,mariah30@example.org,QFHN68821947165522,66985.41,521.0,1
CUST_007489,Sherri Perez,526-17-9559,taramorgan@example.net,POJM15213663847165,45439.18,672.0,0
CUST_007490,Leslie Smith,286-59-0879,brittany87@example.net,ZEYJ06241336143414,36714.05,429.0,0
CUST_007491,Zachary Sanders,697553964,aliciabell@example.org,JTRT49229312973421,27556.84,642.0,0
CUST_007492,Dr. Frank Larson Jr.,507-25-2676,theresa43@example.org,RMKY81329217856338,16143.14,652.0,1
CUST_007493,Dr. Russell Wilson,342327981,mirandapatterson@example.org,NUXS33702606024995,74815.48,317.0,0
CUST_007494,Kathryn Lynch,888-20-5708,joel77@example.net,LEGP26004246724792,30590.99,638.0,0
CUST_007495,James Stewart MD,164-13-1519,,OGAT69286184025295,54782.58,466.0,0
CUST_007496,Gerald Harmon,448-45-3335,michelle26@example.com,WJLC60917502275656,66893.82,596.0,0
CUST_007497,Shannon Webster,012-42-9980,maria13@example.net,BZQA78269622522216,42293.89,301.0,0
CUST_007498,Kimberly Smith,372-37-5357,fred85@example.net,XASI14796139984777,60981.41,709.0,0
CUST_007499,Meghan Lee,100-07-7805,guzmanrhonda@example.com,GNZJ93338030343808,26700.43,374.0,1
CUST_007500,Scott Herman,304450469,,LGTL61552982798471,73201.51,843.0,0
CUST_007501,Lauren Small,323-82-3768,jennifer38@example.com,WGFW17386043345426,19162.38,314.0,0
CUST_007502,Ashley Gregory,272-53-9484,joshua39@example.com,PYUJ63569024237570,74025.33,634.0,0
CUST_007503,Marc Nguyen,781819506,ronald59@example.net,CWLI73272227805697,38301.09,504.0,0
CUST_007504,Amber Cooke,669-05-1092,mezastefanie@example.com,YQPL14930448034578,1289.89,763.0,0
CUST_007505,Megan Elliott,016-88-6186,arroyobrittney@example.org,XGNY75067761918277,41159.19,719.0,0
CUST_007506,Holly Carter,840628502,rachel53@example.com,LPAD35958259314009,4147.02,558.0,0
CUST_007507,Eugene Collins,271-55-5151,qwheeler@example.org,BHRD76106320889960,73116.62,657.0,0
CUST_007508,Brian Anderson,700-67-0944,johnbell@example.com,ZQRM96093644136356,55643.61,403.0,0
CUST_007509,Adam Bowman,771-35-5544,basslaura@example.com,XVWZ58477873999819,2027.86,338.0,1
CUST_007510,Aaron Phelps,066560073,bbryant@example.com,PPGO02506256320286,7741.28,438.0,0
CUST_007511,Patrick Foster,101-41-7296,robertvasquez@example.com,NLVP01945427295791,65538.85,591.0,0
CUST_007512,Christine Jones,597-19-0742,robertsanders@example.net,PUET31687627972344,42699.97,449.0,0
CUST_007513,Laura Torres,565940679,swise@example.com,DHNU89736365508595,70225.97,756.0,0
CUST_007514,Tiffany Curtis,137-93-2320,danielmarshall@example.net,ZDET74007172577228,9254.8,641.0,0
CUST_007515,Joshua Barnes,798-82-2298,timothy55@example.com,ZCQF76448157123472,7856.55,615.0,0
CUST_007516,Robert Gould,363-50-5490,peterskenneth@example.net,DFJX29281951772180,44717.83,651.0,1
CUST_007517,Cynthia Cline,576-90-4032,denisehurley@example.org,TEOL85641496534647,9444.46,697.0,0
CUST_007518,Samantha Becker,213-36-7336,richardskinner@example.com,UKQQ46391934586349,6147.17,361.0,0
CUST_007519,Wendy Cox,063-44-7767,jaclynboyer@example.net,WZEA46221734712711,52047.68,425.0,0
CUST_007520,Gary King,462-68-3753,fmason@example.org,BTZY94240397752543,46736.23,699.0,0
CUST_007521,Stephanie Caldwell,631-58-3959,ztorres@example.com,UDAT88744013517987,48358.69,496.0,0
CUST_007522,Shane Miller,484-82-9930,penafelicia@example.org,LAIA14659987464686,29177.66,473.0,0
CUST_007523,Brandon Byrd,720-63-1580,robert66@example.com,COGC31271061721194,45007.66,357.0,0
CUST_007524,Hector Newton II,145-14-3979,charles42@example.com,LWXQ40926673129792,42640.79,,0
CUST_007525,Patrick Gonzales,390-83-6599,turnerthomas@example.net,EFOP14203725298912,68965.88,576.0,0
CUST_007526,Eric Wilson,323-45-8185,kylegoodwin@example.com,RJZX70720754660247,11006.54,756.0,0
CUST_007527,Kimberly Herrera,596387158,garciaregina@example.net,BLVF88736929704635,34748.27,425.0,1
CUST_007528,Leslie Sexton,403-28-0627,randolphalexandra@example.net,QPHZ90820583491295,71789.5,658.0,0
CUST_007529,Jeffery Mcdonald,751-83-8109,ukennedy@example.net,ZIBG39390013368706,56093.11,386.0,0
CUST_007530,Danielle Kelly,037-87-5666,tbrown@example.org,LQZD08845379180867,53722.81,676.0,0
CUST_007531,Marcus Wells,492-20-1276,richard24@example.net,ALFI35740334689452,9898.46,795.0,0
CUST_007532,John Williams,436-29-2159,jrichardson@example.org,XAXA67011864473073,35705.68,475.0,0
CUST_007533,Emily Pierce,580-92-2116,taylorcharles@example.com,VIXN88326941254281,46099.98,769.0,1
CUST_007534,Mariah Brandt,058-38-7484,kellietaylor@example.net,YSSR86232528123827,17919.81,569.0,0
CUST_007535,Carolyn Jones,330-93-2119,carterlindsey@example.org,ENNL42039478637822,56389.9,550.0,0
CUST_007536,Jeffery Hines,872-84-0064,timothyhays@example.com,YTII07848937340232,53985.83,532.0,0
CUST_007537,Calvin Carroll,197-16-9897,bryantelizabeth@example.com,GPRT68459985683345,16080.22,315.0,0
CUST_007538,Stacey Ramos,842-73-6193,hendersondwayne@example.com,VNGV43867962909035,22711.0,385.0,0
CUST_007539,Raymond Sims,818964730,sbarnett@example.com,CCNM22186617037125,50610.72,680.0,0
CUST_007540,Kenneth Thompson,768-58-6077,jonathonmartin@example.net,LRQK73341396316737,35620.91,785.0,0
CUST_007541,Michael Sullivan,050-62-8300,dwatts@example.net,PIPO58978492515174,42033.93,709.0,0
CUST_007542,John Cervantes,278-51-0718,hartrebecca@example.com,WJQM47184218854141,38619.85,760.0,0
CUST_007543,Anthony Riddle,881-98-8592,shafferthomas@example.com,CGTV70284322113715,58373.07,379.0,0
CUST_007544,Rebecca May,120121741,dunnmaria@example.net,FKJI92248859388060,58862.71,689.0,0
CUST_007545,Lori Terry,588587751,,QMLX87110129850132,42137.64,818.0,0
CUST_007546,Donald Huff,138-13-0813,knightbarbara@example.org,JFKI97340559958341,64700.33,811.0,0
CUST_007547,Shari West,191-82-8842,rhodeslaura@example.org,KYKJ38717515112251,9174.33,397.0,0
CUST_007548,Emily Hurst,021-89-2245,llivingston@example.com,MWTF00755166533893,60711.66,308.0,0
CUST_007549,Devon Chase DVM,309-94-6435,danabrown@example.net,PJGP46697510854455,42528.88,528.0,0
CUST_007550,Lisa Benitez,121-11-2714,ubryant@example.org,NHCK03391859026755,5971.33,611.0,0
CUST_007551,Luke Moore,124-52-9928,bennettchristopher@example.net,ZNSC77147064340120,32069.24,715.0,0
CUST_007552,Eric Weaver,729-59-3612,,SPFU06227573778029,22708.4,723.0,0
CUST_007553,Erin Wyatt,094-79-9849,charlesmeyers@example.org,LUUQ33910340055607,39292.47,638.0,1
CUST_007554,Mrs. Kaitlyn Lucas MD,793426132,ishepherd@example.org,VGNB04632081782505,67647.61,431.0,0
CUST_007555,Jessica Chambers,526-88-6102,sharonbarnes@example.net,LHTG07295027725787,48362.29,828.0,0
CUST_007556,Vanessa Adams,159-89-9940,zgriffin@example.org,QYTL91570327119082,65190.67,609.0,0
CUST_007557,Austin Williams,846-95-9385,alexander34@example.com,NAAF10194548153719,27912.68,511.0,0
CUST_007558,Gregory Schultz,062-37-3926,,EVLN64380442946491,25652.93,326.0,0
CUST_007559,Joshua Campbell,801821889,allenjohnny@example.org,JNZT33809718834544,4443.58,809.0,0
CUST_007560,Kenneth Hale,309-27-2740,phyllislopez@example.org,QXKT35410069858379,54863.98,566.0,0
CUST_007561,April Palmer,704-16-5415,kingray@example.org,KNZQ53513617803631,16944.95,509.0,0
CUST_007562,Kevin Nelson,224413945,jeremysims@example.net,VLHS76738483435873,56561.61,769.0,0
CUST_007563,Julie Warren,494-54-9263,ugamble@example.com,OMWW49748289032576,12244.1,801.0,0
CUST_007564,Sarah Thomas,708-06-4972,hintonsandra@example.net,AHAS22493915850834,21260.92,727.0,0
CUST_007565,Nancy Johnston,651691413,sharparthur@example.org,SUPI48295155039779,34442.35,540.0,0
CUST_007566,Richard Marks,414-97-0942,brandongonzales@example.com,ZBYD60890313670265,38494.68,832.0,0
CUST_007567,Jorge Underwood,618-18-0502,pennylewis@example.net,DQIU65323603262978,61369.83,643.0,0
CUST_007568,Emily Jones,222-07-6166,,DUDI24856153157886,32583.03,767.0,0
CUST_007569,Wayne Bell MD,262-48-5466,cdelgado@example.com,OIYM12375428041695,4107.62,752.0,0
CUST_007570,Brady Williams,200-45-9844,jbrown@example.com,SSRN31382588070231,72637.66,327.0,1
CUST_007571,Harold Burnett,165676123,kimberly16@example.com,HUSI92016939817425,19295.32,454.0,0
CUST_007572,Carl Robertson,097-32-7259,ibrown@example.com,HKTS70358780538620,13349.58,665.0,0
CUST_007573,Kyle Pham,228-80-3213,meganrobinson@example.net,NDCO98076127828126,25315.7,466.0,0
CUST_007574,Stephanie Kerr,284-61-1413,pstrickland@example.org,XHYL21910327182686,39650.09,741.0,0
CUST_007575,Heather Goodman,461538467,daviskayla@example.com,KSSX12180685660430,56827.11,576.0,0
CUST_007576,Stephen Garza,677-21-3171,courtney81@example.com,LGWO41803333723780,11121.65,,0
CUST_007577,Charles Krueger,619460550,jgarcia@example.org,IXRO43903794261601,42598.13,342.0,0
CUST_007578,Jacqueline Stewart,541-53-7427,ericmorales@example.com,WKUG43854970425354,62061.33,409.0,0
CUST_007579,Diana Garcia,567-52-1591,george46@example.com,IKPN20251592679402,33581.9,537.0,0
CUST_007580,John Reid,288-36-5073,ufrost@example.com,MFCL61761244726488,11640.02,420.0,0
CUST_007581,Brandon Ward,777-87-7213,kwright@example.net,KUTM98225001384544,14232.14,483.0,0
CUST_007582,Laura Rosales,029-30-5501,kevin48@example.org,AFEB49273707038183,29470.56,697.0,1
CUST_007583,Tracey Donaldson,473-50-4286,hhunt@example.com,BEJT27224005918684,68603.13,832.0,0
CUST_007584,Dr. Spencer Levy,884211347,amunoz@example.net,QUQR78849129343072,43318.21,,0
CUST_007585,Andrew Hebert,741-81-5356,danielcole@example.com,BHAD14117895176930,66594.3,474.0,0
CUST_007586,Matthew Shepherd,836-97-1166,michael99@example.com,KFWS95921146312932,21959.43,721.0,0
CUST_007587,Katherine Jackson,093-64-4336,nsantana@example.com,QSXQ53889148164974,52087.76,777.0,0
CUST_007588,Samuel Rogers,626167492,meghanvaughn@example.com,THIJ78680440364294,66738.33,717.0,0
CUST_007589,Samantha Mercado,361-99-9699,smithmichael@example.com,MJJN65984364992194,19931.15,516.0,0
CUST_007590,Alex Riley,619-96-0170,keith33@example.com,AMKP47091022032739,67607.25,522.0,0
CUST_007591,Gregory Barker,062-93-1268,wilsonkristy@example.net,SZQW11251540477468,12030.69,777.0,0
CUST_007592,Danny Kerr,841-79-7820,mckenzie70@example.net,AKQI84743609154087,37752.95,497.0,0
CUST_007593,David Kerr,544-11-7918,amberellis@example.org,LHUG20122142186022,29511.7,384.0,0
CUST_007594,Kelly Allen,847-04-1828,birdrose@example.com,MWBX52086732382178,49909.81,842.0,0
CUST_007595,Alexander Smith MD,443035621,ahowell@example.com,MTKM70815072080915,3830.21,406.0,0
CUST_007596,Jeremiah Valdez,227-81-7224,michelle09@example.org,FOVM20313438630448,70035.89,454.0,1
CUST_007597,Nicholas Rodriguez,203-29-2560,,LHNZ00026660478047,10669.91,776.0,0
CUST_007598,Lisa Scott,589-65-0907,masonvillegas@example.org,ZJLZ46266330693425,1762.94,547.0,0
CUST_007599,Alexander Rivera,447-91-4202,anthonyroman@example.net,WTFF27372020327607,40941.07,719.0,0
CUST_007600,John Sanchez,389951492,katrina78@example.org,EDOL86024925586060,31068.12,705.0,0
CUST_007601,Jim Bell,377454854,kennethmiller@example.org,TNCD15259941239299,43708.45,501.0,0
CUST_007602,Jonathan Rowe,143-34-1666,houstonveronica@example.com,UZWS64365648552581,66230.71,690.0,0
CUST_007603,Charles Hall,091-53-0527,harrisharold@example.org,EIOP35064737821373,23046.18,689.0,0
CUST_007604,Tamara Hodge,416-17-0124,kennethlopez@example.net,LKNL04316126163829,56717.15,675.0,0
CUST_007605,Jennifer Salazar,673-54-6903,,SADV97533842951932,19521.38,801.0,0
CUST_007606,Evan Hernandez,779-45-6211,ashleywood@example.org,YOZF37354840352389,69309.64,333.0,0
CUST_007607,Jared Page,211-58-1455,hugheserin@example.net,BTES90823114509828,12212.45,761.0,0
CUST_007608,Amanda Gould,475-94-9137,amiller@example.org,ENLN16363782579390,57757.43,706.0,0
CUST_007609,Marc Gibbs,742-63-5805,xwagner@example.net,HWKV14603692787947,6024.83,332.0,1
CUST_007610,Katherine Anderson,033-64-1737,gcarr@example.com,AJLS85049489724121,64541.13,713.0,0
CUST_007611,Stephanie Hunter,579-26-6499,tpotter@example.org,MIHK46143565496516,37905.35,416.0,0
CUST_007612,Kirsten Murillo,806043599,byrdjared@example.org,PZDD34630464298582,59636.96,379.0,0
CUST_007613,Jennifer Scott,556-24-7415,xstewart@example.com,FDKT04106671739536,65965.52,445.0,1
CUST_007614,Kimberly Trujillo,471-44-6308,joseph59@example.net,CSEP00665583837929,24441.35,789.0,1
CUST_007615,Brian Mason,189-80-5707,cpearson@example.net,AQQB71534975313975,36084.51,463.0,0
CUST_007616,Justin Lee,686495396,skrueger@example.com,JUBC52970371774857,67309.34,832.0,1
CUST_007617,Jodi Miller,290-44-6849,johnramirez@example.org,CFTK08347411672187,43690.66,521.0,0
CUST_007618,John Lamb,846115852,nicole69@example.org,JOBH34753321192344,60929.96,499.0,0
CUST_007619,Brian Hartman,611-68-6082,sharongomez@example.com,WULT54346992161840,62406.88,486.0,0
CUST_007620,Kelsey Wilkerson,463404147,travisodonnell@example.com,KXDT67101454187724,1281.48,322.0,0
CUST_007621,Kylie Cowan,461-84-3729,wfox@example.net,BUIB58377468212261,3234.35,446.0,0
CUST_007622,Stephanie Griffith,361-52-3558,kenneth91@example.net,REGJ75796515289332,49255.53,316.0,0
CUST_007623,Erika Johnson,765568745,tramsey@example.com,VDLP40609729600772,17232.11,527.0,0
CUST_007624,John Kim,318-27-7395,katherineconner@example.com,JSJP53895404891079,60237.95,595.0,0
CUST_007625,Anthony Gonzalez Jr.,298-36-9104,clinton40@example.com,EVTV87442520083456,12744.52,447.0,0
CUST_007626,Kenneth Gonzales,676-31-9639,perryamber@example.net,XZTM11751039998001,65489.63,635.0,0
CUST_007627,Bryan Cox,345-50-7848,awhite@example.net,ZQJM23246844974662,45611.17,552.0,1
CUST_007628,Jose Castro,272-47-0771,grahamjacob@example.com,PVCN68551041458821,10168.85,616.0,0
CUST_007629,Janet Moore,172-64-6526,hawkinsstephanie@example.org,AQXI76016335098992,58539.51,653.0,0
CUST_007630,Martin Butler,556851434,cgordon@example.org,PTND70293046562587,5185.59,813.0,0
CUST_007631,Christina Carter,251-60-1360,nicholas84@example.com,EFBK77660409170804,39836.62,363.0,0
CUST_007632,Rachel King,291-63-9427,kliu@example.net,BPGC68074888284017,32538.15,575.0,0
CUST_007633,Michael Turner,592-54-2997,ljones@example.org,ZOHC69923601116170,44973.18,439.0,0
CUST_007634,Jennifer Lewis,013-39-5173,marissamyers@example.net,KIXK46878731680501,52807.62,483.0,0
CUST_007635,Sarah Morris,252-51-0729,deckeremily@example.org,LXAA42735402454905,17477.5,627.0,0
CUST_007636,Joseph Gates,512769702,sfrancis@example.org,CSOY33915250835063,58187.32,490.0,0
CUST_007637,Michael Walker,001489025,hroberts@example.net,UDLX93774149687293,52698.93,704.0,0
CUST_007638,Amanda Ward,379-12-1144,patrickmegan@example.org,WMAV79239212845396,-181.81,708.0,0
CUST_007639,Aaron Hart,467050842,davidharper@example.org,BUWD53157241087922,65845.33,530.0,0
CUST_007640,Rachel Huffman,593-63-2114,ecarter@example.org,YODI83035617559871,55026.23,649.0,0
CUST_007641,Shannon Ferguson,307846233,shawkathryn@example.org,SHAS48658313015249,29331.23,612.0,1
CUST_007642,Robert Johnson,539-29-2684,cclarke@example.net,NDMV30796967363111,5971.64,437.0,0
CUST_007643,James Bass,514-65-0662,ewebb@example.net,TGBK25913971041027,43512.8,389.0,0
CUST_007644,Katelyn Johnson,368-86-8424,zdiaz@example.org,VYSH32250607366230,3593.53,720.0,1
CUST_007645,Matthew Moore,618-36-5282,jamesbrown@example.org,GBQC22545790351107,25186.58,364.0,1
CUST_007646,Richard Hoffman,240-67-7649,angelaalvarado@example.org,LWKU90881128114288,65487.55,663.0,0
CUST_007647,Brian Stewart,793151878,prestoncowan@example.org,HMSD30699939200162,44569.39,722.0,0
CUST_007648,Jacob Hawkins,151-96-3860,ycurtis@example.net,MYUX38487134327687,28057.03,613.0,0
CUST_007649,Sabrina Bailey,019-26-2908,,AIIU30176545452851,63489.74,540.0,0
CUST_007650,Lori Padilla,271-81-8272,boydjeremy@example.com,OQGW62782916928407,18521.59,458.0,0
CUST_007651,Crystal Klein,055709574,matthew24@example.org,OSEB23307194130061,8532.89,779.0,0
CUST_007652,James Tucker,645-77-9888,monicafarrell@example.net,XELT70033013249570,10456.98,490.0,0
CUST_007653,Christopher Miller,499-11-1066,lance02@example.org,PJDS23034819183327,59443.87,791.0,0
CUST_007654,Daniel Williams,368-99-1435,xfoley@example.org,CJWN54461777733152,51026.91,328.0,1
CUST_007655,Benjamin Mccormick,365-78-0636,stoneseth@example.org,XITN06972217517368,7120.67,480.0,0
CUST_007656,Mark Miller,245-43-5892,thomasmorgan@example.org,FPQI21021547951162,613.01,,0
CUST_007657,Jasmine Irwin,452-98-1478,kellyalexandria@example.org,DRDE95331970949106,55071.56,630.0,0
CUST_007658,Audrey Harris,836888317,hmcconnell@example.org,KBFM48903564901186,73845.12,601.0,1
CUST_007659,Anne Brown,513304916,lambertrobert@example.org,KLUU67921839795857,50364.98,366.0,1
CUST_007660,Alyssa Malone,307-94-0083,jenniferlawson@example.org,ZFRX32209339090145,25791.88,756.0,0
CUST_007661,Lisa Snyder,483-63-4247,elizabeth64@example.org,UKEG75331056221093,15443.86,818.0,1
CUST_007662,Nicholas Mclean,180-27-7886,josephkelly@example.net,JGZT24695592365797,30467.61,444.0,0
CUST_007663,Melinda White,696-51-0991,richardchapman@example.com,VQYS25896508481753,42505.7,560.0,0
CUST_007664,Ashley Johnson,408-76-9878,jeffery50@example.org,POPS51409619639935,69804.82,654.0,0
CUST_007665,Douglas Wright,595-94-7171,shieldsrenee@example.org,VCZK00552888231555,73497.79,826.0,1
CUST_007666,Mark Johnson,591-69-2929,igarcia@example.net,ADQW95313930464709,44567.61,500.0,0
CUST_007667,Brendan Brooks,443-59-2731,nancyroberts@example.org,NPPR42257331946865,7035.89,522.0,1
CUST_007668,Jennifer Bell,827-90-7806,yferguson@example.net,EHWW63935813229993,34678.91,597.0,0
CUST_007669,David Perkins,661-84-3826,aprilramirez@example.com,WNBZ44171646031450,23563.16,546.0,0
CUST_007670,Steven Larson,151-51-6086,afox@example.net,NHEF76256059828038,51922.22,542.0,0
CUST_007671,Brianna Johnson,404-81-8131,elizabeth34@example.com,SSLQ18792060575564,-193.38,683.0,1
CUST_007672,Melissa Baldwin,204-81-7572,vargascassidy@example.com,VGOC64033185556055,39412.92,609.0,0
CUST_007673,James Perkins,449170173,joshua01@example.net,IARZ53641003781298,10102.22,736.0,0
CUST_007674,Marie Duran,259-76-2368,weaverkatrina@example.net,NJIL59285809766240,31967.48,500.0,0
CUST_007675,Ivan Cruz,652-61-5492,melissaodonnell@example.com,INFJ47053413418603,33006.13,763.0,0
CUST_007676,Mercedes Cook,490-26-8723,hhill@example.com,NIAO84355093427884,36600.65,564.0,0
CUST_007677,Tiffany Smith,692-36-9924,carolynjoseph@example.com,LHOW61719827068718,47683.13,652.0,0
CUST_007678,Ashley Hernandez,671-95-5270,whunt@example.net,NCKT88185574619738,-408.59,700.0,0
CUST_007679,Monique Berry,109-99-1069,markbriggs@example.com,KKOQ85081412559646,63348.63,578.0,0
CUST_007680,Juan Jones,058462470,wesleyevans@example.org,DQWD04845569003979,35495.88,588.0,0
CUST_007681,Linda Williamson,308-70-0422,bsherman@example.org,JLGI93745492637818,21717.58,564.0,0
CUST_007682,Jennifer Hill,402-08-3956,campbelljohn@example.org,VTXS19812804432186,29119.94,718.0,0
CUST_007683,Melinda Johnson,170-96-8136,pfischer@example.com,OTIG51410191214296,11615.01,835.0,0
CUST_007684,Jorge Khan,686-60-8075,mariahcrane@example.com,KTMC75440280003521,74374.5,797.0,0
CUST_007685,Richard Obrien,712-88-1329,alexjenkins@example.net,KYDX23602246344166,26599.4,673.0,0
CUST_007686,Lindsey Anderson,176-81-2571,erikpatterson@example.com,NPOL48479069548779,34693.37,553.0,0
CUST_007687,Sergio Fox,635-21-5745,jenna91@example.net,QGHD20711854139172,42956.01,445.0,0
CUST_007688,Charles Ortiz,705018361,stoutthomas@example.net,JYQF48528010594050,51769.79,500.0,0
CUST_007689,Andrew Reyes,028-48-5442,travis76@example.com,EBKQ86462492116918,60835.48,747.0,0
CUST_007690,Kristen Mendoza,763-28-4437,karen13@example.com,BKWD34936354402306,24629.27,499.0,0
CUST_007691,Jared Mayer,880-90-1219,jacqueline41@example.org,GTFH45702370380305,42393.07,644.0,0
CUST_007692,Joseph Hansen,047-44-2653,jacqueline59@example.com,DTLX29249464177910,17278.12,362.0,0
CUST_007693,Ashley Oliver,768-81-8256,sandra23@example.net,QCGW67677644862888,24057.96,583.0,0
CUST_007694,Steven Gross,345-91-1001,marypatterson@example.com,PLEW33394453027496,22089.83,524.0,0
CUST_007695,Tony Joseph,229422324,phaley@example.com,MFZM33112491863738,68255.9,664.0,0
CUST_007696,Katie Mccullough,447-96-9270,jennifer00@example.com,KGTS32692743527313,29804.18,698.0,0
CUST_007697,Ashley Winters,038-13-8191,bradleyamy@example.org,NIJO77064781619564,36844.08,333.0,0
CUST_007698,Julie Simmons,002-18-9897,ericolsen@example.net,RNEW96498788140332,51728.98,776.0,1
CUST_007699,Ashley Mcguire,505-95-4567,ugreen@example.org,OFJG43250222992948,34372.21,689.0,1
CUST_007700,Elizabeth Chang,491-14-5275,welchlindsay@example.com,FTGD91291006485152,59096.21,752.0,0
CUST_007701,Michael Downs,694-33-6700,pwiggins@example.com,ATLD19585242811381,-465.06,328.0,0
CUST_007702,Tyler Salinas,464-14-4234,travismurphy@example.com,HSAK57332821148508,6933.55,589.0,0
CUST_007703,Jenna Garcia,486-77-7175,laurenallen@example.net,XMCD14930938867047,71271.15,717.0,0
CUST_007704,Diane Walls DDS,121-86-4416,amandapowell@example.com,ZRRZ50739538251247,4222.1,351.0,0
CUST_007705,David Hernandez,070552964,hartbeth@example.org,ICBS29723883563274,61630.87,,0
CUST_007706,Michelle Olson,269-49-0077,joseph77@example.com,XAIB57275021105492,51463.32,345.0,0
CUST_007707,Daniel Alexander,004-35-0986,georgetim@example.org,UJJZ95905016798814,50420.34,756.0,0
CUST_007708,Amy Miller,540-89-0223,ashley51@example.org,NCBE94668959481937,23811.11,546.0,0
CUST_007709,Ashley Aguilar,357-51-5184,christianzachary@example.org,PZGO26616804100911,71993.09,806.0,0
CUST_007710,Abigail Ellison,798-49-0963,lyonsjessica@example.net,UYKI30991234513292,40586.02,590.0,0
CUST_007711,Leslie Dixon,192-58-3529,bbarton@example.net,GAET59432079045525,18045.18,614.0,1
CUST_007712,Michael Hart,286-61-9481,seanwalker@example.com,QZKC02158090138691,2674.24,597.0,0
CUST_007713,Heidi Carter,865-60-5393,,EDGE29720931744187,15238.25,420.0,0
CUST_007714,Alicia Brown,675-32-7266,,IUQV99264853405684,49441.81,569.0,0
CUST_007715,April Wilkins,356-02-6760,lowejoe@example.com,HDRM88589840466131,17853.01,597.0,1
CUST_007716,Pamela Dalton,705-71-9174,rachelsalas@example.net,ORHR74589471935409,66249.92,499.0,0
CUST_007717,Terri Burns,397-75-1403,brownjoseph@example.net,OKLY39691875934282,53004.82,343.0,1
CUST_007718,Steven Smith,469042206,sreynolds@example.com,NINQ82964131638820,40802.13,455.0,0
CUST_007719,James Suarez,377-89-0752,jgreen@example.org,OPOS26948262599842,59963.46,317.0,1
CUST_007720,William Rodriguez,897-60-9516,kevingomez@example.org,UDHV44879400883749,4560.66,685.0,0
CUST_007721,Karen Hanna,074-12-9973,yparker@example.net,QPYI38812587341071,49436.98,327.0,0
CUST_007722,Ronnie Huynh,408-84-0224,mercadoelizabeth@example.net,ZURM78418845782932,17283.1,546.0,1
CUST_007723,Brett Bell,528-40-1757,nicole46@example.com,NAUS64064800593836,57661.8,443.0,0
CUST_007724,Teresa Ellis,146635579,timothy04@example.net,YKEE07163585768744,23393.03,666.0,0
CUST_007725,Nicholas Bates,801161655,josephbaxter@example.net,IHZV71394733294014,48989.09,493.0,0
CUST_007726,Beverly Reyes,607-01-1074,shannon61@example.com,FNCL91946720353393,28997.25,701.0,0
CUST_007727,Christina Deleon,519-23-4975,dshaw@example.net,ZMDA45577664211883,52530.45,447.0,0
CUST_007728,Brittany Murphy,638178769,ubarnes@example.com,POMV05126676485733,19231.68,,0
CUST_007729,Shannon Gonzalez,141-91-5760,qsimmons@example.org,HEGT47224386029753,50453.69,790.0,0
CUST_007730,Joshua Case,752-31-8082,carmen99@example.org,EIVO57921218619952,17284.47,391.0,0
CUST_007731,Amber Jones,745-32-5957,masseyrobin@example.org,HOWG43445289881078,68935.64,488.0,0
CUST_007732,Mr. Joshua Martinez MD,141-96-3238,garciaandrea@example.com,CBNR50890785299448,56956.82,353.0,0
CUST_007733,Christopher Romero,178-65-3733,tammylong@example.com,IZYQ44703371999552,45987.96,475.0,0
CUST_007734,Jeffrey Cox,218-65-7471,mary97@example.com,APMI99392263225182,55300.45,327.0,0
CUST_007735,Brenda Davila,213-54-5811,craigglover@example.org,QQMM58349973192672,71284.94,672.0,0
CUST_007736,William Chandler,107-80-9012,adamwhitaker@example.org,RUSP27352511688546,36592.19,444.0,0
CUST_007737,John Lee,186297952,thomashood@example.org,NHZB78538541135718,61683.99,777.0,0
CUST_007738,Rebecca Church,780-96-1622,nicolemcgrath@example.net,SOVH02073473046590,48704.8,767.0,0
CUST_007739,Luke Donaldson,064-57-5943,awong@example.net,QWUM08016650443933,55990.12,842.0,0
CUST_007740,Danny Davis,492271550,pittsanthony@example.net,ZPTB99263790346548,-29.11,580.0,0
CUST_007741,Kaylee Flores,622-69-5779,brian92@example.com,NWPC73119809073005,57026.39,356.0,1
CUST_007742,Dawn Farley,720878652,mcclainvincent@example.net,UXUD80058141190908,44455.67,758.0,0
CUST_007743,Michael Warren,598-55-6931,sanchezkathy@example.net,TDJQ99844736295880,15702.7,357.0,0
CUST_007744,Collin Gray,768-98-3864,,SCKF57427877850468,69857.61,516.0,0
CUST_007745,John Riley,455162105,rbarker@example.org,UART55303876585477,34755.46,739.0,0
CUST_007746,Dawn Bruce,885-59-0193,heather06@example.com,XCLE68534972540449,11899.55,592.0,0
CUST_007747,Clinton Wright,858-40-1858,rclayton@example.org,HUBD75276379477957,43071.33,655.0,0
CUST_007748,Ryan Rodriguez,573-65-9758,louis52@example.org,PPVI33748570716331,70223.53,707.0,0
CUST_007749,Douglas Evans,756-03-4594,solisandrew@example.org,NRTN27712052711410,24125.73,333.0,0
CUST_007750,Donna Smith,439-79-0172,loganjason@example.com,ZCDX25388360086920,56178.29,810.0,0
CUST_007751,Jason Anderson,326-02-9252,ginajohnson@example.net,HAXN99371555858813,56524.15,479.0,0
CUST_007752,Beverly Thomas,140-93-0017,randy38@example.net,QCAG35637880479821,40526.52,619.0,1
CUST_007753,Martha Hines,218-61-7424,,QKWK51734820728206,23906.0,808.0,0
CUST_007754,Travis Cox,407-91-1012,wuamy@example.org,CDZG63202556027755,27084.41,353.0,0
CUST_007755,Donna Dennis,237-40-2349,maynardjames@example.com,JUUZ88758176669578,20643.83,645.0,0
CUST_007756,Aaron Moss,617020072,wallacechristopher@example.net,QLUX37338836256004,9869.81,639.0,0
CUST_007757,Jessica Simon,682432849,,NIRH03195138115526,19306.71,811.0,0
CUST_007758,Lauren Becker MD,277-54-8832,,RQOR59314856137340,58137.41,706.0,0
CUST_007759,Ashley Davis,630-45-8390,,MYIN65169482510195,37794.96,487.0,0
CUST_007760,Kim Carr,337273231,haleyreyes@example.net,SFPJ07482387477798,57108.43,638.0,0
CUST_007761,Kristen Lopez,348-90-2728,angelahartman@example.com,SUTL08056616967626,45898.08,484.0,0
CUST_007762,Richard Lewis,262-74-2171,leachmathew@example.org,HXYI94687271970700,41861.36,478.0,0
CUST_007763,Alan Barnett,600-97-6177,yvette93@example.com,HWMC48534232166832,28360.23,437.0,1
CUST_007764,Mario Jones MD,163-19-7428,stephanieadams@example.net,ANGU30718163748252,66458.1,600.0,0
CUST_007765,Christopher Martin,254-22-7746,michelle88@example.net,YPDH97749087741332,23291.16,399.0,0
CUST_007766,Russell Rogers,482-87-6092,jchristian@example.com,SLTH45207146169154,60313.23,546.0,0
CUST_007767,Denise Davis,259-38-7231,anne12@example.net,FHCS68533267897579,64859.63,639.0,0
CUST_007768,Melissa Gray,618-48-1026,egilbert@example.com,IQAT59905095241437,45022.33,368.0,0
CUST_007769,Steven Campbell,058-61-7880,lukeconner@example.net,MECM36756510639160,48207.22,647.0,0
CUST_007770,Julie Smith,039-11-3142,,PEHO18782826888891,5477.17,307.0,0
CUST_007771,Rebecca Sanchez,284-01-4399,bernard67@example.com,BHJU68459066158269,22295.59,768.0,0
CUST_007772,William Richards,891-67-5637,,IZMO75468811967675,31457.06,514.0,0
CUST_007773,Jill Hood,124-54-0454,,YOMP08730069672201,69663.61,355.0,0
CUST_007774,Brian Dalton,498-90-7560,tlee@example.org,ZVJB93825085392665,45189.95,698.0,0
CUST_007775,Steven Kidd,223-50-0181,chris09@example.net,QDKL10184353623682,72142.05,363.0,0
CUST_007776,Nicholas Bradford,632-41-4904,qwilliams@example.net,VEZE32488983717879,38746.6,568.0,1
CUST_007777,Melissa Munoz,743-64-6709,susanmitchell@example.com,MLYZ88940809297816,12186.25,316.0,0
CUST_007778,Nathan Hernandez,405-84-6398,sfowler@example.org,DWYZ78045121405292,60930.13,826.0,0
CUST_007779,Stephanie Villarreal,873-57-9273,karenrichardson@example.net,PFDY18708471854902,42555.68,776.0,0
CUST_007780,Kaitlyn Boone,852-18-7797,reneewinters@example.net,EUFD81372463717082,22967.84,642.0,1
CUST_007781,Steven Wilson,680-04-7504,john73@example.com,ZANC91105441246291,27410.09,758.0,0
CUST_007782,Melanie Lowe,645-78-5376,,NEEW29932699748340,62044.13,688.0,0
CUST_007783,Andrew Lin,290-30-4319,arthur00@example.net,JCHL09082071796301,68068.21,733.0,0
CUST_007784,Jennifer Roberts,008-90-8672,chapmanmegan@example.com,WOLI91753161440313,12473.58,568.0,0
CUST_007785,Deborah Smith,681-89-0054,livingstontara@example.net,RXOP18170469353651,73359.04,668.0,0
CUST_007786,Jennifer Allen,075-70-0084,williamcasey@example.net,NDGE54116389397971,55148.13,719.0,0
CUST_007787,Frederick Bell,134-96-6130,fsmith@example.com,LRVK47171052072330,62829.75,413.0,0
CUST_007788,Rachael Murphy,299-16-2528,dennis03@example.org,UCVV03987957709043,44651.35,745.0,1
CUST_007789,Dan Downs,849-19-2279,christopher82@example.net,BDLF95317132081212,8893.58,311.0,0
CUST_007790,Steven Smith,340-73-4980,ssmith@example.com,KIHM57298824570986,1547.96,565.0,0
CUST_007791,Katie Gomez,186363627,haroldcarey@example.com,PMGU81272499630189,24741.74,780.0,0
CUST_007792,Elizabeth Ramsey,754-16-7109,gdecker@example.net,VXOS87307625295125,25629.71,733.0,0
CUST_007793,Lisa Pope,373-49-3853,heather99@example.net,NNNC36412627659900,53946.71,387.0,0
CUST_007794,Debbie Perez,303-01-3576,pughjacqueline@example.com,OSGV75101818459299,37099.93,302.0,0
CUST_007795,Angelica Burgess,068-79-4440,arubio@example.com,GFOX49821675991879,64057.72,389.0,0
CUST_007796,David Miller DVM,812-39-7021,hollyjohnson@example.org,IUCE68757821237832,65744.65,463.0,0
CUST_007797,Dana Jones,111280445,robertbullock@example.com,QGJY73650864587578,47027.17,752.0,0
CUST_007798,Terri Owens,484-73-4718,hernandezderrick@example.org,BVNO61854725035898,36470.24,796.0,0
CUST_007799,David Wilson,515-72-3910,nunezanna@example.net,SPGA36481730943629,56839.43,341.0,0
CUST_007800,Lindsay Nguyen,216445249,smithjennifer@example.org,VZUO85618697552102,12537.12,351.0,0
CUST_007801,Jennifer Snyder,333768050,spencerashley@example.com,BVVL00867202885754,20785.37,600.0,0
CUST_007802,Michelle Osborne,377676465,kevinturner@example.com,ERRL94896718545228,36556.04,400.0,0
CUST_007803,Jacob Harris,468-67-9348,kingamanda@example.com,ZBSY60663499834571,56795.78,597.0,1
CUST_007804,Mark Mata,065858465,sarahhodge@example.com,KYWS25490723898035,787.83,490.0,0
CUST_007805,Jill Barker,067-86-0364,ereeves@example.com,ICGZ07421481149398,2800.29,427.0,0
CUST_007806,Kevin Reynolds,507-71-2489,mshelton@example.com,ZUDY66619996312100,63814.62,397.0,0
CUST_007807,Emily Smith,130417427,amy80@example.org,HQAN99667510962158,16424.46,360.0,0
CUST_007808,Heather Hill,687-71-8071,guerrerocarlos@example.com,TBHQ47764727763768,52894.32,393.0,0
CUST_007809,Robert Moore,584-81-2030,walkerjuan@example.com,LTLN35531408255559,17064.49,812.0,0
CUST_007810,Alexis Martin,064-35-5308,prestonashley@example.org,OBAI70384358125581,64178.56,798.0,0
CUST_007811,Jerry Walton MD,071300836,,CLCX75873496462725,5640.65,694.0,1
CUST_007812,Robert Bishop,449-31-6079,chad18@example.org,URXX18198522895721,38318.83,408.0,0
CUST_007813,Wesley Phillips,804-93-1676,stacysmith@example.org,MADO62222668260969,28000.63,591.0,0
CUST_007814,Deborah Barnes,695-31-3752,ricky08@example.org,IDVU80284808744721,11003.61,430.0,0
CUST_007815,Dakota Gonzales,387-39-5299,bfranco@example.com,GTBD01823096260560,47290.45,402.0,0
CUST_007816,Dr. Tammy Hoffman DDS,610-99-9647,teresahernandez@example.org,VOCG61713928274994,68889.7,634.0,0
CUST_007817,Caroline Powers,545-30-2584,renee53@example.net,QRBV28039841946750,39261.41,820.0,1
CUST_007818,Angela Lloyd,205-43-4795,heather68@example.net,JUOA12178224816449,68314.28,584.0,0
CUST_007819,Jared Diaz,031-47-7482,vdunn@example.com,GSLF84639553066595,10577.91,356.0,0
CUST_007820,Karen Stanley,559-24-3816,ballcatherine@example.net,AXMM91303237345049,50756.03,758.0,0
CUST_007821,David Valdez,228-84-8796,samanthablack@example.com,LIXJ08643058738899,70569.65,693.0,0
CUST_007822,Linda Moran,686-65-5979,turnerelizabeth@example.net,MATX29548269473037,51879.29,671.0,0
CUST_007823,Jennifer Richards,407-76-1932,justinwells@example.com,UXHR93534922361158,11583.85,437.0,0
CUST_007824,Nancy Green,865-81-3085,,GURN10075325700194,29239.73,688.0,0
CUST_007825,Victor Barnes,806974173,byrdkathryn@example.com,LQQS81877933637297,1379.01,543.0,1
CUST_007826,Anna Hubbard,169-19-3027,vincentorr@example.com,QPKE78717104963817,17438.46,400.0,0
CUST_007827,Carrie Murphy,149-92-0214,brandonramsey@example.net,AEKP68412080375749,25187.58,839.0,0
CUST_007828,Erica Watts,202496371,tcox@example.com,XBSE86366888819361,9504.27,751.0,0
CUST_007829,Jamie Sanford,116360291,gosborne@example.org,EAPE80415748461040,18932.62,468.0,1
CUST_007830,Destiny Collier,832-52-2264,randallwatson@example.net,RXGG35047911294929,14868.96,839.0,0
CUST_007831,Veronica Bullock,168121862,margaret88@example.org,QIUK77240598952059,9877.06,535.0,1
CUST_007832,Jonathan Hughes,354228062,josephleblanc@example.com,MYQS48318786426013,21962.93,370.0,0
CUST_007833,Judy Bailey,576-82-8126,lopezrobert@example.net,YTML54930645044039,50446.65,739.0,0
CUST_007834,Douglas Francis,587139640,espinozalauren@example.org,EBGR13372037305209,49635.14,801.0,1
CUST_007835,Christopher Campbell,742-80-0087,erica50@example.org,UVKF79613778684148,74413.55,843.0,0
CUST_007836,Autumn Berger,345496111,wgregory@example.net,DAXU90291838061919,26406.53,483.0,1
CUST_007837,Megan Harris,047-25-6739,lukelutz@example.net,QRVH15691208037284,45073.11,678.0,0
CUST_007838,Jeffrey Ferguson,178-23-7480,bobbycastro@example.com,BTOC51046203226865,37808.71,828.0,1
CUST_007839,Sophia Gomez,877-17-4725,langsean@example.net,HPXP87850787095340,59825.11,576.0,0
CUST_007840,Yolanda Frank,303-87-0616,,KZVJ99789285003889,17253.69,438.0,0
CUST_007841,Michelle Garcia,567-29-0766,peggywilliams@example.net,RDBF14401663888878,68826.84,626.0,0
CUST_007842,Stephanie Andrews,224-51-7012,shannon69@example.net,TOTU03344841956958,50627.9,401.0,0
CUST_007843,Amanda Sosa,111-49-8487,earlalvarado@example.com,VDWY85403189544312,62063.08,520.0,0
CUST_007844,Richard Leonard,039-76-4186,zmyers@example.net,SPBL50390660219927,72821.49,332.0,0
CUST_007845,Shannon Hernandez,115-27-9048,lsanchez@example.net,UWHA88806491675251,57098.33,530.0,0
CUST_007846,Cheyenne Perez,725801668,shermanmark@example.com,NNYY84777869560898,-213.13,828.0,0
CUST_007847,Julie Cole,891-60-8014,bennettjeremy@example.com,MSYY37261747295981,18714.16,,0
CUST_007848,Jillian Taylor,595-96-8894,andreclark@example.net,THAD73226763766547,67117.64,385.0,1
CUST_007849,Raymond King,705-61-5049,guzmanlindsay@example.net,NCUV45073629616566,70653.78,742.0,1
CUST_007850,Gregory Evans,449028910,douglas42@example.org,RMKH12841084448419,7917.24,815.0,0
CUST_007851,Jeremy Smith,632-37-0294,,XRSA26400894662440,20714.21,668.0,0
CUST_007852,Miranda Baker,165918534,xmurray@example.org,ORLD72141751606315,61005.94,664.0,0
CUST_007853,David Preston,243-98-3800,xgriffin@example.org,OLKI60954695709098,57953.86,774.0,0
CUST_007854,Travis Moore,796-41-5223,christine96@example.org,JVJW48783478528454,64012.51,357.0,1
CUST_007855,Eric Bradley,787384682,xramirez@example.net,GCCD97522143550999,21905.26,321.0,0
CUST_007856,Aaron Dennis,757-58-5949,mckenziedenise@example.net,BUTG39245785903858,64829.79,527.0,0
CUST_007857,Renee Dalton,247-33-5822,taramathews@example.com,IVYF69409285445888,1350.02,334.0,0
CUST_007858,Tommy Murillo,078-13-5549,michael91@example.org,QCWJ09982175156351,35096.47,619.0,0
CUST_007859,Brittany Ward,185-71-2091,maryhowe@example.net,ITKY28688044935798,17376.52,576.0,0
CUST_007860,Lisa Mccall,413-86-6315,sharon35@example.org,FCAK18089868613240,55754.04,575.0,0
CUST_007861,Mrs. Tina Graham,809622295,stephaniethompson@example.org,WFVS55455524235110,64504.62,480.0,0
CUST_007862,Kathleen Peterson,494635886,angela46@example.com,RMRZ32467657639116,30232.1,785.0,1
CUST_007863,Margaret Fletcher,703153953,imora@example.net,TEBA49890643425222,49614.36,332.0,0
CUST_007864,Robert Howard,643-75-3698,,ASWH48044888721145,11144.44,456.0,0
CUST_007865,Caitlin Medina,438-44-7311,rachel40@example.com,DPAU43047488421372,50341.47,478.0,0
CUST_007866,Joseph Hodge,759-96-2902,ostevenson@example.com,JERR96925766967773,24113.63,702.0,0
CUST_007867,Joseph Castillo PhD,635-81-3770,caserobert@example.com,YVAM00202542788023,27892.48,378.0,0
CUST_007868,Patricia Norman,834-30-8009,jose64@example.com,EPLV13430988142848,71388.69,354.0,0
CUST_007869,Carolyn Walters,588-70-4971,martinezsandra@example.net,XGUG24885003113027,63917.9,588.0,0
CUST_007870,Brian Marks,309812385,stephensdavid@example.net,ZKJI44104543483560,18800.63,734.0,0
CUST_007871,Daniel Potter MD,643-26-3573,bdillon@example.com,DSAX64675380956039,68319.12,793.0,0
CUST_007872,Steven Zuniga,705774774,nowens@example.com,JHPZ25000274722487,20450.84,664.0,1
CUST_007873,Richard Ramirez DDS,763-42-1724,bestdestiny@example.com,HTHE65564463695412,54166.63,474.0,0
CUST_007874,Scott Parker,274-03-2835,sarah27@example.net,JIQD07284325401242,74061.71,675.0,0
CUST_007875,Stephen Schneider,714-82-4907,hayley94@example.com,UPTQ76796747690612,35912.63,707.0,0
CUST_007876,Meagan Scott,865945980,jill57@example.com,WRNH08722338727689,38124.05,797.0,1
CUST_007877,Sarah Holloway,167754715,wrightjulie@example.org,LRPN40688992069111,25772.28,651.0,0
CUST_007878,Andrew Simon,420-58-7784,robert70@example.com,SURU14982162482542,6440.3,,0
CUST_007879,Michael Cohen,357-86-6609,casey37@example.org,GSYG14924193709993,50582.69,567.0,0
CUST_007880,Gregory Lamb,203-06-6628,,DJHV95346467255971,52632.95,725.0,0
CUST_007881,Stephanie Garza,469-44-5487,robertstokes@example.com,PAPY36052235256713,39311.31,678.0,1
CUST_007882,Sharon Carpenter,303-84-3506,lisamiller@example.org,WTEY95986878354570,31750.48,628.0,0
CUST_007883,Thomas Sims,611648504,sethharmon@example.com,GQXK55152468386750,42871.74,794.0,0
CUST_007884,Timothy Foster,703-89-0799,stephaniereynolds@example.com,DUMA66086822570153,43358.5,359.0,0
CUST_007885,Mr. Anthony Maxwell DDS,439-70-1156,hansenthomas@example.net,MFHU04680179798218,59693.32,634.0,0
CUST_007886,Robert Leblanc,186-87-0398,marshalldavid@example.org,XQMH56436148608396,39363.99,363.0,0
CUST_007887,Daniel Martinez,334-54-7933,melissawest@example.com,GXPC61898075972440,65487.2,792.0,1
CUST_007888,Cynthia Terry,629-10-7440,kcarter@example.net,EBMH44636343899442,7577.92,842.0,0
CUST_007889,Victoria Rodriguez,771-80-8184,flemingpatricia@example.org,POIQ16614279602290,58218.51,567.0,0
CUST_007890,Scott Arias,309-83-1546,kthornton@example.net,LVAY45184105267834,16294.77,462.0,0
CUST_007891,Hailey Leonard,534995285,christinawilliams@example.org,ZFFF60894945682357,41982.69,458.0,0
CUST_007892,Christopher Spencer,206-83-8147,devin54@example.net,DKPZ80102842950791,65714.06,450.0,0
CUST_007893,Nicholas Butler,827-31-0638,johnsonmeghan@example.org,ROXY00062081581097,47867.55,495.0,0
CUST_007894,James Taylor,051-96-0040,angelawilson@example.com,QUKD90910444893202,33655.92,675.0,0
CUST_007895,Patricia Conrad,858-95-2835,maria55@example.com,YUOM78230378624634,5261.14,320.0,0
CUST_007896,Jerry Adams,806-77-2358,gregoryhebert@example.org,JZUZ70437855817168,7680.42,793.0,0
CUST_007897,Cynthia Taylor,764-88-0265,aprilwest@example.net,MWZM09583334320416,49161.91,516.0,0
CUST_007898,Cindy Rodriguez,413-62-5287,abowman@example.com,BFPZ15136679232630,58439.21,527.0,0
CUST_007899,Timothy Jacobs,326855572,sarah66@example.com,XMFU79759830710933,44152.07,340.0,0
CUST_007900,Danielle Bryant,475600311,jamie39@example.com,NJWI98844715552277,2056.64,554.0,1
CUST_007901,Matthew Brown,290-66-3062,kathrynunderwood@example.org,JIUK90725014926167,19468.14,769.0,0
CUST_007902,Anna Stevens,271-31-4715,elizabeth53@example.com,RGVY60104198863301,35422.83,408.0,1
CUST_007903,Eugene Hale,683856501,jamespatricia@example.net,IYDE27776032168624,45526.12,802.0,0
CUST_007904,Joshua Hansen,388-63-6128,nmiller@example.com,HZVN47812262442506,29678.43,753.0,0
CUST_007905,Amy Young MD,055-77-0281,aaron38@example.org,HMDJ06044556883966,4255.68,520.0,0
CUST_007906,Helen Fernandez,432-73-8531,cody18@example.net,QVJC62174818248386,55647.02,,0
CUST_007907,Jennifer Pittman,311128945,wreed@example.net,IPZG25808696868913,58876.47,764.0,0
CUST_007908,Jason Willis,051-90-1271,johnsonstephanie@example.org,XLMQ04239738159672,68900.92,443.0,0
CUST_007909,Gregory Vasquez,070-98-6994,garnerjulie@example.net,DWPX90489252663280,15972.4,342.0,0
CUST_007910,Karen Cobb,664-08-6637,vanessagarza@example.com,EBPJ53308458482749,62333.7,369.0,0
CUST_007911,Mark Mayo,510-52-2264,longpeter@example.org,ZQZB12658783120952,7948.59,691.0,1
CUST_007912,Brittany Allen,890-35-2171,hernandeznicole@example.net,RZVE23301744274927,4390.66,412.0,0
CUST_007913,Jennifer Watson,313039732,phillipponce@example.com,DDTB34295832351525,58160.38,735.0,0
CUST_007914,Charles Pierce,403-45-1809,jjoyce@example.com,SKVC28972229299989,7961.57,690.0,0
CUST_007915,Michael Goodman,629-35-0606,kirkcrystal@example.org,BJKT33924871521365,24366.42,695.0,0
CUST_007916,Diamond Moore,155-72-1568,rogersvicki@example.net,VXNP25466184524537,36093.49,459.0,0
CUST_007917,Timothy Mason,753-43-6943,debbie46@example.com,WPDF33067565736492,28980.87,634.0,0
CUST_007918,Courtney Becker,635-57-7085,gmendez@example.com,IGGY71266866191214,67529.27,385.0,0
CUST_007919,Ryan Conley,026-70-6503,palexander@example.com,MVHX53710367438107,62454.22,569.0,0
CUST_007920,Carol Castillo,127-97-9097,ijoseph@example.org,XPPF90440886419839,46135.47,636.0,0
CUST_007921,Patrick Daniels,331-78-9501,xmeyer@example.net,DCGS19884194649260,48639.04,441.0,0
CUST_007922,Lawrence Miller,792-26-7685,jenniferherring@example.com,UZSF23934311498442,49289.56,628.0,0
CUST_007923,Ryan Farley,076-07-2052,,KGGP30119045347822,72107.68,457.0,0
CUST_007924,Peter Rhodes,149-83-5838,smalllinda@example.org,QVSW85376098674097,60049.68,433.0,0
CUST_007925,Kimberly Jones,021-36-4108,michael64@example.org,WCDG47636514329447,62293.51,773.0,0
CUST_007926,Maria Roberts,357-05-0417,christiangilbert@example.com,QJGL34469928529448,36434.31,311.0,0
CUST_007927,Christopher Santiago,425-16-0842,kevin87@example.net,LQRI96220091012147,67335.63,742.0,0
CUST_007928,Steven Sullivan,340-49-9231,osbornestephanie@example.net,SWHL38107152596930,64955.74,747.0,0
CUST_007929,Donna Sanchez,730868500,kfoley@example.org,UTPL30369214985452,53033.93,744.0,1
CUST_007930,Jose Morales,113-29-5638,zolson@example.net,FHBF47935558400692,73546.23,342.0,0
CUST_007931,Zachary Thomas,872-81-1375,kennethross@example.com,JVUI62281510423404,61541.32,635.0,0
CUST_007932,Austin Washington,298-18-4458,wflores@example.org,FFCG20411012966855,63577.14,611.0,1
CUST_007933,Debra Valenzuela,022-56-5389,danielle94@example.org,HBWH88470846415668,18006.36,761.0,0
CUST_007934,Sarah Hudson,664080456,acochran@example.org,AEMB58440656302094,43442.0,478.0,0
CUST_007935,Zachary Serrano,254-93-4614,markarnold@example.com,GBYC75752677949364,58615.75,477.0,0
CUST_007936,Robert Wilson,590-90-5755,jeffreymiller@example.net,EYBH70031157524911,56591.93,847.0,0
CUST_007937,Tamara Kelly,709-68-9150,colton27@example.com,ZDXY17617148731023,57668.52,596.0,1
CUST_007938,Gary Clark,795-48-3066,emiller@example.com,VNFX45220688158463,3924.52,330.0,0
CUST_007939,Joshua Brown,897-24-2390,alanmorris@example.net,XCLB51076743933183,28548.36,634.0,0
CUST_007940,Kellie Nguyen,320-98-2169,michael37@example.org,ATAA73561714045409,68613.28,476.0,1
CUST_007941,Pamela Wallace,720785752,sharonharris@example.org,BFSG90940442895499,71709.59,550.0,0
CUST_007942,Timothy Levine,172-85-8074,molly26@example.com,ZJJT26031566614527,9504.2,836.0,0
CUST_007943,Carrie Crawford,143587781,scott40@example.com,ATBB86897375421382,36062.81,677.0,0
CUST_007944,Jacqueline Graves,294-25-8979,gedwards@example.com,HGNE87688744691548,58935.41,,0
CUST_007945,Tara Barber,612-67-2445,nmitchell@example.com,APHC16253555054920,60615.4,777.0,0
CUST_007946,Cindy Duncan,746990108,antonio02@example.org,QUVA52200967683956,50235.29,793.0,1
CUST_007947,Christopher Barnes,478-61-6590,ashleyrobinson@example.net,CDKJ93451484329266,69364.71,664.0,0
CUST_007948,Robert Thompson,474635936,robert39@example.net,JZOX68428593117772,15495.72,662.0,0
CUST_007949,Luke Barrett,063-31-1811,pruittbrittany@example.org,VLWJ59854515124029,40674.55,714.0,0
CUST_007950,Dustin Khan,778-09-4966,dillon78@example.org,RNDJ67861352964483,44810.75,673.0,0
CUST_007951,Scott Bond,441-84-4727,jamesdeleon@example.org,ERCI98091512710846,58810.3,440.0,0
CUST_007952,Melissa Vega,418-82-3088,smithamy@example.org,TNZQ63405333315849,45071.73,394.0,0
CUST_007953,Michael Garza,192-51-6211,andrea07@example.net,YBPC58336611363288,642.35,442.0,0
CUST_007954,Darren Carlson,706-05-8489,mary93@example.net,USFG34133225086456,24860.31,596.0,0
CUST_007955,David Johnson,401-78-7682,martinkimberly@example.net,GCZP12750776774791,62483.09,838.0,0
CUST_007956,Nicole Clark,338-48-8277,jenniferjohnson@example.net,UECR92178656962455,60643.86,727.0,0
CUST_007957,Charles Rollins,840-93-0666,jacksonkirk@example.net,GMBP32156591503904,5476.64,362.0,0
CUST_007958,Debra Zhang,858-94-3619,enorton@example.net,HMCC89591441246279,65933.25,787.0,1
CUST_007959,Ronald Ward,368-20-8913,erindavis@example.net,GMVD20792590339192,13539.18,598.0,0
CUST_007960,Andrea Hardy,085-20-0417,hortonzachary@example.net,MFAT01993937016507,59960.44,690.0,1
CUST_007961,Robert Johnson,397-01-4715,scott39@example.net,UVJS29644840391735,62446.52,818.0,0
CUST_007962,Susan Barber,051-72-6472,lparsons@example.org,PVAS68568291174931,9644.49,620.0,1
CUST_007963,Mary Martin,435-58-2657,ydunlap@example.org,VXQH97183503070720,35330.36,552.0,0
CUST_007964,Pamela Gregory,476-84-5317,whiteedward@example.net,AVQF61875161800264,59632.93,795.0,0
CUST_007965,Anthony Cruz,067-23-8074,christinamann@example.net,MOIQ14560695874764,34097.76,482.0,0
CUST_007966,Luis Jackson,053-15-0168,,DMNB99498906891629,1491.73,586.0,0
CUST_007967,Donald Morris,703-09-6675,brandi66@example.com,QJGQ08934399978401,45637.08,421.0,0
CUST_007968,Christina Roach,423-12-2557,james90@example.org,NPQU59717661526769,59915.82,680.0,0
CUST_007969,Alexander Shaffer,536-65-0813,maria60@example.net,VBRG06405113639285,32734.0,689.0,0
CUST_007970,Sharon Collier,309-53-3102,lpennington@example.net,FALH61264661484335,63643.85,520.0,0
CUST_007971,Michael Crawford,247-10-3327,longmelinda@example.com,MNHR35668004101681,62545.51,333.0,0
CUST_007972,Justin Gibbs,775-27-2385,kking@example.com,JAUX99522931118452,26019.15,500.0,0
CUST_007973,Joseph Rhodes,207-83-3561,lewiskelsey@example.net,JCMC75548783854297,29723.51,511.0,0
CUST_007974,Gregory Armstrong,345-77-7350,foxchristopher@example.net,TWCS32145184870566,12766.17,667.0,0
CUST_007975,Kathleen Lin,569-04-0525,gjones@example.org,EVJS10729953156129,1912.19,526.0,1
CUST_007976,Carrie Clayton,351203836,ryanjames@example.net,EHMO19481674623466,8705.09,543.0,0
CUST_007977,Daniel Gomez,657-07-1897,luke85@example.org,NCIC41748433740850,21695.82,480.0,0
CUST_007978,William Dorsey,287278729,walkerdeborah@example.org,ZWUD92098540407853,16131.01,807.0,1
CUST_007979,Justin Cummings,572-19-1933,jonathanthomas@example.org,AYYL02419546071066,23936.16,520.0,0
CUST_007980,Tiffany Hall,450-55-7069,gregoryanderson@example.com,UYEC89364599384471,68430.66,658.0,0
CUST_007981,Jennifer Bailey,453-84-6289,kmclaughlin@example.net,JOPE10876182956809,12644.91,743.0,0
CUST_007982,Brandon Davis,242886961,sandra73@example.org,DXJC64229500722725,20686.9,506.0,0
CUST_007983,Leah Bowen,375-66-0970,leah49@example.net,HLUD33607922524656,44759.6,444.0,1
CUST_007984,Grace Simon PhD,796983076,michael59@example.org,QXFA98108585311739,35411.19,600.0,0
CUST_007985,Melissa Green,223-86-0717,,GNTS13303545656999,16278.56,750.0,0
CUST_007986,Jose Hayes,749145085,bwise@example.net,CVVC30583692318195,56021.61,662.0,0
CUST_007987,Sharon Bird,004-63-4186,hannah61@example.org,QXSR12054684092210,69959.0,431.0,1
CUST_007988,Jonathan Romero,789-32-3411,pgonzalez@example.org,KFYL05350533256001,38608.03,581.0,0
CUST_007989,Brandon Hess,814-92-6925,travis18@example.com,NOIQ57735976955416,7000.88,385.0,0
CUST_007990,Deborah Morrison,514-90-1501,kevinshelton@example.com,TJNY04669571969328,23069.28,329.0,0
CUST_007991,Maria Moore,699984219,hawkinssteven@example.com,VLLL62849342654945,29185.11,310.0,0
CUST_007992,Brittany White,308-87-6823,kevin85@example.org,BZJL34091308801262,51197.97,425.0,0
CUST_007993,Stephanie Palmer,478-46-4328,hurstjason@example.com,UMWU80542474972616,31779.33,662.0,0
CUST_007994,Cynthia Gardner,637-86-8383,waltermendez@example.com,EYQJ81601446045560,54968.09,546.0,0
CUST_007995,Heather Johnston,663-91-6468,lori51@example.com,CDVH09611687767368,21468.83,596.0,0
CUST_007996,Jacob Perez,320-02-1040,rodriguezjennifer@example.org,DWHL62421322171355,1738.95,775.0,0
CUST_007997,Courtney George,299-50-3162,ethanjones@example.org,EYVT88528541964801,72500.69,800.0,0
CUST_007998,Christian Miller,429-89-4702,alanrich@example.org,ASNS66368485035761,31218.2,654.0,0
CUST_007999,Stephen Mack,405-18-9816,keithnelson@example.com,ZPDK17520056529103,56711.5,675.0,0
CUST_008000,Sarah Wilson,242-56-9132,greenian@example.com,CVGR53118917440756,14362.4,640.0,0
CUST_008001,Christopher Warren,149-86-9831,uturner@example.net,FJCF50842759272885,29991.75,357.0,0
CUST_008002,Candice Sosa,181-03-3419,,QDWM09261770904756,1253.73,690.0,0
CUST_008003,Taylor Chavez,551-51-7328,alan16@example.org,PCXF50017623593862,26462.84,827.0,1
CUST_008004,Kenneth Williams,332247888,amy66@example.com,PIMB88607175189540,31275.02,719.0,0
CUST_008005,Michael Adams,456-40-0568,andrewmann@example.com,AZHN56586892967039,57124.92,560.0,0
CUST_008006,Kayla Farmer,835-44-0363,lwilliams@example.org,SQCC09128222549927,13138.01,578.0,0
CUST_008007,Kyle Smith,302-06-5482,mary38@example.net,DJAV41848778021430,38789.16,827.0,0
CUST_008008,Kara Booth,255-49-3663,dwang@example.net,QZGT62585664963440,37.82,,0
CUST_008009,Caleb Fry,012-11-0353,yblack@example.com,LZJU29543663854679,7478.46,521.0,0
CUST_008010,Jason Hall,252-91-3636,omckay@example.com,PINS62659944900644,43420.28,448.0,0
CUST_008011,Morgan Johnson,629861171,jerry38@example.net,BBIM63871079162926,16139.13,408.0,1
CUST_008012,Natalie Hicks,495-02-7339,brenda56@example.net,PKCZ85951952008547,30705.31,302.0,0
CUST_008013,Eric Walker,565-92-2278,,LSGD52802903773877,33973.29,308.0,0
CUST_008014,Peter Ibarra,090-19-1769,patrick72@example.net,LEOK59057500879427,51117.42,627.0,0
CUST_008015,Rita King,766879732,petersims@example.net,BMAN04433538409175,6031.34,431.0,0
CUST_008016,Melissa Brown,649-44-5121,bauertimothy@example.net,TZAR60910496020559,59597.68,713.0,0
CUST_008017,Richard Harris,578-34-1627,jennifer46@example.net,VLFQ28686583798324,36437.24,379.0,0
CUST_008018,Amanda Larsen,120-57-0898,sleonard@example.org,ORPT80780367767503,21368.09,551.0,0
CUST_008019,David Guerrero,254-95-1269,tcalderon@example.org,TTPO57081971433874,36412.71,736.0,0
CUST_008020,James Burke,032-64-5502,julie59@example.com,QVMC34068743452545,71410.12,733.0,0
CUST_008021,Courtney Miller,378-19-9506,clarkralph@example.net,DELF29293852063392,23696.85,734.0,0
CUST_008022,Valerie Reilly,818070484,hammondchelsea@example.org,FLIJ58173061484059,33909.97,780.0,0
CUST_008023,Danielle Davis,427449184,blankenshipwilliam@example.com,FURW50075320206258,12497.71,395.0,0
CUST_008024,Mary Martin,733-15-9977,kimberlybentley@example.org,OOCO17716554051630,58708.04,,0
CUST_008025,Tyler Cooper,677-62-9526,jasonwhite@example.net,LZOV66389981725190,74375.35,725.0,0
CUST_008026,Sarah Pena,241-16-3012,christophermartinez@example.com,GSBL07099461691936,48252.0,602.0,0
CUST_008027,Valerie Curry,303644085,aday@example.com,ZDYH65039668115178,8174.98,800.0,0
CUST_008028,Stacey Bradley,014-75-5643,ymanning@example.org,BPBJ39060750924940,9095.73,637.0,1
CUST_008029,Morgan Sanchez,114822380,abarnes@example.com,RVYP70671402934988,20601.9,340.0,1
CUST_008030,Mr. David Rivas,121-80-5771,rlyons@example.org,GJZX51467481385255,4504.73,617.0,0
CUST_008031,Richard Alvarez,371-44-3417,nathanrosales@example.net,XIUL41892202384610,30892.02,728.0,0
CUST_008032,Javier Reynolds,628-38-2249,bennettkaren@example.com,SZEH68069157628049,36524.28,572.0,0
CUST_008033,Mr. Joshua Wright III,716-40-1353,ericfletcher@example.com,XXXJ17870121070868,11983.25,544.0,0
CUST_008034,James Oneill,261-09-6881,andreamolina@example.net,GRXE57625987239974,47829.27,569.0,0
CUST_008035,Curtis Hatfield,125-67-3620,robert70@example.com,BXOD83016574815743,61939.21,438.0,0
CUST_008036,Katelyn Koch,238-06-1994,murillodaniel@example.net,LNND27142908644125,31329.39,691.0,0
CUST_008037,Jessica Brewer,286-65-5387,sandrafisher@example.org,CKWE54926838850841,65690.76,810.0,0
CUST_008038,Raymond Parker,060-09-1234,davidjohnson@example.net,CQCL14372701792195,73411.51,751.0,0
CUST_008039,Jane Chang,512-33-9558,emily48@example.net,MCRP44508388995152,2027.11,557.0,0
CUST_008040,Nathan Walker,554-42-7274,jacquelinesmith@example.org,UJOF85814908656691,7953.87,,1
CUST_008041,Kelly Mcdaniel,030-25-6810,shellybrown@example.org,NVHS37323882121857,68551.37,336.0,0
CUST_008042,Christopher Sullivan,768-79-4438,hlong@example.net,ZIZI49503286980580,35540.26,416.0,1
CUST_008043,Paul Galloway,317-34-0782,kylehicks@example.com,CGDJ57044290885988,61072.92,354.0,0
CUST_008044,Brittany Lawson,644-15-4471,beckerryan@example.org,VPKI16381543207741,67535.85,668.0,0
CUST_008045,Bianca Tran,210-39-8823,turnerjacqueline@example.net,DQWO50234629051290,59196.43,810.0,0
CUST_008046,James Stephens,209-70-8978,millerangela@example.net,SBTC03842664685121,74097.29,658.0,0
CUST_008047,Kevin Taylor,521-78-7365,bradley69@example.org,EHIF51702165056782,65893.23,776.0,0
CUST_008048,Nathaniel Morgan,856-43-5751,danthony@example.org,XJTU25897312918922,6038.6,600.0,0
CUST_008049,Jeffery Friedman,449-97-3575,tfletcher@example.com,CAAR39113638508368,43962.41,481.0,0
CUST_008050,Benjamin Fuentes,584-87-7710,wmaddox@example.org,UTPS53955325714415,1066.71,509.0,1
CUST_008051,Kaitlyn Thomas,794-13-9029,angelablair@example.com,LYOW09661777403667,29132.4,735.0,0
CUST_008052,Miguel Smith,562-73-2489,michelle45@example.net,YCYO17367585235104,10530.59,321.0,0
CUST_008053,David Ramirez,268447187,fyoung@example.com,DUEC13138370128190,47931.49,350.0,0
CUST_008054,Susan Cox,773466634,rebeccaschaefer@example.org,JVAU24865796382110,56495.41,340.0,0
CUST_008055,Scott Simmons,274-61-2971,lpotter@example.com,REIG44971365314983,60393.94,521.0,0
CUST_008056,Emily Everett,609-38-8279,donna59@example.org,ZPJV10227825010528,32511.82,554.0,0
CUST_008057,Lisa Garcia,057-36-8242,nicole82@example.org,VFOU71050520245545,4834.47,331.0,0
CUST_008058,Paula Gibson,672-78-1906,qberger@example.com,NPMH97375618941119,11926.31,789.0,0
CUST_008059,Russell Black,424-95-7172,hhines@example.net,AECJ24117542262452,40477.31,707.0,0
CUST_008060,Eric Martinez,597-48-9442,terrellryan@example.org,YNXU46031467844117,27944.62,416.0,1
CUST_008061,Albert Nelson,766841462,ehouse@example.com,YUVY09914338512429,23725.37,369.0,1
CUST_008062,Dean Brown,429-18-9449,bryan33@example.net,MVHH46168559516669,55448.28,824.0,0
CUST_008063,Deanna Avila,027-92-0886,deniseryan@example.org,FHGS90150324057736,47877.5,671.0,0
CUST_008064,Crystal Graves,233124147,isabel77@example.net,SPZL33067293826709,3314.51,832.0,0
CUST_008065,Amanda Moran,414-94-9403,annabell@example.org,GZYC51895388637455,58292.56,479.0,0
CUST_008066,Stephanie Ramsey,886-16-1068,wcardenas@example.net,LSDL89810845798984,53587.57,487.0,1
CUST_008067,Tina Shaw,359260101,wsanders@example.org,AWXT49070804574977,14944.06,452.0,0
CUST_008068,Shane Woods,810-86-7558,andrewgreen@example.com,KIPK26511874516702,38199.49,793.0,0
CUST_008069,Daniel Rivera,550-49-5733,amandawalker@example.com,DFNV71410968583568,58666.65,780.0,0
CUST_008070,Christian Williams,370972773,joshua68@example.org,HFTM48793485856388,21721.71,444.0,1
CUST_008071,Chelsea Mcfarland,553411156,amber66@example.net,OLGP86541516744519,7323.06,439.0,0
CUST_008072,Diana Barnes,301-34-1271,mackenzie75@example.org,UNTY80476629455244,25219.27,388.0,1
CUST_008073,Joshua Clark,700755196,millscourtney@example.org,APAN23414301415748,36520.42,731.0,0
CUST_008074,Latoya Short,219-36-7907,emily26@example.com,DTAP74990319358942,64909.46,581.0,0
CUST_008075,David Miles,021340710,mrich@example.com,FFNI93975042396315,48112.46,626.0,0
CUST_008076,Raymond Ray,822-64-3575,elopez@example.com,JVHO78688868514331,25992.96,352.0,1
CUST_008077,Zachary Duncan,174-18-8403,zwagner@example.org,GSBV00821922863687,32228.51,819.0,0
CUST_008078,Joshua Santiago,153016635,ramirezvicki@example.net,VSDT26238360324384,38119.7,759.0,0
CUST_008079,Audrey Nash,453665726,marissa67@example.net,MQGG51475591602294,4470.5,499.0,0
CUST_008080,Renee Thompson,229-02-8446,michaelhall@example.com,DVBE79567155847939,28166.16,789.0,0
CUST_008081,Stephen Bishop,572966499,colemanjoshua@example.net,QNPG71871366211468,-390.96,475.0,0
CUST_008082,John Orozco,351-59-1672,hendrixmonica@example.net,HIIP23113145526515,20386.93,644.0,0
CUST_008083,Debra Kim,525-04-3096,jamesmorgan@example.org,XJSB00317849280246,-494.12,310.0,0
CUST_008084,Samantha Kelley,221-87-1989,lindsey98@example.org,QVXV49011777029222,31213.35,593.0,0
CUST_008085,Brittany George,497-68-5885,nelsonsteven@example.net,DSRH84035232769221,44558.59,724.0,0
CUST_008086,Joshua Ibarra,172-45-0486,robert89@example.com,TFUP26430684788540,38095.8,578.0,0
CUST_008087,Margaret Fields,716-96-8694,johnsonalyssa@example.com,LWBD97342132069626,43388.72,470.0,0
CUST_008088,Amanda Clark DDS,336-76-9101,johncollins@example.com,EFFR92696338761562,48437.01,511.0,0
CUST_008089,Thomas Reed,799-61-3830,khall@example.net,CYSD73258292626356,39612.95,593.0,0
CUST_008090,Latoya Ruiz,168043379,brendadixon@example.net,HXEM43951275902541,15684.46,446.0,0
CUST_008091,Thomas Humphrey,042-22-9993,patrickmorris@example.org,ASCZ61768116206979,37647.88,527.0,0
CUST_008092,Mark Moyer,237-41-3538,sullivanisabella@example.net,MMMO83368991202448,19030.66,441.0,0
CUST_008093,Kerry Howard,455-47-0893,jacksonkevin@example.net,IGFW81719638643267,27695.63,303.0,0
CUST_008094,Eric Carson,483-28-6728,matthewmitchell@example.org,EZOW15998147400130,48338.5,754.0,0
CUST_008095,Whitney Reed,240-62-5003,bjackson@example.net,DTRX37939254794768,31508.09,481.0,0
CUST_008096,Elizabeth Vasquez,881-28-6094,stricklandjeremiah@example.org,OYMQ32744426110467,14708.33,455.0,0
CUST_008097,Robert Waters,738-88-7074,michaelhicks@example.net,LJTZ92487841213271,4095.07,447.0,0
CUST_008098,Kaitlyn Henry,763-84-9788,walkerzachary@example.com,JLMD86803600180098,56720.91,579.0,0
CUST_008099,Elizabeth Ramos,283-95-9398,wadephilip@example.org,LHMT65903383032738,62764.51,789.0,0
CUST_008100,Jacob Orr,566-49-2055,dustinking@example.net,UJCK60120792831717,16400.06,507.0,0
CUST_008101,Rita Hanson,767-57-9961,rushmariah@example.net,RKUS93190582468629,31932.66,824.0,0
CUST_008102,Deborah Glenn,488-12-5734,ginamorton@example.org,NNYR15930616254704,39463.72,653.0,0
CUST_008103,Christopher Banks,156507404,jimenezmark@example.net,VNPK60782124014475,32243.08,404.0,1
CUST_008104,Kristen Martinez,017-01-8559,yhunt@example.org,YCSX74321314614707,24612.89,802.0,0
CUST_008105,Michael Vazquez,886-35-6907,hclark@example.net,MPOT09687853127439,17289.79,802.0,0
CUST_008106,Allison Whitaker,054-73-0392,kbennett@example.net,QJIS94425522827194,38969.1,685.0,1
CUST_008107,Richard Robinson,862-26-0892,juliemaddox@example.net,QUKN86626894353404,49850.5,513.0,1
CUST_008108,David Williams,190588718,andersonjoshua@example.com,KUMP49431953126013,54214.79,358.0,0
CUST_008109,Amanda Blackburn,433-87-0112,mosesnatalie@example.net,VIFL63846336517091,49531.29,744.0,0
CUST_008110,Michael Harris,873-29-9937,umayo@example.org,FYTK42920643597990,33996.55,754.0,0
CUST_008111,Aimee Hamilton,650531088,xpearson@example.org,XKJV28136272836611,53256.31,793.0,0
CUST_008112,Steven Galvan,343-83-3583,meyerjeremy@example.net,GHFQ28245829179995,48730.62,748.0,0
CUST_008113,Jonathan Cooke,026079464,stevensonalison@example.com,IIYE03678339836485,42423.85,522.0,0
CUST_008114,Amber Larson,170-10-2232,jasmine86@example.org,KYVC95388591029262,31547.2,562.0,0
CUST_008115,Kelly Mosley,833-76-1656,cbrown@example.com,INMY95292155978713,20613.93,783.0,0
CUST_008116,Henry Price,877158021,martineztamara@example.net,BAXY45145754094407,58384.58,413.0,0
CUST_008117,Michael Andersen,090-81-2097,gregorymcknight@example.org,OCEM80436353100216,10162.95,608.0,0
CUST_008118,Jamie Lee,151-93-0058,manuelshah@example.com,APYE86771176189398,19462.85,712.0,0
CUST_008119,Diane Fernandez,743-17-3321,,ZTFA66754913912959,60504.06,835.0,0
CUST_008120,Lisa Fuller,384-54-0585,shelleytaylor@example.org,MBMX04577990944076,52871.92,532.0,0
CUST_008121,Teresa Baker,606-02-7330,lindsey11@example.com,OKYC00218277314827,59302.05,327.0,0
CUST_008122,Steven Perez,848-92-8416,rramirez@example.net,TGRB59116807799154,67403.06,464.0,0
CUST_008123,Douglas Sanchez,301568029,christophermyers@example.org,BQNO32370984713540,23132.59,316.0,1
CUST_008124,Randy Carter,567-36-6439,brownkyle@example.com,PFQW33332507914271,37493.15,778.0,0
CUST_008125,Jonathan Brady,834-49-8768,seancoffey@example.com,SYGC63785509890104,16538.85,593.0,1
CUST_008126,Vanessa Bennett,451-61-7536,bradsimpson@example.com,XIKD85465612081113,46205.97,701.0,0
CUST_008127,Karen Bond,381-96-7369,jimmy58@example.org,LCDJ34575975615194,45192.66,755.0,0
CUST_008128,Donald Delgado,137-59-8666,jim16@example.org,RNRA27504387275317,65204.18,687.0,0
CUST_008129,James Arroyo,266-43-5583,hamiltonchristopher@example.net,WLFA60641999279863,17389.17,334.0,0
CUST_008130,Brian Bryant,854-28-3253,cayers@example.org,EQZN96741095095976,55532.38,787.0,0
CUST_008131,Kimberly Blake,500146908,joshuataylor@example.org,WWAL61347882992487,57180.83,747.0,0
CUST_008132,Trevor Contreras,560-98-8416,april41@example.net,LVII48591525484321,23598.28,558.0,0
CUST_008133,Cindy Hodge,523-86-5445,lnolan@example.org,XXBN38992183866214,237.6,745.0,0
CUST_008134,Kirsten Miller,402-82-0608,robinsondawn@example.com,VTXX23639633106771,2329.84,650.0,0
CUST_008135,Wendy Nelson,168-55-8924,edward23@example.net,SISS95100581046666,67816.9,382.0,1
CUST_008136,Brandy Glass,161-12-0850,williamsonshawn@example.net,NDLK39088575751111,42412.66,460.0,0
CUST_008137,Steven Gutierrez,057-76-8602,lisajohnson@example.com,VGGY98136198388628,32427.78,487.0,0
CUST_008138,Holly Nelson,533-93-0336,hdecker@example.org,NZOT34529278427663,73913.43,616.0,0
CUST_008139,Mark Harrison,881-72-8005,barry66@example.net,SXKO79689362184717,42881.77,387.0,1
CUST_008140,Mark Ford,787462788,brettwalls@example.org,XMXX68566059828019,3410.54,381.0,0
CUST_008141,Eugene Larson,661-62-2668,ythompson@example.net,HFMJ50687988733423,501.16,,0
CUST_008142,Janet Diaz,046844921,ijones@example.net,YXGF98247844642896,61201.87,721.0,1
CUST_008143,John Lee,321952057,krystalreed@example.org,JMOD51331571747394,63795.41,598.0,0
CUST_008144,Eddie Fischer,026-34-9473,meaganmorris@example.net,VSFG76897203943708,61971.9,325.0,0
CUST_008145,Brandi King,143-86-4767,edwardbradley@example.com,IANN88870264987572,10467.54,582.0,0
CUST_008146,Phillip Silva,223900981,karenbrown@example.org,EXGP90486852448562,43516.96,706.0,0
CUST_008147,Jeffrey Leach,161766857,kmiller@example.net,VEZH11480745815163,47952.38,593.0,0
CUST_008148,Brendan Orr,353845636,stevenboyd@example.net,OTBP10617494814785,28441.03,353.0,0
CUST_008149,Timothy Allen,442-93-5144,michael66@example.net,BPEJ52540550738494,48772.2,354.0,0
CUST_008150,Ms. Jordan Chapman,641-86-3802,bmason@example.net,PCOF72368343919972,42327.92,633.0,0
CUST_008151,Laura Lopez,072-07-3043,pricejohn@example.com,KRFM99586548261049,20061.68,315.0,0
CUST_008152,Paul Jackson,668-35-0269,snewman@example.com,JMUB63337908813455,26167.27,615.0,0
CUST_008153,David Davis,749-45-4231,robertarnold@example.com,ERRU56445652199813,63256.15,352.0,0
CUST_008154,Jennifer Velez DDS,161-10-0779,rogerjohnston@example.org,JJDS66005963327543,35130.34,,0
CUST_008155,Kathleen Barry,402-07-8653,,EUDC33167818754441,54370.32,680.0,0
CUST_008156,Veronica Barry,327-28-3327,john47@example.org,GBTO43033843618557,46774.07,410.0,0
CUST_008157,Austin Rogers,809-34-7886,davidlong@example.com,NVJO98506679866524,58393.91,526.0,1
CUST_008158,Jason Little,786-28-5139,jasonwilson@example.net,XYUU84323133460503,27899.21,,0
CUST_008159,Nicholas Hall,609-72-9991,watkinssandra@example.net,OMAS87733742541898,1071.91,823.0,0
CUST_008160,Jason Lewis,226-71-2086,paul16@example.org,XENW70966107933006,36094.86,517.0,0
CUST_008161,Matthew Jones,022-74-2724,fthomas@example.com,KSLR68917540936593,6764.58,615.0,0
CUST_008162,Daniel Patton,135-85-1829,cpeck@example.org,MZGB86211474591506,44314.91,495.0,0
CUST_008163,Jerry Vasquez,259807163,,WFSW63208048459397,42272.37,696.0,0
CUST_008164,Haley Huber,609-28-4193,knightjasmine@example.com,WZTY49309069096538,31405.34,578.0,0
CUST_008165,Lori Stone,415-65-8368,jrodriguez@example.com,LWKL22289792803161,18462.91,533.0,0
CUST_008166,Christopher Mosley,410069510,ruthnelson@example.org,AKWA54974436870620,9373.1,726.0,0
CUST_008167,Jason Mccarthy,870872341,twallace@example.org,UMBV90258246216468,47246.36,411.0,0
CUST_008168,Michael Murphy,073499809,deanangela@example.org,ORHG33527474619783,67921.36,850.0,0
CUST_008169,Chelsea Ryan,336-71-8616,kimberly03@example.com,VDVE00458970928554,36553.03,313.0,0
CUST_008170,Dawn Underwood,420-94-0595,drew39@example.org,RRWX50972098377557,13140.76,753.0,0
CUST_008171,Amber Welch,316-62-8918,goldenkathryn@example.com,REHE92832854584720,72312.91,702.0,0
CUST_008172,Pam Johnson,049-28-6400,ljoyce@example.com,ZNII05922232885947,68972.33,341.0,0
CUST_008173,Jennifer Powell,517-64-7132,madelinemedina@example.org,XZRO01798556937663,25900.36,520.0,0
CUST_008174,John Wilson,578-89-2371,nspencer@example.com,HRUQ01930620766454,3511.82,394.0,0
CUST_008175,Peter Mitchell,839-99-8998,richardbarnes@example.net,BNIE27726250961939,55848.32,641.0,0
CUST_008176,Michelle Mcdonald,538-41-0178,qtaylor@example.org,HQNA97105925102946,33784.12,580.0,0
CUST_008177,Annette Anderson,732-43-3941,boltonphyllis@example.com,TAZN83878204426188,39553.03,832.0,0
CUST_008178,Benjamin Hopkins,328-34-5374,anthonyhayes@example.com,NZRK30483398324111,73685.92,416.0,1
CUST_008179,Kimberly Lopez,662-88-5037,pattersonmarvin@example.org,OHAF10682399102279,49165.15,649.0,0
CUST_008180,John Austin,538-07-8435,changcheryl@example.com,GLWQ48654281307468,30203.81,672.0,0
CUST_008181,Robert Chan,786-09-9040,matthew78@example.net,BNHU30957346978028,41273.0,597.0,0
CUST_008182,Angela Myers,743-89-8484,currycody@example.net,ILXR08767692821935,47351.25,708.0,0
CUST_008183,Beth Sheppard,624-83-2614,,QFFA15438233272511,45139.03,660.0,0
CUST_008184,Alexandria Rodriguez,095-85-5024,amanda49@example.com,WQUJ70814346276007,69167.84,435.0,0
CUST_008185,Jeffrey Ramirez,085-19-3390,jack97@example.net,QKAQ87735240606692,13433.46,739.0,1
CUST_008186,Isaac Chavez,225-41-4450,jenniferreyes@example.com,THFG37531820256974,39250.18,701.0,0
CUST_008187,Casey Yang,654-82-1771,amyrice@example.com,VBQN28119958430115,29994.17,643.0,0
CUST_008188,Holly Gomez,036457989,adamsoscar@example.net,QLUP56794489437337,6046.03,669.0,0
CUST_008189,Amy Fox,006-71-5178,rthomas@example.com,GIJH03809771122468,32038.49,411.0,1
CUST_008190,Emily Patrick,288489997,kalvarez@example.org,TWBO47732720207104,35349.01,604.0,0
CUST_008191,Whitney Jones,305706570,jwilliams@example.com,DUZD87850541217425,12396.21,479.0,0
CUST_008192,Joshua Scott,510482479,nicolelee@example.com,XNND38575327687476,57155.91,377.0,0
CUST_008193,Marvin Perry,043-97-6677,feliciawheeler@example.com,IEDD35243393266946,12347.06,834.0,0
CUST_008194,Kelsey Bates,020-29-5625,cmontoya@example.net,PEBZ25484464449829,60951.67,501.0,0
CUST_008195,Keith Holloway,281749456,ustewart@example.net,EJKA46638523914616,50900.77,611.0,0
CUST_008196,Cody Adams,481-31-0185,qlopez@example.org,NIHB04387178385220,33597.6,788.0,0
CUST_008197,David Meadows,840-30-0278,raymondbarker@example.com,CFNT26637082265157,30253.14,749.0,0
CUST_008198,Kevin Espinoza,332388847,tpope@example.com,EHSJ05949207815637,37762.33,548.0,0
CUST_008199,Michelle Rodriguez,241-68-8925,sheri43@example.com,CWQJ06988273394279,2337.34,623.0,0
CUST_008200,Kimberly Ruiz,602-28-0130,jswanson@example.net,SJNM11177701477495,9015.96,406.0,0
CUST_008201,Cheryl Campbell,456-53-5521,cynthia17@example.com,TPOI73592183979847,40809.95,306.0,0
CUST_008202,Laura Lewis,616-35-4412,anna73@example.com,NZHC85125362865162,3120.58,689.0,0
CUST_008203,Amy King,571289937,zolson@example.org,FSKF29078408007563,74949.46,804.0,0
CUST_008204,Lindsey Lee,518-06-8770,wkennedy@example.com,WYBH21626348517670,26635.67,397.0,0
CUST_008205,Leslie Nelson,764-09-7162,skelley@example.com,NSGS25611781642233,22058.62,378.0,0
CUST_008206,Danielle Johnson,030739993,vwarner@example.net,QRSX02253777223936,72867.34,576.0,0
CUST_008207,Ronald Rios,366-56-8711,,AHXT59080067674195,36600.51,370.0,0
CUST_008208,Stephanie Todd,149768603,austin08@example.org,SYGW74579670767814,47997.7,606.0,1
CUST_008209,Mary Hill,502-92-7975,masontara@example.com,LJXD96361335242884,43472.74,667.0,0
CUST_008210,Christie Novak,567-96-5757,catherine45@example.com,JAKU66877762495980,28466.36,337.0,1
CUST_008211,Brooke Cook,064-54-9919,derek80@example.org,GICH89187481074391,5380.31,829.0,0
CUST_008212,Anthony Elliott,805-33-9104,jesus58@example.com,SIOI35033863029692,4678.05,618.0,0
CUST_008213,James Mendez,824200917,ericyang@example.org,LEJH06828246161238,48736.56,323.0,0
CUST_008214,Julia Lopez,166-82-0510,colemannancy@example.org,FKID90051101277395,23035.64,694.0,0
CUST_008215,Victoria Mckinney,121-55-7813,martinlauren@example.net,LUNC72103761383910,28013.35,302.0,0
CUST_008216,Yvette Watson,874373716,jesse48@example.org,DZOZ79392228380667,3092.15,385.0,0
CUST_008217,Sandra Cox,041-18-9420,wrussell@example.com,RMNH04821051376653,36720.04,686.0,0
CUST_008218,Heidi Jackson,360149710,erikthomas@example.com,UQNE28295879729602,12057.74,808.0,0
CUST_008219,Tammy Walker,179-48-2958,kcook@example.net,WAKB48553563266805,62251.72,449.0,1
CUST_008220,Abigail Miller,103-03-2779,uhamilton@example.com,OWDG68431012214207,19157.63,539.0,0
CUST_008221,Jessica Simmons,650-75-9999,nbenson@example.net,TLPG26410087780437,61742.09,674.0,0
CUST_008222,Maureen Lane,169-61-9517,lgordon@example.net,BLXK36716603409624,25470.3,514.0,1
CUST_008223,Jennifer Murphy,133-07-6806,sanchezamber@example.com,GUBR79160275874848,63181.91,398.0,0
CUST_008224,Joseph Mitchell,345555421,stacy50@example.org,XWAS73015245852704,21846.35,730.0,0
CUST_008225,James Hammond,122-39-9472,hannahgriffin@example.com,CRSM88243717774818,41905.73,,0
CUST_008226,Samantha Zimmerman,368-64-7537,rossthomas@example.net,GHFR50589926396540,19006.57,548.0,0
CUST_008227,Michael Rivera,225-49-8738,stricklandjames@example.net,SKZA53015646979320,45404.8,391.0,0
CUST_008228,Kathleen Brooks,057209419,thomas55@example.com,CQNL57214995465131,72996.33,460.0,0
CUST_008229,Cristina Carter,316633179,susan17@example.net,MYGL51372539214060,2574.53,722.0,0
CUST_008230,Vincent Hicks,074-15-7360,weisslarry@example.net,OBLP02232435531421,13795.12,565.0,0
CUST_008231,Heather Torres,387-05-6661,kimberly14@example.net,WQLU22590029273937,40101.86,626.0,1
CUST_008232,Nathaniel Patterson,209-21-2673,ssnow@example.com,RUMV01958891613555,12125.41,633.0,0
CUST_008233,Sherri Terry,849189558,michael28@example.net,IBBJ89148466859814,44534.76,755.0,0
CUST_008234,Donald Winters,577-10-5145,erinhughes@example.net,NUCU66719844303194,63373.08,825.0,0
CUST_008235,Michael Cowan,097906768,kelleybrandi@example.com,RLPC86407490943531,39973.33,738.0,0
CUST_008236,Benjamin Hurley,174-67-8883,phillipscameron@example.net,QJSN84481773446785,5561.47,303.0,0
CUST_008237,Terry Rubio,329-14-1621,parkerjasmine@example.net,JUBM39755080761040,56892.37,828.0,0
CUST_008238,Debra Garcia,526-63-9160,gonzalezgina@example.com,BEVU07892208661755,19259.92,375.0,0
CUST_008239,Lindsay Merritt,390-17-6171,collierkimberly@example.net,GTNW58979281013227,21283.45,639.0,0
CUST_008240,Ronald Williams,667542346,gardnerrobert@example.com,WZVB50844611742171,46967.35,735.0,1
CUST_008241,Jennifer Russell DVM,146-27-6098,qbrewer@example.net,XIZD09222758020431,10877.17,593.0,0
CUST_008242,Judith Sawyer,048186973,derekhodge@example.net,NXPN44731080336571,18291.6,647.0,0
CUST_008243,Jacqueline Sweeney,161-28-0266,lanceriley@example.net,KQDR38447251537675,73867.0,688.0,0
CUST_008244,Angelica Robles,478-20-5693,gayjuan@example.com,VTTV52433267570340,39709.2,455.0,1
CUST_008245,Brian Kent,013-96-1706,,QUNZ79489241174628,58353.55,725.0,1
CUST_008246,Ray Tran,582-91-9574,meyersfrances@example.net,OZPA89765713302735,2436.65,518.0,0
CUST_008247,Maria Frost,012-86-8464,kenneth02@example.net,JFVR58081448703383,15328.47,646.0,1
CUST_008248,Travis Shields,443-97-4188,xgood@example.net,OQCI97868433786445,44521.55,529.0,0
CUST_008249,Ryan Long,651252524,connieflores@example.org,FALD01443056990855,19262.67,429.0,1
CUST_008250,Regina Harris,589-74-1417,cheyennehart@example.net,LERY22768556326992,55658.43,430.0,0
CUST_008251,Jason Ortega,505-04-0586,mark78@example.com,YXZF55520514593825,24873.71,337.0,0
CUST_008252,Jill Goodman,845-26-6573,joelsantos@example.net,FCAO05254647508138,64571.36,805.0,0
CUST_008253,Rebecca Steele,400-06-5168,feliciamclaughlin@example.org,QXMO77344479848116,50764.05,661.0,0
CUST_008254,Amy Lam,796-82-9247,samantha49@example.net,UZWE02264017379812,13558.32,479.0,0
CUST_008255,Jared Castillo,379-14-5431,coxhannah@example.net,WAGR63303340951841,30796.33,341.0,0
CUST_008256,Bonnie Robles,241-25-1337,jacobpittman@example.org,RYIQ38635541417024,13714.93,335.0,0
CUST_008257,Jennifer Hensley,184-86-1540,brianlong@example.net,MLXE48573079897169,18174.29,505.0,0
CUST_008258,Kristin Houston,142027241,davidjohns@example.com,DDKC33750416608071,33782.32,780.0,0
CUST_008259,Joseph Cooper,799-61-6517,kathrynrodriguez@example.org,DCLD98909355277123,13252.41,520.0,0
CUST_008260,John Ramos,528-13-6345,garciaclarence@example.net,GCTM71552920333721,598.0,846.0,0
CUST_008261,Michael Gibbs,072-55-9973,jennifer82@example.com,OIRG13002171604652,440.04,747.0,0
CUST_008262,Kurt Curry,534116890,archerrenee@example.org,CVRF41002725614889,42248.88,837.0,1
CUST_008263,Kimberly Lawson,345-33-0344,james87@example.com,JTUL51317888002540,67045.5,597.0,0
CUST_008264,Tina Payne,511577478,margaret08@example.net,TNAL15868182915147,8387.09,540.0,1
CUST_008265,Claudia Santos,841-02-8359,erodriguez@example.com,UGXI06093560311885,10222.5,393.0,0
CUST_008266,Lisa Mahoney,362-22-6578,kelli22@example.com,DKKI66263614571969,56919.76,522.0,1
CUST_008267,Lori Valdez,194-35-5672,gwheeler@example.org,RLNN34161105623505,12019.44,784.0,0
CUST_008268,Sabrina Robertson,054-07-9819,alvarezamy@example.com,UHDJ61388662145339,30334.26,744.0,0
CUST_008269,Michael Ayala,433229458,reynoldssamantha@example.org,UHEF26786827573859,40219.97,575.0,0
CUST_008270,Dustin Campbell,214-27-4460,matthewwashington@example.net,QKPI70472214521304,53285.51,714.0,0
CUST_008271,Robert Rasmussen,693-86-4583,mark19@example.com,CYKD41509221849229,18605.92,772.0,0
CUST_008272,Gregory Walker,677551214,bakerrobert@example.net,KLQW65649654714432,59178.15,505.0,0
CUST_008273,Hailey Tyler,612-60-1610,matkins@example.com,XRJH83701823369927,2911.7,509.0,0
CUST_008274,Connie Berry,703-10-1746,laurawilliams@example.org,ZGCQ51372835856434,42781.92,342.0,0
CUST_008275,Deborah Yates DDS,277-64-4546,courtneycastillo@example.org,HUHL04023769838847,40874.42,762.0,0
CUST_008276,Kevin Brown,883-59-6822,edwardsmith@example.net,PCHS67437868381051,18816.72,464.0,0
CUST_008277,Lauren Cole,052-96-3843,jennifer67@example.org,ZFQP68624264109457,55504.91,472.0,0
CUST_008278,Shawn Garcia,007377244,romeroshannon@example.net,NSWA98634553644803,31531.78,305.0,0
CUST_008279,Mark Smith,887458877,rgrant@example.com,KIXU96743038889820,20076.48,418.0,0
CUST_008280,Kimberly Chavez,485-59-9276,,FMWG35580732750255,-339.02,361.0,0
CUST_008281,Michael Schneider,823-52-4653,carterdonald@example.org,LEQS05460485036930,19601.07,579.0,0
CUST_008282,Michelle Crosby,154-67-8667,glennjackson@example.com,WWVY07757417814220,58661.66,560.0,0
CUST_008283,Andrew Suarez,682937663,dhill@example.net,JTTM22837292847139,9742.11,573.0,0
CUST_008284,Alexander Anthony,507-83-7309,sancheznicole@example.com,LSMN45170512447577,25213.18,707.0,0
CUST_008285,Victor Patterson,813-66-1110,micheal35@example.net,XUNO26346866355354,5816.09,589.0,0
CUST_008286,John Day,128-60-7598,oalexander@example.net,QSOZ15683323140866,42625.43,709.0,0
CUST_008287,Jason Smith,524-83-3815,gdelgado@example.com,ASMJ75950395205347,60885.39,742.0,0
CUST_008288,Michael Miller,739-96-4948,cooperlisa@example.com,OZKS30973777160660,40944.01,469.0,0
CUST_008289,Margaret Jones,549-64-2664,jameswilson@example.net,JPKX29538229926719,70148.82,463.0,0
CUST_008290,James Bishop,657-77-9979,,OBQW41446463932194,11685.49,779.0,0
CUST_008291,Lisa Chapman,465380090,melissa48@example.org,DHFE20699187145697,64942.21,403.0,0
CUST_008292,Kelsey Phillips,367-87-6504,hernandezgina@example.org,XLIE28484480532895,25289.04,518.0,0
CUST_008293,Debra Lopez,601648419,kristilopez@example.org,MAFC91106891534641,67096.0,544.0,0
CUST_008294,Paul Cooper,733-78-1362,qwilkins@example.com,LCVQ59724358828442,67308.11,541.0,0
CUST_008295,Erin Morrison,423366409,williamharris@example.net,TPYG15708385587046,57532.65,503.0,0
CUST_008296,James Marshall,325-33-4386,qsanchez@example.org,YVHT14588488667502,16896.49,532.0,0
CUST_008297,Kelly Martin,496591768,ronaldwilliams@example.com,NHHJ29505147129797,28401.34,725.0,0
CUST_008298,Melvin Gomez,229-93-4914,pattonbrenda@example.org,BROH45929541916846,69258.95,541.0,0
CUST_008299,Bryan Buck,277546262,alyssa28@example.net,MPQT09010294406964,16623.59,597.0,1
CUST_008300,Regina Lee,435936581,davidreese@example.com,SZRS10655497923842,30625.07,742.0,0
CUST_008301,Morgan Tucker,830-84-4920,nicole07@example.net,ILYX27073644375837,65978.7,330.0,1
CUST_008302,Joshua Nguyen,048220610,dakota09@example.org,TDNI43605349942966,42413.51,552.0,0
CUST_008303,Brian Knight,462-38-3643,bailey10@example.com,KAJV42188884940380,61396.62,688.0,0
CUST_008304,Kendra Velazquez,792815575,vcunningham@example.com,XZSJ09323083437916,67974.78,500.0,0
CUST_008305,Phyllis Bryant,782-44-8444,fosterthomas@example.net,FDYV15242924220502,38385.36,438.0,0
CUST_008306,Jennifer Bowers,224-87-8436,michael63@example.org,QXLG68548948085905,38119.35,628.0,0
CUST_008307,Raymond Ramirez,235-28-8224,douglasdenise@example.net,NFUY33190340708221,42393.52,561.0,0
CUST_008308,George Mendez,205876496,johncruz@example.com,GXXP40810518004339,41008.47,526.0,0
CUST_008309,Michelle Callahan,186600372,dondavis@example.org,AMFL78866526034725,51094.12,601.0,0
CUST_008310,Laura Mann,620-72-5058,,VXUX68646513978720,51751.7,378.0,0
CUST_008311,John Nelson,184673954,zachary44@example.org,WNDE45530492631236,37479.26,308.0,1
CUST_008312,Joseph Bell,552-18-2675,garcialori@example.net,AEWO82483673175085,14360.35,809.0,0
CUST_008313,Jocelyn Gilbert,173-48-5080,peterskristina@example.org,BLWY46135788475692,18578.26,316.0,0
CUST_008314,Jennifer Acosta,094-54-2071,miguelmurphy@example.com,GAPV11527582525875,14676.0,723.0,1
CUST_008315,Nancy Hood,840-01-7178,olsenkevin@example.org,ZZKM64086063312809,13656.05,715.0,1
CUST_008316,Linda Solis,377-15-0827,dbrown@example.org,CYYU21248388989027,28757.74,728.0,0
CUST_008317,Albert White,289-27-3091,aarongutierrez@example.org,WMUE58364819074400,35646.78,613.0,0
CUST_008318,Jerome Mccarthy,305-88-5831,angela57@example.org,VVQS35660393941582,38293.57,499.0,0
CUST_008319,Amy Levine,707-15-4620,andrewhumphrey@example.org,ABOZ16731174548765,9510.66,,0
CUST_008320,Kimberly Jenkins,510-05-4781,lisalong@example.net,NRTD51128847316286,30986.05,795.0,0
CUST_008321,Kristi Alvarez,547-92-1572,pameladrake@example.net,FWHJ57632830345297,20875.26,396.0,0
CUST_008322,Laura Hill,602-86-5908,halldavid@example.net,ZZPH70043684065128,31396.46,426.0,1
CUST_008323,Michael Nielsen,179-61-2345,kbeasley@example.net,YFJF11867557245246,43528.65,,1
CUST_008324,Christopher Lane MD,828-07-4035,obuchanan@example.net,AETK23065413757814,65990.83,461.0,1
CUST_008325,David Bartlett,185403601,zquinn@example.net,WHEQ21037516463869,22667.11,386.0,0
CUST_008326,Mary White,353-35-4507,woodspaula@example.org,ARUD72384129398266,70140.3,473.0,0
CUST_008327,Jillian Martinez,139023871,weaverrobert@example.net,PIDJ16368564184656,33610.57,347.0,1
CUST_008328,Michael Morgan,309-37-3629,millsjennifer@example.com,EBQQ59697817336699,42418.29,495.0,0
CUST_008329,Chad Rose,348-21-1972,twilliams@example.net,MEPB11785191800560,56007.23,794.0,0
CUST_008330,Amanda Chang,665-42-3627,wdavis@example.com,TMFF96993366238945,5415.54,350.0,0
CUST_008331,Derek Ortiz DDS,746-62-0062,pnelson@example.org,FPNM97938086226051,67748.52,840.0,0
CUST_008332,Robert Bryant,537-08-1125,flynnmatthew@example.org,AUVM44562493144353,52518.44,399.0,0
CUST_008333,Mark Parker,864-87-3822,,ZTTJ23610825995989,2157.05,456.0,0
CUST_008334,Ann Cooper,158349868,rodriguezkristen@example.net,OHQS49116196025042,41285.41,527.0,0
CUST_008335,Lisa Williams,615-09-8089,fmartinez@example.org,POWY83309952688800,52254.87,546.0,0
CUST_008336,Kimberly White,008-67-6256,tylershaffer@example.org,LRZJ99806005833381,34954.44,549.0,0
CUST_008337,Eric Robinson,094-99-6993,alexander89@example.com,JDBI43120906267889,74340.67,699.0,1
CUST_008338,Tina Larsen,671-76-6958,alexander35@example.net,WGNC33915982205502,80.53,600.0,0
CUST_008339,Jennifer Cook,106-61-5930,amanda93@example.net,KXWN26925935463827,63512.27,717.0,0
CUST_008340,Michael Russell,005-14-3253,,SLWA60483341948418,27948.6,770.0,0
CUST_008341,Anthony Thompson,657-68-2497,victoriawheeler@example.net,YVZN06207912290530,28350.37,366.0,0
CUST_008342,Grace Haley,095634035,katrinajohns@example.org,BKJP54646476095000,60616.36,426.0,0
CUST_008343,Olivia Gibson,774-06-8507,,CCRO09334021449182,44057.69,,0
CUST_008344,Brett Morgan,231-84-1870,danielmcdaniel@example.org,FOII34289329436163,69117.88,523.0,0
CUST_008345,Lisa Day,137-02-8664,sbenitez@example.com,KCDH50272551093531,41003.25,377.0,0
CUST_008346,Amy Shepherd,373-41-5331,jacksondylan@example.net,SLNP67520388475263,14223.95,645.0,1
CUST_008347,Gary Todd,264907993,kathleenkrause@example.net,TCGZ10849868764386,71940.62,354.0,0
CUST_008348,Kenneth Thompson,551391389,fgreene@example.org,SIHZ33326131250856,6809.77,470.0,0
CUST_008349,Rodney Dawson,068736168,joelflynn@example.com,HOVL28977501619099,38766.29,570.0,0
CUST_008350,Gloria Craig,148-14-2786,david68@example.net,CALB78041584834918,28021.26,518.0,1
CUST_008351,Karla Patterson,396-57-6068,jill28@example.org,JDTR33388192713652,3895.39,838.0,0
CUST_008352,Stanley Johnson,038505495,robinsonheather@example.com,IWPM66171823167727,48702.87,538.0,0
CUST_008353,Christopher Gonzales,294-15-9535,dmorgan@example.net,WFXH84249213935937,67466.05,627.0,0
CUST_008354,Michael Key,590-79-4490,nicholas01@example.com,EATY76315010841199,30524.71,462.0,0
CUST_008355,Mark Kidd,878-22-3897,frazierveronica@example.org,LRKT26455754979667,53763.57,431.0,0
CUST_008356,Michael Smith,069-39-7826,tyoung@example.com,PVTT27442800888291,5817.09,741.0,0
CUST_008357,Carlos Juarez,856-67-1320,lawsonjeffrey@example.net,LUPE08855068645401,30558.25,584.0,0
CUST_008358,Vincent Todd,635-89-3002,edwardmartinez@example.net,FTUR14704324355039,7532.41,494.0,0
CUST_008359,John Fisher,706-48-2478,williamtran@example.org,IXFH44467573515979,58091.78,482.0,0
CUST_008360,Laura West,721-55-9163,justinfrancis@example.org,XMYE30118056099262,64362.49,649.0,0
CUST_008361,Katherine Wood,586-88-1637,jamesthomas@example.org,VCYD94332286917767,68635.36,354.0,0
CUST_008362,Mark Bautista,446559303,smithtina@example.net,CXNC37036292119461,27487.63,645.0,0
CUST_008363,Amy Chang,133-69-5344,oliviakrause@example.net,MCGU24054868317076,44209.86,399.0,0
CUST_008364,Michael Rogers,886-42-7821,rmcdaniel@example.com,FHJU70663550440246,51840.36,644.0,0
CUST_008365,Jerome Adams,702-50-4573,linda58@example.com,AMPB14201002984853,29338.51,446.0,0
CUST_008366,Candice Shah,094-40-1550,baileyjoseph@example.org,OAJH34757625409392,67156.79,581.0,0
CUST_008367,Gordon Roberts,087-71-8145,russellchristopher@example.net,VTJF62677504568451,6267.63,378.0,0
CUST_008368,Michael Medina,593-45-0016,grantvanessa@example.com,YXCK16690648188402,37147.87,754.0,0
CUST_008369,Michael Lynch,846-65-6476,debraingram@example.net,TCVI65682296163854,57095.79,561.0,0
CUST_008370,Michael Edwards,547492531,samantha60@example.org,HAAM77317386855905,13449.22,829.0,0
CUST_008371,Robert Fisher,125-14-9201,hugheseduardo@example.net,CTBP68462339555433,22003.95,823.0,0
CUST_008372,Amy Lynch,544-80-9403,brownandrea@example.com,JFNS25650082017637,22217.4,539.0,0
CUST_008373,Kevin Bryant,079-62-8097,smithjason@example.net,QGKC81312871948541,39705.62,603.0,0
CUST_008374,Margaret Wang,049-97-3685,jmonroe@example.net,DVEY50227479439189,69869.85,316.0,0
CUST_008375,Sarah Baldwin,690797148,derrickrich@example.org,IWUK39455467456217,53867.48,531.0,0
CUST_008376,Lauren Campos,569-95-2831,,ACXH45943068358556,26984.3,,0
CUST_008377,Brian Nguyen,322-07-5105,johnbailey@example.com,CBMH43199011243224,64348.75,372.0,0
CUST_008378,Wayne Gill,851-44-1545,aaroncardenas@example.org,GEFO73699282050774,54111.7,574.0,0
CUST_008379,Cory Robertson,352-31-9509,ochoajesse@example.net,TWGD30063444020939,9729.14,331.0,1
CUST_008380,Katherine Alvarez,419-01-4596,yoderjim@example.com,HHNN49730609109727,39006.24,372.0,0
CUST_008381,Carol Hall,094-51-2271,brownchristopher@example.com,EBCE04646128857235,16587.48,587.0,0
CUST_008382,Kyle Hart,418-73-5631,megananderson@example.org,SETL84558959511962,63723.37,616.0,0
CUST_008383,Anthony Morris,017-61-8431,qvelez@example.org,WMPJ36341987482319,42588.34,,0
CUST_008384,Austin Glenn,848-30-5053,tiffanysmith@example.net,YMLS36198615848158,5115.74,307.0,1
CUST_008385,Daniel Park,600-20-2133,jenniferfernandez@example.net,IIZF65599312182786,71386.02,788.0,0
CUST_008386,James Barron,191-32-4103,angelamiller@example.net,ISVL56915818069240,1657.6,749.0,0
CUST_008387,Ashley Oliver,746-80-6757,jeffersonevelyn@example.com,JXBK08448522022777,69086.25,548.0,0
CUST_008388,Stephanie Fischer,812-73-9104,jesse55@example.net,SCRF92183438225097,58894.56,520.0,0
CUST_008389,Laurie Christensen,190-45-9040,henry91@example.com,ATSN18918269800809,56176.8,352.0,0
CUST_008390,Steven Hunter,330-02-1089,dlowe@example.net,XKXA74752373400154,27147.04,767.0,0
CUST_008391,Mary Fernandez,369-29-8727,evelyn53@example.com,JIKV62536423018924,28814.75,654.0,0
CUST_008392,Gary Richardson,897-08-5277,rbond@example.net,QSGJ69786531662469,23322.31,699.0,0
CUST_008393,Samantha Ruiz,614306057,chadmartinez@example.com,AZNH49979030771309,7965.5,385.0,0
CUST_008394,Mary Norman,106936782,vroberts@example.org,XQNS44474006756151,38934.35,318.0,0
CUST_008395,Deanna Miller,507-51-7389,stevensonmiranda@example.org,EPJK30695048625622,27225.27,732.0,0
CUST_008396,Robert Park,842-28-0569,brittany64@example.net,KXHQ69514752833596,30400.77,670.0,0
CUST_008397,Laura Smith,468-72-9359,dbernard@example.org,ULDS86436377841377,25882.67,543.0,0
CUST_008398,Alexandra Johnston,350-32-0660,cobbmegan@example.com,TCAR91427574944971,48243.75,848.0,0
CUST_008399,Lee Bradley,354-14-7412,smithmegan@example.net,RUOE89880077304206,56879.94,,0
CUST_008400,Rebecca Ballard,563-10-4725,sonyacasey@example.net,JZJG77145188447643,20659.58,448.0,0
CUST_008401,Alexander Franco,693565924,youngcarla@example.org,UEIO65363110611309,27710.28,433.0,0
CUST_008402,Michael Wilson,359-51-6522,,DXNV13623645324262,17653.36,,0
CUST_008403,Steven Castillo,754-24-5426,gbrown@example.net,UTIE09847648955675,69889.0,730.0,0
CUST_008404,Kirk Hughes,583-32-5474,thomasrandall@example.org,GMDO16567666528503,42327.18,316.0,0
CUST_008405,Juan Harding,347-26-0861,holly18@example.net,RXDN81493567007931,55051.54,451.0,0
CUST_008406,Theresa Knight DVM,822-27-6110,gcaldwell@example.net,QRFC32980341842836,61173.18,347.0,0
CUST_008407,Edwin Richardson,781083152,hensonemily@example.com,OPUX58804483323121,55026.62,307.0,0
CUST_008408,Duane Smith,574-27-4434,gilbertmartin@example.net,IGQV70821372818271,44413.38,414.0,0
CUST_008409,Mrs. Sara Fisher,333-95-4814,awilliams@example.com,BBWM60879267593249,39562.63,492.0,0
CUST_008410,Jennifer Macias,662-76-8325,qgarner@example.net,LPDF78641855521216,30682.62,498.0,0
CUST_008411,Peter Gutierrez,172-04-5117,phillip97@example.com,PRRA21561902159364,33883.93,768.0,0
CUST_008412,Kimberly Stewart,492-06-2662,vanessa40@example.com,QMUH23551482112646,52848.69,484.0,0
CUST_008413,Michael Beck,281-02-0917,amberharris@example.org,DFRZ42494189810095,40289.26,773.0,1
CUST_008414,Derrick Gutierrez,789-03-9126,tracycallahan@example.net,ZGZI62615475931497,6769.83,441.0,0
CUST_008415,Christine Davis,133-14-7455,jordanantonio@example.com,HCHR71854314330227,35159.67,670.0,0
CUST_008416,Jennifer Moore,435-40-7417,dixonkristin@example.org,KAHF86410419670836,25016.57,629.0,0
CUST_008417,Joseph Wright,131-32-1076,ashleytaylor@example.com,BQJC50044814164718,40532.22,849.0,0
CUST_008418,Gary Gill,513718246,richardfrost@example.com,VZMG40607246365828,44174.94,676.0,0
CUST_008419,Sandra Schultz,594-13-0791,smithmelissa@example.com,VYEA11142932587719,43063.42,838.0,0
CUST_008420,William Conway,220-88-5023,stanleygregory@example.org,BREL28629377867778,22059.85,472.0,0
CUST_008421,Brian Marshall,562-88-7828,wpham@example.org,SGII26315870858484,59125.31,617.0,0
CUST_008422,Sherry Foster,236476374,lambthomas@example.org,LENZ06386534008071,57202.15,376.0,1
CUST_008423,Jennifer Garrett,673-33-5215,stephanie29@example.org,VOQB42221535272435,35344.06,747.0,0
CUST_008424,Benjamin Williams,331-10-4068,lindseygregory@example.org,WSEX29643470039711,56319.79,520.0,0
CUST_008425,Regina Coleman,083-86-0215,leslie61@example.net,BGOF69013505635538,37367.08,311.0,0
CUST_008426,Dennis Davis,647-06-5502,ashleycontreras@example.org,CEAL22549805115364,37250.82,554.0,1
CUST_008427,Timothy Brown,242636994,josekim@example.com,WJCQ39465261526783,73869.55,629.0,0
CUST_008428,Elizabeth Robinson,097261283,barkerjames@example.org,EHLA19060321253711,34267.45,492.0,0
CUST_008429,Lisa Fitzgerald,612-49-5432,mcmahondaniel@example.net,DQVG35635964914902,46339.56,812.0,0
CUST_008430,Timothy Smith,662-03-9659,yparker@example.com,SJSL68924793305014,31162.57,776.0,0
CUST_008431,Jimmy Summers,441-87-3943,spencematthew@example.com,QOYR70141277248167,15761.66,659.0,0
CUST_008432,Matthew Burgess,021730035,thompsonsandra@example.org,VBGG18329456470545,9541.1,358.0,1
CUST_008433,Ryan Davis,167-70-6010,jasonsutton@example.org,RUPG28751249408058,1451.02,764.0,0
CUST_008434,Jesse Bass,568-05-0394,martinmatthew@example.org,SJTI72317426017403,1259.53,356.0,0
CUST_008435,Nicole Evans,438-73-8993,,CWOJ76848054735773,63133.64,691.0,0
CUST_008436,Robert Hudson,075-13-5168,rodriguezstephanie@example.com,MHPX45207160681417,67146.35,808.0,0
CUST_008437,Nicole Barker,480-10-8838,farrelldavid@example.com,KYLT89174090675427,1141.55,416.0,0
CUST_008438,Pamela Garcia,867-71-9156,kmitchell@example.net,YVGP62527897380881,15514.52,322.0,0
CUST_008439,Erika Nguyen,104-70-6386,,FEFW24741858231241,35597.21,701.0,0
CUST_008440,Kyle Larson,872-90-1265,beverlyking@example.org,FCNB59353404175402,-136.88,521.0,0
CUST_008441,Ryan Cortez,750-84-3517,joshuaboyle@example.org,VBPJ66480683026333,62231.9,444.0,0
CUST_008442,James Ramsey,341-16-6035,michaeltran@example.net,WCXK20101980925515,31243.51,787.0,0
CUST_008443,Kelly Fuller,195-24-4208,jason04@example.org,IPAH48654737139356,24051.57,490.0,0
CUST_008444,Tammy Shelton,480-03-6303,johnsondavid@example.net,ZVQE45235880648451,31102.07,820.0,1
CUST_008445,Clinton Garcia,768-63-3424,fbaker@example.com,OMKS16988862701853,35457.28,592.0,0
CUST_008446,Linda Bush,368-30-9416,michaelbranch@example.com,CJZQ30278772326442,40960.41,703.0,0
CUST_008447,Carrie Johnson,738039670,williamnicholson@example.org,KIGE42461483553771,20416.37,759.0,0
CUST_008448,Janice Sanders,644-26-8303,garycampbell@example.com,ANXG42065056524792,48764.76,671.0,0
CUST_008449,Keith Garner,111-76-7601,kaylagarcia@example.org,WUOS57441425220691,73139.67,512.0,0
CUST_008450,Jerry Green,667-76-8240,andersonteresa@example.net,KXRT52876244097589,17660.09,369.0,0
CUST_008451,Robert Horton,292979211,robinsonerica@example.org,LBMJ85259353527245,22193.49,717.0,0
CUST_008452,Jonathan Smith,802-52-3032,andrewporter@example.com,KAIB46725192962470,72654.82,318.0,0
CUST_008453,Anthony Dawson,290-64-7959,pamela37@example.com,DRWL11918462912424,74964.83,483.0,0
CUST_008454,Keith Anderson,487-09-4255,danielwhite@example.org,DBVK20022939056080,65553.85,817.0,0
CUST_008455,Micheal Mcdonald,739-57-4879,heather58@example.com,WBBB20261641814671,20845.75,478.0,1
CUST_008456,Alexandra Savage,544-48-4717,joshua53@example.net,CCFK11345071007545,63021.93,781.0,0
CUST_008457,Paul Lee,836-21-1709,kenneth96@example.com,TLQZ85967937825163,30096.39,568.0,0
CUST_008458,Caitlyn Jackson,051-03-4371,williamsjames@example.net,IELV94564208927767,23508.29,416.0,0
CUST_008459,Jeffrey Warner,190-14-8906,rodriguezcarla@example.com,NSWT78313162881605,50587.66,539.0,0
CUST_008460,Natasha Torres,731-13-6949,dliu@example.com,UOVQ76646517932630,36063.41,348.0,0
CUST_008461,Heather Beltran,712-12-3707,jimmy88@example.org,CMQO45621327613071,23276.93,410.0,1
CUST_008462,Andrew Ellison,400-73-8367,uhansen@example.org,MQJD57980031134831,58641.74,404.0,0
CUST_008463,Melissa Reed,511-01-0427,jblake@example.net,ORKS16353382948395,45863.24,774.0,0
CUST_008464,Laura Acosta,379-87-1315,jonathan07@example.org,LWCE12545019311585,51746.4,468.0,0
CUST_008465,Alicia Brown,719-18-8515,kimberlywashington@example.net,YQWH89123265169755,28631.16,683.0,0
CUST_008466,Alyssa Daniels,220-94-7119,silvaralph@example.net,LHOK37494723255818,53728.81,763.0,1
CUST_008467,Samuel Bates,270-37-2495,tyler44@example.com,JSOO24459351039434,28143.91,544.0,0
CUST_008468,Robin Hawkins,029151990,lopezcynthia@example.org,PLLR74016247594344,34465.95,427.0,0
CUST_008469,George Becker,536-97-3197,crystal06@example.net,KFAF33043072758896,5710.91,584.0,0
CUST_008470,Christine Davis,892-66-2769,rebeccafranklin@example.com,META40862385339034,18678.17,622.0,0
CUST_008471,Howard Bryant,329991810,pporter@example.com,YZJC79693439932762,21403.53,521.0,0
CUST_008472,Emma Williams,406-84-9384,murphygloria@example.net,LZRR55750421392768,9118.26,367.0,0
CUST_008473,Steven Thomas,242-96-6951,lauren68@example.org,WKGJ30650207713044,60788.64,568.0,0
CUST_008474,Sarah Jones,364312660,patrick20@example.com,QUKX48614602826174,39090.09,699.0,0
CUST_008475,Andrew Jackson,828-59-0195,evanrose@example.org,IAJQ29807988717072,73527.46,764.0,1
CUST_008476,Kenneth Yoder,631-71-2596,rjones@example.com,TZAQ49232132064333,35301.05,494.0,0
CUST_008477,Matthew Morgan,429-23-8190,coxmichael@example.net,NRDU60390647360657,63623.66,837.0,0
CUST_008478,Nicole Smith,533-53-1300,vegaamy@example.org,KWGS80196261831631,44943.27,688.0,0
CUST_008479,Mark Figueroa Jr.,394-33-5152,randy82@example.net,RSIE22258317506517,14481.96,355.0,0
CUST_008480,Kathy Wright,177-89-3170,kelsey48@example.org,YKEZ45434982677866,53897.64,639.0,0
CUST_008481,Darren Espinoza,294-75-7886,rhonda45@example.net,DZLU71866427876128,12897.13,574.0,0
CUST_008482,Angela Dixon,743041656,ernest31@example.net,ZRKT20717047160393,5699.06,842.0,0
CUST_008483,Richard Anderson,665635287,wrightanthony@example.com,YKCI55517633210721,70987.04,769.0,0
CUST_008484,Robert Stewart,314433924,,BFMX93928402460848,38433.3,381.0,0
CUST_008485,Christopher Daniel,100-25-4539,acarey@example.com,JXUK19600704156049,49014.77,441.0,0
CUST_008486,Christopher Cox,041-74-9613,iray@example.org,HAGK16450141990895,20556.05,632.0,0
CUST_008487,Ryan Blackburn,651-21-5448,wwilson@example.net,BWWM30280100440641,74716.49,800.0,0
CUST_008488,Jennifer Phillips,696804291,elliottmaria@example.org,EQAU00774733559157,35445.96,379.0,0
CUST_008489,Craig Luna,011-62-3817,williamgreene@example.com,KNDQ80070939908860,54265.64,327.0,0
CUST_008490,Catherine Jimenez,840-15-4413,cbradford@example.com,VLRI50631205128222,21163.54,464.0,0
CUST_008491,Regina Lewis,466-09-6523,sanchezcheryl@example.net,BZWP23620329001152,20048.46,524.0,0
CUST_008492,Melanie Peters,076-12-1511,ronald43@example.net,WWID47710917660630,15979.35,537.0,0
CUST_008493,Lisa Ferguson,848-96-6710,ashley39@example.org,LALY39354269896634,33217.59,745.0,1
CUST_008494,Sheila Marsh,818-44-4388,schmittedward@example.org,TYSF47617416401216,25385.5,478.0,0
CUST_008495,Michael Garcia,461-85-7155,casesandra@example.org,GYMS57923422289822,44989.83,729.0,0
CUST_008496,Jorge Thompson,063-49-9218,mike15@example.net,SJEF88616138217128,50866.44,381.0,0
CUST_008497,Jennifer Summers,015-43-2779,carlawilliams@example.com,VUZD20645123019682,45815.08,500.0,0
CUST_008498,Juan Rodriguez,214862780,carrmark@example.net,NSHL26271523270365,8521.31,413.0,0
CUST_008499,Kaitlyn Garza,561-51-0539,matthewharper@example.net,BGUG54724069240697,30648.51,359.0,0
CUST_008500,Brandon Guerra,633-28-1430,robinthompson@example.org,CIMO92779919196011,53832.62,490.0,0
CUST_008501,Aaron Jones,726665823,lcrawford@example.org,BMPR13936355730959,22183.54,780.0,0
CUST_008502,Jamie Padilla,763-35-0834,qlee@example.org,DSWC87330956212691,62893.5,682.0,0
CUST_008503,Cory James,456-82-7915,richardallen@example.net,ULQS01930956070276,36228.04,419.0,0
CUST_008504,Colin Santos,052-36-9402,ryan58@example.com,GBHJ84246378501093,23455.64,739.0,1
CUST_008505,Leslie Frey,818-79-5266,loretta20@example.org,MJTL94342927094709,21146.89,,0
CUST_008506,Erica White,338606886,brittany01@example.com,CXEN52000887726142,14024.41,654.0,0
CUST_008507,Jose Johnson,083482708,johnfoster@example.com,UDOH50429946475674,13875.53,491.0,0
CUST_008508,James Collier,672463460,afisher@example.org,UGBW06486603406542,47355.28,458.0,0
CUST_008509,Charles Jacobs,877-10-5279,qbooth@example.net,VVNT41185220998802,41009.49,749.0,0
CUST_008510,Mariah Hurst,405-20-3359,shaffercaitlin@example.org,MMAK78519007981028,1841.32,555.0,0
CUST_008511,Adam Kramer,711-17-9286,kellyhernandez@example.com,XCHQ37956888586341,47631.35,805.0,0
CUST_008512,Keith Miller,881-42-1099,william23@example.net,VIPF84460872735130,46347.64,419.0,0
CUST_008513,Michael Perez,607-36-4270,campbellaustin@example.org,OWUH25353363415050,55756.53,545.0,0
CUST_008514,James Vasquez,054-78-1932,jessica93@example.com,FWSI51409364983856,12498.25,379.0,0
CUST_008515,Julie Stephens,668-08-5566,eedwards@example.org,QZJX03122408248616,51328.66,304.0,0
CUST_008516,John Powell,449-31-6380,,LCHT06623746774381,26600.3,434.0,0
CUST_008517,Adriana Campbell,213-82-5929,lisamiller@example.com,EUOT75951879088610,26631.68,350.0,0
CUST_008518,Richard Davis,618-26-5678,,RIGS50391187326653,63621.43,419.0,0
CUST_008519,Erica Thomas,274-83-5179,connormueller@example.com,NGGR86123412930634,40008.78,569.0,0
CUST_008520,Jenna Vasquez,819-46-3705,lamadrienne@example.com,VEGN94580454378745,7021.51,424.0,1
CUST_008521,Jorge Kelley,658-99-8923,andersonomar@example.com,IRQA89322135590545,23976.74,712.0,0
CUST_008522,Edward Huffman,272-74-8119,lfreeman@example.net,HOTA05887221514768,31935.45,339.0,0
CUST_008523,Daniel Zimmerman,128-49-0348,coryjohnson@example.com,WCSI64998350791987,17516.15,656.0,0
CUST_008524,Karina Wallace,410282383,nunezchristine@example.net,WEWU68601018150110,29241.0,504.0,0
CUST_008525,Robin Phillips,165-87-6241,ruizjennifer@example.com,QQLL70182189684375,51655.82,657.0,0
CUST_008526,Daniel Golden,436-96-5431,kristylewis@example.org,FTTY00058795913193,70751.54,563.0,0
CUST_008527,Lisa Smith,667-49-8097,eburke@example.com,XGPE00001189441654,28310.17,725.0,0
CUST_008528,Sharon Conrad,327-97-1234,greenkyle@example.org,IVFU57147949920977,53229.83,721.0,0
CUST_008529,Jennifer Deleon,377-50-0205,perrymegan@example.net,DFZR58356081313397,22528.47,,0
CUST_008530,Deanna Love,209-85-1956,barbara31@example.net,WDFQ38245399593811,15485.43,754.0,0
CUST_008531,Kristie Herrera,461014088,ywerner@example.com,SKLJ96877122893256,801.76,786.0,0
CUST_008532,Andres Mercado,447253622,lsaunders@example.net,IFEO82586394562596,24046.48,528.0,0
CUST_008533,Mr. Todd Harris,824-14-7362,stacy89@example.org,YJOE66201789835729,54638.88,514.0,0
CUST_008534,Daniel Bell,062-41-9351,karikelly@example.com,UJZE60214871320688,8454.94,805.0,0
CUST_008535,Sharon Smith,103-11-5229,heather38@example.org,KDUU78472526919457,32500.29,,0
CUST_008536,Heidi Alvarez,642-37-0339,lmarshall@example.org,ZGAM75405485066316,6014.61,425.0,0
CUST_008537,Dr. Anthony Pearson,345-83-8353,michellemay@example.com,QEJT31961813516617,45433.47,544.0,0
CUST_008538,Terrence Rodriguez,595-31-4161,xespinoza@example.com,NYBI45049410699787,49685.87,387.0,0
CUST_008539,Donald Torres,266-20-2329,jamesmiller@example.com,GCMD63334035739526,28862.83,530.0,0
CUST_008540,Connie Ellis,074-74-9882,debra05@example.net,MKVP75258174742873,50543.62,348.0,0
CUST_008541,Tiffany Diaz,581-92-7272,kimberly44@example.org,VKBO33356217682641,34300.05,400.0,1
CUST_008542,Morgan Bailey,648-84-1193,msmith@example.net,DQPZ53016209195196,55022.56,439.0,1
CUST_008543,Jordan Weaver,303-46-9671,allisonangela@example.org,CLVM78557328620880,20233.49,,0
CUST_008544,Brian Evans,537-10-9249,lovepamela@example.net,ZUJG04199021139871,47141.51,389.0,0
CUST_008545,Patrick Gutierrez,296-67-9348,andrew37@example.com,DNLF32893614496390,63872.22,616.0,0
CUST_008546,Michelle Mclaughlin,301-22-6741,daniel81@example.com,UEWC76864160175069,74305.9,764.0,0
CUST_008547,Charles Garcia,772848957,rodneywaters@example.org,VATB94167951034721,33384.31,534.0,0
CUST_008548,Christopher Norman,031-87-7436,gbailey@example.net,LTWQ88456897206668,26782.11,711.0,0
CUST_008549,Scott Ortiz,637976360,meredithjohnson@example.org,IYOK08961163528326,5760.41,784.0,0
CUST_008550,Daniel Cooper,261-16-2530,xjohnson@example.com,KJEN30190252439366,28799.13,792.0,0
CUST_008551,Tammie Allen,353-43-2661,,EVQU52116801808024,45213.33,300.0,0
CUST_008552,Angela Davis,097-56-9681,jasminehunt@example.com,BGMO02231469435922,61467.07,310.0,0
CUST_008553,Andrew Sanders,796081440,williamrose@example.com,FANU96874256074329,5913.25,491.0,0
CUST_008554,Derrick Russell,845-74-4445,coreymartinez@example.com,SHSE09856668222623,35801.48,814.0,0
CUST_008555,Kevin Leblanc,325444057,pperry@example.org,JZSP01581515846890,43679.64,629.0,0
CUST_008556,Alfred Walker,561194807,tsmith@example.net,GABP03593618564798,19269.8,437.0,0
CUST_008557,Nichole Phillips,873-99-3768,beverly06@example.org,JFFF01500570099733,51296.28,422.0,0
CUST_008558,Michael Guerrero,103-80-7249,eweiss@example.com,HRYC99044598972556,18400.61,624.0,0
CUST_008559,Linda Vaughn,221-46-5720,pagekatie@example.com,LIEB34230132398902,49896.52,473.0,0
CUST_008560,Kevin Harrison,576740213,aprilmills@example.org,QKVP49271384043234,56883.24,456.0,0
CUST_008561,Karen Silva,643-90-5665,andrewsingh@example.org,PXXY60920914481472,14460.33,658.0,0
CUST_008562,Megan Miller,231-11-8229,vincent77@example.net,BJXG08974843598629,27302.05,551.0,0
CUST_008563,Eric Holland,313-25-4439,rkennedy@example.org,WQAF85600590724114,2458.7,830.0,0
CUST_008564,Sonya Mcdonald,146-06-3612,brittany45@example.org,PCYM32560625163964,17619.81,387.0,1
CUST_008565,Michael Robles,848-25-4657,christina18@example.net,KGCF88342834005113,74134.37,763.0,0
CUST_008566,Courtney Weber,495490082,brianrandolph@example.org,JHJA82100095097165,21286.0,808.0,0
CUST_008567,Matthew Fisher,445313590,william94@example.com,QLIG19674280134488,71777.34,380.0,1
CUST_008568,Alyssa Rogers,300198580,wareglenda@example.org,MFAM83660101227465,73052.22,762.0,0
CUST_008569,Tara Becker,601-85-2104,heatheranderson@example.net,ONPW23804264101059,3521.87,803.0,0
CUST_008570,Jeremiah Cunningham,676-77-8013,shawn99@example.net,SAAG95993778171743,56642.76,567.0,0
CUST_008571,Kimberly Brown,735-30-7824,,VZAS73465275950485,39399.08,,0
CUST_008572,Kim Mcclain,179781953,fbuckley@example.org,EEVL44360772751700,16688.43,360.0,0
CUST_008573,Christine Williams,645-19-3104,,NROF01804411904526,61753.69,318.0,0
CUST_008574,Kayla Berry,437-92-4933,smithmelanie@example.net,ASDM58589305756158,18166.28,465.0,0
CUST_008575,Troy Wilson,212-44-1070,martinezleonard@example.org,BJRZ33032774636268,5390.0,453.0,0
CUST_008576,Chris Fisher,537-59-5094,debracollins@example.net,WGEM06708372560056,48205.08,730.0,1
CUST_008577,Nicole Raymond,087-84-0324,arobinson@example.net,CKAS37729202057081,55494.48,617.0,0
CUST_008578,Angela Yang,736-05-0730,xcook@example.com,MLWN12995741284095,47462.52,500.0,0
CUST_008579,Dominic Ramos,801-20-1772,robertsgary@example.com,BLPW05924686658215,22872.47,345.0,1
CUST_008580,Ashley Hudson,538394352,crosswesley@example.org,CXWP80808622793549,34334.63,421.0,0
CUST_008581,Frank Scott,613-25-3474,christinagraham@example.org,PCAN99924787155962,38073.15,529.0,0
CUST_008582,Thomas Thomas,220-53-6851,warnersandra@example.com,MZCM90196563467466,25739.48,424.0,0
CUST_008583,Christine Young,410-42-2065,angelica35@example.org,IOVZ66207424548348,40530.63,372.0,0
CUST_008584,Heather Drake,308-40-5149,christopher86@example.com,JCXH05257644318357,28570.15,461.0,0
CUST_008585,Heather Wyatt,780-80-7631,sharonhampton@example.org,FVDS16547697596729,50467.88,814.0,0
CUST_008586,Taylor Nelson,888-61-7130,ihart@example.com,SOUC60033959268294,68977.33,603.0,1
CUST_008587,Jennifer Guzman,854-95-9422,crystalreilly@example.org,NCBO42415072028560,32894.86,627.0,0
CUST_008588,Kathleen Abbott,377-88-0988,ugriffith@example.com,OMTU66907212092997,51735.88,819.0,0
CUST_008589,Melissa Hawkins,897-98-0785,paulanderson@example.net,ENWS42649143689078,30566.46,436.0,0
CUST_008590,Molly Smith,887-27-7049,larry63@example.org,FDAX80757587338591,67516.52,544.0,0
CUST_008591,Alyssa Barnes,788-84-9880,karen53@example.com,PDTU60036239444241,53776.7,744.0,0
CUST_008592,Joshua Barrett,350-64-9633,bryanbuchanan@example.org,BAHG10188892038432,33230.14,676.0,0
CUST_008593,Christopher Atkins,609-21-1471,ysnyder@example.com,OCRH19484336749839,11233.46,770.0,1
CUST_008594,Eric Chase,729918590,hannah71@example.net,RZDT49220473772210,-271.11,640.0,0
CUST_008595,James Murphy,821-64-3412,tjohnson@example.net,VAWY93941514114813,46960.22,837.0,1
CUST_008596,Christopher Evans,582-46-0773,brenda97@example.com,GZWK94491193742296,70653.44,654.0,0
CUST_008597,Alison Harris,306-47-8570,lisaduke@example.org,UMZC60500202134516,56623.18,356.0,0
CUST_008598,Heather Gonzalez,556018844,brightlisa@example.com,XGHE87938513910303,32617.1,370.0,0
CUST_008599,Leslie Hayes,864-55-7160,wheelerwalter@example.com,XVVU56317534798621,9118.49,385.0,0
CUST_008600,Ryan Wall,436-83-2658,manningcraig@example.net,QGGR20698300034433,5444.57,,0
CUST_008601,Rachel Elliott,806-97-0140,denise31@example.net,XQKW89345351780664,66671.61,706.0,0
CUST_008602,Tara Gregory,376-88-8906,sydneyhurley@example.org,WGHK95899673375482,21632.49,841.0,0
CUST_008603,James Williams,212871758,omoore@example.org,PNJJ71400055394733,31398.28,348.0,1
CUST_008604,Ryan Bowers,183-02-3894,mpennington@example.com,TQZY27015717552937,52043.04,,1
CUST_008605,Vincent Boyer,543-76-7353,charlesmartinez@example.com,GGYL64818853667758,11878.44,804.0,0
CUST_008606,Jennifer Gay,179-88-0079,taylorvaughn@example.com,ZEDR82336176256661,27600.0,707.0,0
CUST_008607,Kristen Silva,033-49-7838,,STLD97223432979598,38066.23,421.0,0
CUST_008608,Shane Holt,627-15-0001,,UNDR64797504821098,42706.29,462.0,0
CUST_008609,Kayla Savage,054-09-5804,ograves@example.org,TTPD25816736269187,64914.02,322.0,0
CUST_008610,Jeffrey Odom,573239674,michaelarellano@example.com,NCNT26819405630322,48412.49,333.0,0
CUST_008611,Steven Archer,221-44-3046,lwalker@example.org,NDAS57025692986776,69222.42,392.0,0
CUST_008612,Leslie Mcconnell,684-31-8234,kaiserandrew@example.net,PQFO17249408247070,52858.85,390.0,0
CUST_008613,Brenda Peterson,360-17-5515,ruth77@example.org,GFRA24239072282454,5984.78,487.0,1
CUST_008614,Benjamin Johnson,591933905,meghan81@example.net,PKXZ47330147892911,43818.98,724.0,0
CUST_008615,Rebecca Smith,317-53-5919,troy@example.org,CHWT11819668651990,49018.95,715.0,0
CUST_008616,Blake Ferrell,100-38-4222,dcampbell@example.net,XOUS37609428234619,30611.21,615.0,0
CUST_008617,Timothy Callahan,768422111,fjackson@example.org,WLNZ51184275395392,19274.2,633.0,0
CUST_008618,Judith Walker,606876517,jenkinsjoseph@example.net,NONA92477291318040,73687.62,389.0,0
CUST_008619,Ryan Hernandez,730-40-6144,deanshannon@example.com,ZEDQ10097188931934,29158.93,745.0,0
CUST_008620,Shannon Turner,835-63-0399,jonesmichael@example.com,HHBX05077169879190,36151.09,401.0,0
CUST_008621,William Blair,746279074,hgallagher@example.net,HNEH68663361239311,10802.64,582.0,0
CUST_008622,Samantha Gardner,213-94-6792,,DLTO58621319081090,61449.68,,0
CUST_008623,Theodore Rodriguez,815-84-9426,troy79@example.com,CUFX92801740973817,72241.25,377.0,0
CUST_008624,Selena King,191-78-1022,maynardbenjamin@example.com,INGW66929184303020,15254.1,457.0,0
CUST_008625,Michael Peters DDS,771-63-8522,gary36@example.com,WKLR28347616605454,58364.4,509.0,0
CUST_008626,Christine Cole,764-53-7300,kristenjohnson@example.net,ZJDU52931921466031,48989.35,406.0,0
CUST_008627,Keith Gilbert,311207027,gwendolynthompson@example.net,GOGP83693541431433,20660.08,541.0,1
CUST_008628,Melinda Meyer,753877453,jose31@example.net,EYYN93530127525875,45555.88,,0
CUST_008629,Rodney Parker,213-94-7317,vmorgan@example.org,AFPC69087030443444,45228.69,692.0,0
CUST_008630,Jordan Marshall,531-50-8868,wanda96@example.com,TFYK94332612899539,49240.55,700.0,0
CUST_008631,Jonathan Stone,809-05-5058,christinadaniels@example.org,SQEA86334299726741,31851.44,801.0,0
CUST_008632,Robert Ramos,229-89-4575,joshua06@example.com,QIGQ43839950846437,45368.59,600.0,1
CUST_008633,Robert Valentine,540-65-4242,,QKIL52150985641216,68213.59,516.0,0
CUST_008634,Carol Giles,194689580,sellersnathaniel@example.com,ZPSV96956722390906,39666.43,824.0,0
CUST_008635,Carmen Espinoza,136469917,craig83@example.org,OZWS55592859895521,26986.1,724.0,0
CUST_008636,Chelsea Hanson,075-30-8587,yharris@example.net,LDWE00086018953307,53505.12,747.0,0
CUST_008637,Nicole Bailey,812-58-8199,jamesreeves@example.com,HBZY71692122688201,45776.93,452.0,0
CUST_008638,Margaret Allen,420-86-0929,emmawinters@example.com,EHUU88184631262219,18292.35,514.0,0
CUST_008639,Robert Macias,476-24-4574,gordonjill@example.net,AGMW20866118108525,12151.44,771.0,0
CUST_008640,Molly Gibson,273-04-6088,nguyenadam@example.org,BEEP29003543272129,47342.86,579.0,0
CUST_008641,Brian Baird,780-10-2055,joshua82@example.com,TVOR37721121215986,7316.53,757.0,0
CUST_008642,John Barrett,061-61-7298,kjohnson@example.net,CXLZ48969386736484,39655.33,477.0,0
CUST_008643,Ms. Rebecca Delgado,037608839,ohamilton@example.net,TNMU62527079809547,11659.16,399.0,0
CUST_008644,Ronnie Andrews,227-55-2137,lambertmichael@example.com,GWWA43700985240416,39000.45,591.0,0
CUST_008645,Sarah Reed,010253765,lambertjill@example.net,KUNC15572824125397,47944.14,536.0,0
CUST_008646,Antonio Webster,501-79-9370,harold06@example.org,PWJC13295218273532,9931.82,462.0,0
CUST_008647,Mr. Alan Holt,564-58-1182,joan35@example.org,ZNGK28015764099872,15720.3,824.0,0
CUST_008648,James Nelson,652-68-0630,gmartinez@example.org,SXGK00230793146737,74940.28,833.0,0
CUST_008649,Samantha Brown,553-41-1929,kjohnson@example.com,FWJN75502853408284,45632.41,584.0,0
CUST_008650,Maria Ray,141-70-4909,vwatson@example.com,BGWB85765455186292,15719.66,575.0,0
CUST_008651,Desiree Fuentes,693-11-5907,dawsonmercedes@example.net,ZXFG29537922527490,2039.06,629.0,0
CUST_008652,Charles Flores,660-43-9650,rlawrence@example.com,KNQI60220042765952,9179.04,606.0,0
CUST_008653,Lauren Stone,590-60-0408,,SXES73932543666793,27752.81,677.0,0
CUST_008654,Melissa Taylor,811-83-5265,yjames@example.net,FVZF65704759279357,33442.28,625.0,1
CUST_008655,April Finley,760834160,,TDAJ30258685649676,8626.95,629.0,0
CUST_008656,Paul Moody,403182375,fzavala@example.net,UYOM76257523540013,59273.63,300.0,0
CUST_008657,Jamie Wolfe,047-45-8296,millertammy@example.org,ACPJ43194944618466,14236.8,759.0,0
CUST_008658,Wanda Patterson,424-46-1722,brittany18@example.net,ASAK17726903477633,69414.97,468.0,0
CUST_008659,Stephanie Knight,772135702,llowe@example.org,QEAX55361722595060,25811.32,831.0,0
CUST_008660,Tyler Norton,747996615,robert90@example.com,EEXV82950207113841,56236.48,436.0,0
CUST_008661,Jonathan Campbell,149-23-6116,fritztroy@example.com,JVIF21832264148229,12757.48,785.0,0
CUST_008662,Dennis Leon,210704856,wilcoxheather@example.org,CNPJ82063669928458,13274.96,336.0,0
CUST_008663,Daniel Henry,482-94-9191,lorraine91@example.com,AMBT39253751213085,48329.03,580.0,0
CUST_008664,Russell Vang,448-17-4128,joshua65@example.org,QBTE67298540392319,42150.13,516.0,0
CUST_008665,Priscilla Morales,457-74-2922,randywarren@example.net,NNXV88130921268293,43854.73,,0
CUST_008666,John Brown,736-22-7024,moniquestephens@example.org,ZIGY29344363160400,12170.79,790.0,0
CUST_008667,Jessica Gonzalez,313-55-7738,laurenbrown@example.org,JHUJ90633360912898,34502.79,824.0,1
CUST_008668,Amber Wong,340-52-6367,qstewart@example.net,YRFU21794510940052,55309.24,556.0,1
CUST_008669,Rachel Coleman,428-43-1611,,VVCL48548572160075,62975.83,606.0,0
CUST_008670,Zachary Washington,647-69-1347,vincentmorris@example.org,DYHL94091766265601,1924.24,538.0,0
CUST_008671,James Patrick,018-22-6072,davisjason@example.com,MQOE83118130337282,3216.34,688.0,0
CUST_008672,Caleb Pittman,716-07-4317,matthewsbrendan@example.com,QURZ07890700002568,66755.21,678.0,0
CUST_008673,Michelle Phillips,065-07-2106,simmonsdaniel@example.com,ZKIX11210054012308,8338.52,666.0,0
CUST_008674,David Hughes,094-03-2841,travisjohnson@example.net,NGGW74646093243954,68687.08,346.0,0
CUST_008675,Christopher Gonzales,257-59-0949,duncanmelanie@example.com,ACMH17814929431680,51566.44,587.0,1
CUST_008676,Suzanne Wilson,424-04-6599,cruzmark@example.com,GOQQ85916082735188,43494.41,363.0,0
CUST_008677,Jack Johnson,039-48-2775,melissasmith@example.org,OVIZ92544310542622,18231.86,428.0,0
CUST_008678,Ryan Rogers,813-35-5224,ibrown@example.org,PQAW09934931620470,56490.37,449.0,0
CUST_008679,Ashley Murphy,788-59-4812,tmorris@example.org,KHSL70088411423438,14883.96,534.0,0
CUST_008680,Laura Davis,296-25-3204,parker18@example.com,DFHD07879678335749,40343.89,736.0,0
CUST_008681,Corey Rodriguez,330-36-6632,vwilkins@example.com,UNTT41835986424982,49116.0,488.0,0
CUST_008682,Laura Ray,647-26-1964,bernardkyle@example.net,QPRR49616342618475,25152.32,631.0,0
CUST_008683,Anthony Copeland,834-90-7696,toconnell@example.net,ZXVT01000440724914,65150.14,808.0,0
CUST_008684,Christian Richardson,204-08-9885,blackbrian@example.org,KFHA36086662762369,55499.26,348.0,0
CUST_008685,Timothy Garcia,222-90-2610,rrobinson@example.com,JKHV30526904580118,25874.51,452.0,0
CUST_008686,Sara Farley,684-92-9274,cheryl10@example.net,NGVO49572892552953,71803.72,388.0,0
CUST_008687,Kayla Thompson,568-90-4249,philip21@example.org,PUOF66231162609070,73958.25,730.0,0
CUST_008688,Kathryn Smith,604946373,melissajimenez@example.com,QADY08340138064132,49836.49,777.0,0
CUST_008689,Monica Moody,239-62-7156,silvakyle@example.net,PUZL44349635394001,67567.16,418.0,0
CUST_008690,Melissa Anderson,325-21-2263,jack00@example.org,FTJL41166476206645,60344.41,562.0,0
CUST_008691,Richard Hall,772-82-2864,lwilliams@example.net,EPVF64113836766773,28673.96,643.0,0
CUST_008692,Christopher Obrien,085-64-2031,scott57@example.org,VWYI56819700623430,22563.11,422.0,0
CUST_008693,Charlene Hunter,216539387,georgebuckley@example.net,DCLQ53701892402634,1251.26,300.0,0
CUST_008694,Anna Swanson,884-36-1339,dawsonsandra@example.org,YRQO88660408333382,7618.02,719.0,0
CUST_008695,Daniel Tate,611-22-7272,qbrown@example.com,KBKD52403285462708,11497.88,655.0,0
CUST_008696,James Allen,367-53-1280,rtorres@example.com,VBMA49981404428868,5562.09,826.0,0
CUST_008697,Shawn Payne,001789319,daviswilliam@example.org,XXZG55285385991457,37294.19,638.0,0
CUST_008698,James Benjamin,440-97-4728,dana44@example.net,MOHP66637716716773,21017.4,544.0,0
CUST_008699,William Robinson,816-80-4390,nperry@example.org,SSRP56622350776131,67316.18,576.0,0
CUST_008700,Connie Baker,176-14-7266,,ADXC97289734656332,1660.76,590.0,0
CUST_008701,Patricia Webb,167737865,hicksfrancisco@example.net,OJJX78268243326846,2026.17,305.0,0
CUST_008702,Samantha Dunn,489990931,imoore@example.org,OLGA04924951733168,39951.66,521.0,0
CUST_008703,Alyssa Valdez,472-53-8111,ojohnson@example.net,EDBL79782201535688,35033.18,,0
CUST_008704,Alicia Young,313-04-8497,,AGHS31952427021277,52348.64,349.0,0
CUST_008705,Matthew Patel,258-31-2139,jennifer84@example.com,GCXA72817259618654,1544.5,740.0,0
CUST_008706,Jeremiah Garcia,025-37-8866,jonestracy@example.org,LAND38414761487842,3832.68,407.0,0
CUST_008707,Michael Williams,438-71-4091,,KXTS31758204579185,74455.61,466.0,0
CUST_008708,Kevin Weiss,772-19-2501,rebecca44@example.com,UTEI22305417209485,37158.64,578.0,0
CUST_008709,Jessica Nelson,387-97-8726,figueroawesley@example.net,LTGC20054941591537,5924.61,673.0,0
CUST_008710,Breanna Smith,513-24-2743,andersondawn@example.org,ENHV99826693663164,18834.44,551.0,0
CUST_008711,John Snyder,872-71-9756,manderson@example.org,URUU07276191995121,57556.61,720.0,0
CUST_008712,Ronnie Smith,531930542,oleon@example.com,BDZI04041754655970,69148.03,684.0,1
CUST_008713,Matthew Adams,055-83-0701,sabrinasmith@example.net,HFOD80302082929373,5609.82,,0
CUST_008714,Tony Garcia,852338430,whitneymueller@example.com,VHPH39540949395221,39155.73,775.0,0
CUST_008715,Tamara Manning,244-67-5660,scurtis@example.org,VHOF39343470200047,24823.96,843.0,0
CUST_008716,Kristi King,495-40-3503,ngreene@example.net,VGZI76208881993695,48596.08,469.0,0
CUST_008717,Matthew Freeman,087170055,jenniferkrueger@example.com,TSUZ29481681621937,6700.44,330.0,0
CUST_008718,Ryan Shaw,335-18-7411,nelsonmaria@example.org,PRBI76762954184061,28871.96,,0
CUST_008719,Richard Lynch,320-04-9523,kennethsloan@example.org,YOZC64110424069333,49213.22,442.0,0
CUST_008720,Joshua Stokes,447-86-3142,kristy79@example.net,FTTJ00679315538696,37020.1,488.0,0
CUST_008721,Brandy Stone,466-23-2605,fduncan@example.net,GBWT48778071439195,73846.42,661.0,0
CUST_008722,Adam Lane,018-78-8104,hollowaynathan@example.org,LJPM29765574971999,45953.54,368.0,1
CUST_008723,Meghan Sweeney,849-63-6602,christophergreen@example.org,IISW75287212950554,43854.03,321.0,0
CUST_008724,Jacob Mckee,523-37-7272,jessicabrown@example.org,DDAG30341307980879,31419.79,683.0,0
CUST_008725,Brian Orr,678-74-1562,pmendoza@example.net,AJRL94375537361404,61793.62,767.0,0
CUST_008726,Mary Vasquez,441-69-8870,speterson@example.com,GFZC77536232670885,73199.79,349.0,0
CUST_008727,William Bridges,592-39-6011,jrussell@example.net,ZPEH21353833207380,52468.53,562.0,0
CUST_008728,Holly Moore,257-59-5849,troy03@example.com,IDDE92661152559193,62751.25,,0
CUST_008729,Anne Pierce,546734268,umahoney@example.com,PTJH67574366780125,25711.05,367.0,0
CUST_008730,Thomas Hamilton,838-46-5586,snewman@example.net,CBBI13647522753964,35196.32,539.0,0
CUST_008731,Angela Shaw,872-77-9400,orodriguez@example.com,GDLZ03445077637860,54987.18,349.0,0
CUST_008732,Mark Haynes,836-45-0755,dennis12@example.org,OEQM00998008636356,57183.31,728.0,0
CUST_008733,Edward Holmes,704-88-5279,kingram@example.org,GVNS74926987953608,26538.44,729.0,0
CUST_008734,Gregory Klein,623344431,nritter@example.com,CMMQ84913040595571,64366.62,651.0,0
CUST_008735,Eugene Lee,741816198,dominguezdavid@example.org,ZFEG92257548519879,72724.83,400.0,0
CUST_008736,Bethany Park,143-80-4001,gary32@example.com,SOXI37490035454799,33655.89,305.0,0
CUST_008737,Colin Vega,730-31-3815,ccunningham@example.com,LLWF33363775591981,15644.36,435.0,0
CUST_008738,Victor Castro,078-53-6404,heatheranderson@example.net,DBIY92046395439769,68773.61,528.0,0
CUST_008739,Susan Morrison,298-39-2216,brooke98@example.net,PERC31531962216324,54933.36,317.0,0
CUST_008740,Gregg Orozco,608-40-6693,nmeyer@example.org,DGZX58743254278764,59624.98,525.0,0
CUST_008741,Lauren Hill,136-55-4078,tscott@example.net,YNTA48682978584176,37785.12,631.0,0
CUST_008742,Veronica Little,892-46-9365,itrevino@example.org,UTBA82787060602933,66075.55,647.0,0
CUST_008743,Brittany Carpenter,605-30-1577,nicholas61@example.net,WMJG98061589255306,69961.69,542.0,0
CUST_008744,Jose Johnson,552565053,bshort@example.net,SRUX39242952783366,61447.34,724.0,0
CUST_008745,Michael Anderson,695028272,jackmiller@example.net,ROML53664839922884,28491.86,514.0,0
CUST_008746,Whitney Davila DVM,210-63-3980,,APDQ62531258087451,56740.95,825.0,0
CUST_008747,John Pierce,652-50-6904,theresashields@example.com,GUEY60919683000198,5817.86,642.0,0
CUST_008748,Michael Casey,059-99-3005,johnsonstephen@example.com,YWGE39729413956996,67276.33,676.0,0
CUST_008749,Holly Alexander,511-16-8577,anthony22@example.org,DFWG08704404039370,51776.33,597.0,0
CUST_008750,Kyle Harris,266-85-2005,arnoldryan@example.com,DQNQ64337131551274,44263.23,611.0,0
CUST_008751,Jennifer Kennedy,049-02-8340,jenna79@example.org,BPQY06446033589154,35245.47,747.0,0
CUST_008752,Matthew Little,050-34-6829,kristinathompson@example.net,DCHT74277370896019,25458.62,720.0,0
CUST_008753,James Brown,700-97-8786,ericksonmichael@example.org,VQIZ84794750307297,2761.93,612.0,1
CUST_008754,Sheila Jones,528-15-0265,michaelwilcox@example.net,UFHH46594705198387,47220.58,755.0,0
CUST_008755,Kaylee Curtis,095-98-5672,,ZJOS91187968842072,70798.98,513.0,1
CUST_008756,Matthew Watkins,521-71-2183,ronaldwagner@example.com,BLEU40173075481172,12958.9,536.0,1
CUST_008757,Richard Butler,758-06-7162,erica60@example.org,BYCJ89662602672570,16713.38,522.0,0
CUST_008758,Sylvia Powers,380-64-0329,bellmike@example.org,OXOB47881855467091,26347.38,386.0,0
CUST_008759,Jacob Smith,836760071,kayla48@example.net,ONII83761426870074,68797.03,367.0,0
CUST_008760,Alexander Jensen,853-68-4692,jessica41@example.com,UGLG60549169061293,56272.87,308.0,0
CUST_008761,Jacqueline Branch,077736847,kduncan@example.net,ABEZ44997875896944,54270.36,731.0,0
CUST_008762,Kathleen Ferguson,176-08-0551,derrickbrady@example.net,QXPX92335077667501,71315.54,419.0,0
CUST_008763,Angel Jackson,872179971,harperkelsey@example.org,GFXH37438244974254,64663.18,551.0,0
CUST_008764,William Barron,588-47-1046,,IRLP54327631530794,71659.2,568.0,0
CUST_008765,Jennifer Kelley,165-09-0525,hailey38@example.com,EPFJ87377536843560,3034.8,648.0,0
CUST_008766,Michael Macdonald,505-03-8297,paynemark@example.org,BAWL85014573644517,25653.12,321.0,0
CUST_008767,Katrina Glenn,302-56-9965,todd85@example.net,JTXD04013757107342,47284.16,438.0,0
CUST_008768,Jeffery Mccall MD,537-73-1018,uthornton@example.com,JCHI99504662036907,67890.93,308.0,0
CUST_008769,Cynthia Lin,403-65-2962,kayla86@example.org,GPFP95493012875076,40556.63,322.0,0
CUST_008770,Billy Robinson,346-80-4251,nrobinson@example.net,GFVC36833443634579,32396.27,773.0,0
CUST_008771,Jenny Hill,270-66-6694,nicolecasey@example.org,MDGC69929169466281,72176.19,468.0,0
CUST_008772,Jason Wiley,636-90-5261,daryl68@example.net,NSTP25687869299785,12047.4,602.0,0
CUST_008773,Heather Haynes PhD,340-48-7082,tonyamiller@example.com,KEYS65365224384568,50872.22,367.0,1
CUST_008774,Willie Brown,769-16-2918,jonathan83@example.org,CLZI09783709907028,60382.76,423.0,0
CUST_008775,Christina Clark,888-04-7287,jessica70@example.org,OJKO11937689060456,50766.57,596.0,0
CUST_008776,Lindsey Wu,580-93-1567,kaiserdominic@example.net,TROY05616075758994,22434.36,663.0,0
CUST_008777,Katie Ryan,473-90-9002,kevin15@example.com,CCKA36032620018512,22934.39,636.0,0
CUST_008778,Wendy Everett,432457662,buchananchad@example.org,TCOL49556032172875,10103.46,395.0,0
CUST_008779,Jessica Diaz,508-13-7061,smithjake@example.org,BVSB80204399311930,14825.08,387.0,0
CUST_008780,Laura Gonzalez,237-23-7479,ibriggs@example.net,CEKM40409787738064,20762.63,706.0,0
CUST_008781,Jasmine Reyes,630-21-9903,smartinez@example.net,WUER19496023366094,23854.07,675.0,0
CUST_008782,Cheryl Johnson,016141707,elizabeth65@example.com,EPAA39749238865225,54191.7,414.0,0
CUST_008783,Juan Short,716-43-1773,ugordon@example.net,URQD31788691798110,30700.93,779.0,0
CUST_008784,Jaclyn Fox,064-74-9443,ywalters@example.org,EDSW26714966018583,72171.79,771.0,0
CUST_008785,Sandra Dominguez,388-36-1706,virginia07@example.com,WEZS76105734975520,18777.19,704.0,0
CUST_008786,Donald Smith,588-93-8799,dalenguyen@example.com,YTUA87087929095290,15513.79,418.0,0
CUST_008787,Diane Miles,620-42-0454,whitney67@example.org,FSNP89332769409330,71364.85,461.0,0
CUST_008788,Robin Phillips,219-71-6168,oweneugene@example.net,GKBE98330825619435,53952.95,628.0,0
CUST_008789,Madison Hoffman,101-04-4464,,RTLF79008105840758,70420.02,647.0,0
CUST_008790,Michele Robinson,415-48-3503,williamsellers@example.com,AYTM55268918272496,51193.85,571.0,0
CUST_008791,Emily Watson,763-46-6482,steven17@example.net,NBRX35578210094613,73511.32,716.0,0
CUST_008792,Travis Kelly,877-76-7007,kathrynliu@example.org,YCFR48714279364894,69410.68,773.0,0
CUST_008793,Benjamin Abbott,279-14-2624,karenmedina@example.com,FKTS89966395355664,8796.11,612.0,0
CUST_008794,Travis Contreras,582256709,fletcherjohn@example.org,UODG29446111856212,5787.9,574.0,0
CUST_008795,Debra Owens,242-64-5642,dmorris@example.net,ZUTL06447132446955,21852.0,694.0,0
CUST_008796,Jason Nelson,604-33-0037,zwarren@example.org,FHZP03153574015494,24690.09,303.0,0
CUST_008797,Melissa Clark,065-93-9364,heathergonzales@example.org,QIBB84613853362702,73045.46,833.0,0
CUST_008798,Jesse Valentine,494-45-0498,caseyamanda@example.net,EBLU34521016291345,9174.76,354.0,1
CUST_008799,Frederick Guzman,721-74-2683,michaelbrown@example.org,HVSJ04450591847677,38790.25,539.0,0
CUST_008800,Jill Roberts,714902889,andrea43@example.net,GHTZ51820177407121,10941.1,340.0,0
CUST_008801,Gregory Davis,002-91-3897,zhoward@example.com,YUDT98468870119211,37235.51,717.0,1
CUST_008802,Sharon Osborn,051-28-3001,rossjordan@example.org,UWMK34521817903825,61214.64,713.0,0
CUST_008803,Juan Davis,291-07-6096,drodriguez@example.com,JNTZ78159689936593,28050.29,718.0,0
CUST_008804,Nancy Johnson,811-71-2179,perrymatthew@example.com,QVYB55750848080187,44674.42,792.0,0
CUST_008805,Cassandra Roberts,356-06-0122,cjohnson@example.net,OUCT25028709322642,30417.79,674.0,0
CUST_008806,Cynthia Cooper,410646168,carrjay@example.net,VULE83667523631566,10154.58,522.0,0
CUST_008807,Christopher Moore,858-91-3554,lauren83@example.net,HVUF16351554357684,16241.94,503.0,0
CUST_008808,Shannon Garcia,175575679,jenniferkelly@example.org,BZAT13603433004344,4145.94,786.0,0
CUST_008809,Makayla Green,787-13-9801,tammywilkinson@example.org,SIEI45247222771347,47052.53,574.0,0
CUST_008810,Jose Berry,448135797,carrie75@example.org,KPGU85360615458208,68184.77,638.0,1
CUST_008811,Dennis Baldwin,193-82-0092,vnelson@example.org,AOML28649493140148,64504.08,683.0,0
CUST_008812,Adam Roberts,252-60-8943,kerry26@example.net,DINH82307621912764,70247.66,,0
CUST_008813,Sara Rogers,187-91-9317,,HEVA99725221592981,69316.97,591.0,0
CUST_008814,Jason Gomez,141-33-3754,wnguyen@example.org,TXQX90028440235346,54408.73,355.0,0
CUST_008815,Brady King,117-75-9213,spencer79@example.net,BLFT78932241179463,43156.16,504.0,1
CUST_008816,James Noble,366694296,jasonyoung@example.org,ZOMI72098544022976,47387.17,716.0,0
CUST_008817,Dawn Turner,768-37-6001,burkelaura@example.com,FVYS87830694815818,29693.69,648.0,1
CUST_008818,Emily Frazier,755-43-1130,,MZCN62519195987139,21024.8,619.0,0
CUST_008819,Alan Brewer,566-29-3679,wangchristopher@example.org,GNSO15239194609964,74683.73,405.0,1
CUST_008820,Betty Watts,490-16-6557,,LRZA53739847238662,58946.9,539.0,0
CUST_008821,Darlene Smith,514-79-4562,,IDPW81217080208164,19182.84,442.0,1
CUST_008822,Kristi Martinez,024-03-3954,ynelson@example.net,CRJC29476144065408,47614.98,657.0,0
CUST_008823,Kara Reed,142-82-7188,jared45@example.org,BCIK20039170733760,66433.49,753.0,0
CUST_008824,Lisa Duncan MD,281-47-9925,,KHSV67604786693277,54931.15,824.0,0
CUST_008825,Steven Mckenzie,697-54-6320,,ZUVH59832182318042,7072.57,656.0,0
CUST_008826,Lisa Yoder,687661375,richard19@example.com,MGFF39473789623387,66093.06,603.0,0
CUST_008827,Cassandra Gross,162-45-0884,maryclark@example.com,ZZHJ65326225219376,7408.6,,0
CUST_008828,James May,368-97-4799,sheryl87@example.com,TEHU18485942059500,56667.75,830.0,0
CUST_008829,Kelly Barnes,345900231,zjennings@example.org,OJSC91005453777001,5353.13,710.0,0
CUST_008830,Randy Novak,065-59-0934,watsonmichael@example.com,XUNT71339718148299,48257.87,767.0,0
CUST_008831,Kristy Wilkinson,497-42-0234,michaeldennis@example.net,WQIH96776225554307,39024.14,314.0,0
CUST_008832,Suzanne Jacobs,685813927,schroedermichele@example.org,JWEQ47198679918932,365.76,617.0,0
CUST_008833,Shawn Oconnell,108-77-5198,murphyann@example.com,LFRQ04912157813073,23240.58,490.0,0
CUST_008834,Ashley Hayes,726-22-0850,gbutler@example.org,FROG55755417078038,70817.08,689.0,0
CUST_008835,Christina Johnson,723-25-3460,zthomas@example.net,OJBO30559364830653,17771.87,755.0,0
CUST_008836,David Thomas,094-87-3575,kimberly31@example.com,MPMG32156286962497,41463.74,729.0,0
CUST_008837,William Wise,694-95-6958,brian22@example.net,ONZD27029654107730,4638.86,416.0,0
CUST_008838,Paul Hendricks,633-60-9112,stephanie06@example.net,IBLQ35284311907792,27550.25,441.0,0
CUST_008839,Steven Bennett,268-38-7952,ashley32@example.org,AUSV14498559979596,22210.66,467.0,0
CUST_008840,Jose Rasmussen,508-91-1436,priscillaavery@example.com,ISUN46878263447351,12583.24,,0
CUST_008841,Garrett Roberts,875-45-9788,reginalewis@example.com,EOTI75110302007706,60192.45,835.0,0
CUST_008842,Derrick Patel,080-36-8982,mbailey@example.com,USVK02041305577538,4605.26,378.0,0
CUST_008843,Kelsey Delgado,886-99-7521,stacysmith@example.org,EHRR10224896608822,48344.6,612.0,0
CUST_008844,Linda Bauer,441-27-4676,bartonwilliam@example.com,IWNR37925949768730,35368.14,746.0,0
CUST_008845,Courtney Kaiser,210-25-3701,charlene97@example.net,FORX08062909551571,13755.82,812.0,0
CUST_008846,Jennifer Aguilar,183-20-1208,ginawest@example.com,EVZP41952371823304,51856.72,457.0,0
CUST_008847,Ian Mcclure,566-84-6982,stuartchristina@example.net,CDVD31868274875649,1393.21,810.0,0
CUST_008848,Donna Guerrero,449100603,michelediaz@example.com,RKUX99781514077406,33370.4,497.0,0
CUST_008849,Travis Spencer,263951138,laurenwolfe@example.net,IWAE61734403112153,22874.05,772.0,0
CUST_008850,Megan Stanley,300-21-3056,kaylaowens@example.org,KNME91509267104485,23539.57,599.0,0
CUST_008851,David Joseph,231-94-1992,wbraun@example.com,GYEX90681084439836,-386.63,478.0,0
CUST_008852,Glen Chan,754-86-7530,jessica85@example.org,QTVL19641152263671,52409.67,835.0,0
CUST_008853,April King,449-62-3575,jameslyons@example.net,TQKN75712406357304,51767.86,513.0,0
CUST_008854,Monica Floyd,629-16-4364,,QXQM01935253995633,43453.75,668.0,0
CUST_008855,Erin Wilson,798-98-0267,whitneyjohnson@example.org,FHNZ21591669620811,1037.27,505.0,1
CUST_008856,Mark Johnson,732-29-1951,morgansusan@example.org,EGRN89167231038543,44435.95,347.0,1
CUST_008857,Joseph Huang,202-41-4716,todd81@example.org,TLNA71523408638126,11099.48,829.0,0
CUST_008858,Reginald Frank,650-01-4038,catherinebrown@example.net,UIAE74696832122832,68026.39,582.0,0
CUST_008859,Erin Gordon,737746773,millerapril@example.com,BQEO34782200438091,21645.78,768.0,0
CUST_008860,Margaret Mills,594962220,cody20@example.com,CPDU03820963147579,17199.98,802.0,0
CUST_008861,Warren Brennan,631-44-8584,markjohnson@example.com,OXCZ71362159245876,56836.76,321.0,1
CUST_008862,Jaclyn Graham,006654367,,MWXT65717014577344,38576.96,311.0,1
CUST_008863,Kyle Henderson,787895247,ygilbert@example.com,TIOY09942485489929,35180.39,308.0,0
CUST_008864,Jeremy Perez,068140966,ronaldmartinez@example.org,YVTL76191941176167,19741.28,621.0,0
CUST_008865,Jamie Griffin MD,220049608,gregory74@example.com,GJPD14175311018437,71420.68,423.0,0
CUST_008866,Stephanie Chavez,034-98-3445,ann02@example.com,MUNB86458835888287,59511.6,627.0,0
CUST_008867,Melissa Valenzuela,189-25-4500,falvarez@example.net,TTEY69242080681031,53625.43,453.0,0
CUST_008868,Dr. Jackson Harrison,219-24-5962,xbaker@example.org,GEQW13682330322828,19728.16,701.0,0
CUST_008869,John Juarez,740-17-6375,jenkinslisa@example.net,KFGN19653828939386,49895.4,560.0,0
CUST_008870,Jerry Grant,446-35-9418,bryanbailey@example.org,UANC49922339854099,50037.14,468.0,0
CUST_008871,Sharon Thomas,356-68-9282,luis52@example.com,QPWW54963615948087,54410.17,735.0,0
CUST_008872,Justin Santos,668999584,brandyfrazier@example.net,TMZD81925953355587,33075.37,346.0,0
CUST_008873,Bailey Jimenez,365-92-9170,kristina84@example.net,PBTB58546585415322,70219.8,413.0,0
CUST_008874,Scott Smith,104-26-1497,megan39@example.org,RSQI77993010892457,53533.92,482.0,0
CUST_008875,Sharon Chambers,029-71-7435,,GSSL14166143363784,18930.32,434.0,0
CUST_008876,Deborah Thompson,231880324,ehood@example.org,SVLG41658163461234,38452.61,804.0,0
CUST_008877,Benjamin Evans,276-94-2413,donaldsampson@example.org,PYEZ90999020698757,25414.33,763.0,0
CUST_008878,Kevin Huffman MD,307-95-1925,cheryl42@example.com,JANW57626109227502,27037.93,353.0,0
CUST_008879,Anna Schmidt,091-29-3110,brittany94@example.net,GVXE52471849448608,16284.98,351.0,0
CUST_008880,Debra Smith,361-33-1860,michaelharris@example.com,IOWV39188153005364,-165.44,552.0,0
CUST_008881,Caleb Coffey,367-31-7068,howellevan@example.net,UDTH48292662982423,55873.22,690.0,0
CUST_008882,Teresa Patrick,119-38-5215,farmeramanda@example.com,JXSW10211863735823,32853.29,798.0,1
CUST_008883,Brooke Brooks PhD,163-14-4862,dharris@example.net,KQCP97796956941424,62956.61,531.0,0
CUST_008884,Mark Bennett,744-75-3136,florestyler@example.org,MIZZ96359225589387,72753.87,338.0,0
CUST_008885,Marie Woods,413-76-1542,ysmith@example.net,JZIA54997180612822,68546.57,598.0,0
CUST_008886,Amy Nash,776-98-2893,katherine16@example.com,CNLF38244649742873,50767.83,769.0,0
CUST_008887,Brent Richmond,506-73-5145,jonathonfowler@example.net,UFWT40900420367976,55245.7,837.0,0
CUST_008888,Mark Malone,368-93-1622,,LPGC61863734257418,47214.83,458.0,0
CUST_008889,Nicole Cooper,664881381,dawnbradley@example.org,NEJH62611810461633,11449.59,568.0,0
CUST_008890,Christopher Davis,814-69-0918,laura61@example.org,TEDJ98499909044921,33465.39,551.0,1
CUST_008891,William Harper,225-94-8433,calhounangela@example.com,VRYA97266308968605,54381.66,323.0,0
CUST_008892,Jeffrey Rubio,613415024,ronald22@example.com,RYFF35655839516576,29054.86,770.0,0
CUST_008893,Robert Jones,541-05-1409,wendycaldwell@example.org,YHDX90378321892907,31106.82,610.0,0
CUST_008894,Mrs. Jenna Jensen DDS,240-07-2815,christopher19@example.org,HFSG08944640037848,37860.95,343.0,0
CUST_008895,Michael Tucker,241-61-0624,melissa74@example.com,PAPC85064756863758,46905.34,831.0,1
CUST_008896,Angelica Delgado,228-17-7969,wrightscott@example.com,HTTB50896408216152,60662.13,593.0,1
CUST_008897,Shawn Wheeler,286-51-9159,bonillagregory@example.org,SFCN86805919347045,54647.98,309.0,0
CUST_008898,Joseph Shaw,479928532,chase90@example.net,VZGM84485232415335,60305.86,423.0,0
CUST_008899,Bryan Gamble,127-59-5036,millerjennifer@example.org,EEZK98982615623887,60575.41,498.0,0
CUST_008900,Robert Jones,402-91-3940,linda87@example.org,EXZC45571607250874,237.35,678.0,0
CUST_008901,Sierra Torres,382998830,jacquelineblanchard@example.org,HSDT64353776381953,16113.49,454.0,1
CUST_008902,Brent Barrett,102706890,qwhite@example.org,QMNP61653392956416,58006.45,827.0,0
CUST_008903,Scott Snyder,621-12-7550,christopher90@example.net,OSMK39742918485761,46041.47,810.0,0
CUST_008904,Amber Sanchez,347-45-8339,eraymond@example.net,OHEX85167524490797,9928.59,481.0,0
CUST_008905,Jeffrey Hartman,750-11-0653,pcunningham@example.com,NZKV58288798502504,46456.16,446.0,1
CUST_008906,Kimberly Wells,571-15-1860,jennifersanchez@example.org,AHRT97861803021500,63213.93,705.0,0
CUST_008907,Kelly Brock,098-77-3331,salinasmelissa@example.com,FFKZ19699851984937,1857.74,739.0,0
CUST_008908,Douglas Murphy,421-77-0850,bullockjesse@example.net,TMVD90765788423074,57512.67,365.0,0
CUST_008909,Courtney Dunn,292-87-9703,danalee@example.org,FBXB07638457063081,40672.16,791.0,0
CUST_008910,Paul James,393-14-6861,michael22@example.com,EJCC59195176216752,56108.62,562.0,0
CUST_008911,Samantha Torres,077-38-2775,clarkkelsey@example.net,ETEQ11590667484054,5680.15,408.0,0
CUST_008912,Robert Freeman,460-80-9328,margaret77@example.org,FZQM91119997855400,23881.16,770.0,0
CUST_008913,Nathan Walker,156300877,gwatson@example.net,IDFW60610403049962,39169.87,438.0,0
CUST_008914,Samantha Morse,406-55-8869,joshua18@example.net,DRPG91050042408995,11682.85,786.0,1
CUST_008915,Matthew Lewis,735-90-7680,pmckay@example.net,RVET21959053400541,62270.56,462.0,0
CUST_008916,James Ramirez,505-03-4704,jonathanalvarez@example.com,UMLT75606108675203,71956.68,450.0,0
CUST_008917,Douglas Rivera,780-65-8445,uwilliams@example.org,GESC47524139886783,4618.02,695.0,0
CUST_008918,Jacqueline Martinez,515-21-9080,sheryldixon@example.org,CUXO41173176070772,32654.07,674.0,0
CUST_008919,Patricia Barton,767-36-2271,stephaniecordova@example.org,JSWW55882855126704,48838.37,821.0,0
CUST_008920,Brittany Rodriguez,053-88-6301,adam09@example.org,TDKK53131721984246,22241.0,703.0,1
CUST_008921,Jennifer Winters,071-52-6414,jonathan88@example.net,AZDL71213748472830,56846.37,362.0,0
CUST_008922,Todd Davis,058-50-5281,hernandezzachary@example.org,WAAK54294020253833,39814.77,747.0,0
CUST_008923,Kathy Kennedy,264-45-9354,uharrell@example.com,LCOX08336493769487,21416.74,710.0,0
CUST_008924,Ashley Collins,670-42-4496,,SQHO28560927276375,35761.71,497.0,0
CUST_008925,David Ramirez,725-27-4607,,GUFK24835216097852,-347.26,365.0,0
CUST_008926,Lance Yoder,607-74-4327,christinarussell@example.com,JPXL32032091352349,35052.13,542.0,1
CUST_008927,Tiffany Morris,664-86-9089,yreynolds@example.net,LRUE59390620690756,11314.1,718.0,0
CUST_008928,Joseph Mcdowell MD,027-98-5594,brettcarpenter@example.net,FEEC65269593893304,50754.16,348.0,0
CUST_008929,Maria Porter,335-43-5262,ehayes@example.org,VOMI56810993589543,6178.48,503.0,0
CUST_008930,Vincent Coffey,337-18-9141,tyler75@example.net,IIHJ60207753735331,18993.73,598.0,0
CUST_008931,Micheal Robinson,260-61-0287,lmartinez@example.com,JZIK41311908038103,20911.26,589.0,1
CUST_008932,Barry Thomas,329-04-9915,gregorytorres@example.org,DXLD23064114182710,53030.15,478.0,0
CUST_008933,Kelly Velazquez,052-49-9071,,LQUV78415216640659,34208.31,377.0,0
CUST_008934,Troy Wilson,429639085,,JHYM16390598042019,33426.36,567.0,0
CUST_008935,Michelle Fletcher,524-82-2284,tammy63@example.org,GEKY50808359851931,35165.02,844.0,0
CUST_008936,William Clark,838-47-0768,qsantana@example.net,XWZO33302098565299,9383.89,509.0,1
CUST_008937,Christy Barnes,786121151,watersmichael@example.net,WYKT54103907493456,42061.06,371.0,0
CUST_008938,Isabel Cox,198-05-1053,lisa10@example.com,MPTB36210450696519,11682.36,715.0,0
CUST_008939,James Webb,261-82-6662,,LDVQ96018455664294,7929.68,744.0,0
CUST_008940,Dr. Tony Nolan,748592816,marshallcrystal@example.com,IXPO50947533581123,12370.47,632.0,0
CUST_008941,Matthew Miles,607307647,elizabeth55@example.net,LZRV88393423770821,31156.47,819.0,0
CUST_008942,Sharon Cole,564239014,smithkimberly@example.com,SVHQ01515773581398,40353.84,812.0,0
CUST_008943,Lauren Wood,094-95-5252,erin29@example.net,GIWZ66030011073812,66373.99,435.0,0
CUST_008944,Matthew Garcia,473-38-2021,zjackson@example.org,RNTL20331346268868,4752.39,460.0,0
CUST_008945,Lisa Santos,278-45-5951,powelldaniel@example.com,GPGD94065412120020,46144.17,728.0,0
CUST_008946,Patrick Rogers,538-57-2125,william87@example.com,PKOA92306266811170,14052.43,399.0,0
CUST_008947,Thomas Mendoza,804-21-1107,qross@example.net,JLMX20626943046195,15811.77,786.0,0
CUST_008948,Gerald Pittman,188-02-1087,stacy57@example.com,LDWU40019061971721,39895.34,564.0,0
CUST_008949,Holly Rodriguez,858-24-2265,deannafitzgerald@example.org,XNDF64310329541453,55089.19,806.0,0
CUST_008950,Robert Moses,589-19-1189,,FQAU13806286423861,60893.02,369.0,0
CUST_008951,James Nguyen,094-90-0440,jacobsmith@example.com,ELHN97322822960158,46428.33,736.0,0
CUST_008952,Michael Francis,377-07-2852,snydermeredith@example.net,DOTO32931954598128,19309.16,682.0,1
CUST_008953,Jared Cohen,040122798,christina68@example.org,XYTX77472851345194,60390.09,519.0,0
CUST_008954,Jessica Randolph,724-62-1083,carlos09@example.com,ZBXL08839404279833,34365.81,478.0,0
CUST_008955,Kim Andrews MD,428068956,cruzandrea@example.net,RPLN00112291744810,11926.66,647.0,0
CUST_008956,Lisa Jennings,877-14-9978,lewismaria@example.org,EJWU61616788911231,68147.12,644.0,0
CUST_008957,Gabriel Wilson,868-58-9383,sharpbrian@example.org,IMCG96284917614864,66403.46,489.0,1
CUST_008958,Daniel Evans,859202130,caincharles@example.net,EAFG72523001565095,58314.28,674.0,1
CUST_008959,Jessica Vaughn,811-05-1971,rogersjonathan@example.net,CADK96526600235063,43031.07,435.0,0
CUST_008960,Mary Brady,733879172,parksamber@example.org,WLNK38811421706214,17447.81,684.0,0
CUST_008961,Harry Carpenter,750733427,hjohnson@example.org,RSUT59510640997596,33007.4,382.0,0
CUST_008962,Zachary Perez,162-13-7231,oneillsusan@example.com,EGJY96967795066614,56485.41,606.0,0
CUST_008963,Mary Lopez,059648845,ericatkins@example.org,SMBJ87618622399197,34153.41,777.0,0
CUST_008964,Michael Andrews,490-51-7406,angelablackburn@example.net,TVEP63330032540846,28957.81,845.0,0
CUST_008965,Wesley Jones,214-44-1192,iwhite@example.net,GLWK05655021864390,26365.55,556.0,0
CUST_008966,Jacob Miller,850-59-0628,pamela84@example.com,RAFN88462320266973,45664.31,691.0,0
CUST_008967,Jacob Banks,545562213,palmermarc@example.net,BKSC69228393827777,41810.54,372.0,1
CUST_008968,Wayne Richmond,702-34-8232,,PYCC46568983981277,16406.03,635.0,0
CUST_008969,Joseph Fritz,339-61-3397,pkelley@example.org,LDIN78901646969978,17174.58,665.0,1
CUST_008970,Antonio Rodriguez,200-54-6517,chrismorton@example.net,XBWR69988045537726,70359.92,823.0,0
CUST_008971,Austin Campbell,277201186,kimjones@example.net,BJVJ67661947110236,55012.71,658.0,0
CUST_008972,Steve Davis,671-13-1200,erin51@example.net,BVCX20820350743033,70896.15,569.0,0
CUST_008973,Wendy Clark,699-51-9098,jbrown@example.net,DGUZ97174286644798,13955.31,748.0,0
CUST_008974,Maria West,321-10-4924,hunteralan@example.net,YZGU14301698407640,40354.44,569.0,0
CUST_008975,Aaron Cisneros,506-68-4178,oortiz@example.net,WKXB71214582622296,18446.61,706.0,0
CUST_008976,Kristy Anderson,128980728,catherine73@example.org,SEEV86363891974204,53215.62,798.0,0
CUST_008977,Victoria Thompson,747-89-8377,christopherthompson@example.org,RRUG50989298810000,35192.23,788.0,1
CUST_008978,Amber Boone,474-44-5631,iallen@example.org,CLHH42254922289568,31153.45,344.0,0
CUST_008979,Elizabeth Frank,476-18-1881,hawkinskathleen@example.com,SUXI68177175729201,56185.67,819.0,0
CUST_008980,Lori Graham,849-30-6658,susanshields@example.com,HUAJ63178836674675,59237.36,385.0,0
CUST_008981,Bruce Washington,548-10-7172,ynielsen@example.org,OFBO17319865883077,23512.55,592.0,1
CUST_008982,Lisa Howard,511999566,jorge31@example.net,YKVW23153201946386,38829.16,650.0,0
CUST_008983,Catherine Martin,110-52-3850,xbradshaw@example.com,GAXG51427168598420,40292.25,682.0,0
CUST_008984,Shane Alexander,301818275,george43@example.net,NTFB71274741498096,12080.73,777.0,0
CUST_008985,Darrell Green,868932996,gonzalezjames@example.com,PUTD96016585960242,61738.7,736.0,0
CUST_008986,Wendy Jackson,448-15-2816,chandlerbrian@example.org,VIOC51056129952004,48004.09,692.0,0
CUST_008987,Ms. Natalie Perkins,690-72-9531,annporter@example.org,KSOB59456668407367,5636.07,358.0,0
CUST_008988,Kayla Rogers,825-01-0039,jknight@example.net,FIMH52366952601239,1501.7,633.0,0
CUST_008989,Curtis Russell,035-95-9210,sweeneychristopher@example.net,TAWR28589984068648,57649.37,718.0,0
CUST_008990,Tracy Campos,149-92-2264,garciadaniel@example.net,DQNE71297337658030,58318.84,464.0,0
CUST_008991,Joshua Scott,859-91-1752,schmidtnicole@example.net,EEPG43242932786398,38400.63,506.0,0
CUST_008992,Ryan Smith,671-29-7867,ssanchez@example.org,XEWN44330954725511,18299.26,458.0,0
CUST_008993,Brittany Taylor,629-23-7343,tvasquez@example.net,IBOL49257908078553,11926.46,478.0,0
CUST_008994,Michelle Schultz,668563793,romerosara@example.net,WFNW80553541131302,23801.29,564.0,0
CUST_008995,Tyler Woods,422968336,timothy77@example.com,GFPC00659173886946,42338.38,321.0,0
CUST_008996,Bradley Howard,446-45-8216,crawfordnicholas@example.com,VJKJ22037019035368,14994.49,471.0,0
CUST_008997,Anthony Myers,132-68-2277,nbrown@example.org,VFSL91641393815254,487.46,823.0,0
CUST_008998,Angela Barton,581-68-1704,cclarke@example.net,XQCR55915726815962,52663.98,371.0,0
CUST_008999,Jose Miller,303-96-7129,myersjessica@example.com,HPWF34974540334772,58251.0,653.0,0
CUST_009000,Paul Calhoun,857-30-3570,troynorton@example.com,NWCX82366457579553,57216.31,662.0,0
CUST_009001,Kaitlyn Clark,894-90-1198,jeremythomas@example.com,HHIE83033957767475,8290.53,506.0,0
CUST_009002,Felicia Scott,640-73-4963,xprice@example.net,SOUP22193684864505,11298.56,792.0,0
CUST_009003,Tonya Fletcher,886975469,newmanscott@example.net,NYDL98242984405121,68057.66,684.0,0
CUST_009004,Christopher Cain,615-81-2814,,FPBO54407255051842,39554.3,412.0,0
CUST_009005,Stacey Hall,470-65-9532,sarah14@example.net,EMSR64005302740212,2854.94,749.0,0
CUST_009006,Mary Woods,474897274,jessica91@example.net,JGYQ46995561665183,40211.69,603.0,1
CUST_009007,Amanda Vasquez,547651104,wardjeffrey@example.net,SKYW06046363944006,55624.09,309.0,0
CUST_009008,Amanda Miller,270-86-7152,alexis92@example.net,OLKF14872386879148,9468.15,509.0,0
CUST_009009,Richard Reynolds,034-82-4640,bhodges@example.net,XFTD21815570627147,44690.18,686.0,0
CUST_009010,Krista Turner,023-57-3925,nicolewright@example.net,MUVR31729300016658,62897.69,526.0,0
CUST_009011,Mr. John Freeman,411138245,ivillegas@example.org,ENDU74027142839254,54828.41,718.0,0
CUST_009012,Juan Farley,366096031,ronaldpeters@example.org,ALDK34004668303704,71336.21,764.0,0
CUST_009013,Ryan Hale,286-19-6195,mwilliams@example.com,TKKE80595365095666,39452.42,332.0,0
CUST_009014,Juan Blake,341-76-8881,xbrooks@example.org,YVWH41018246263912,58251.29,723.0,0
CUST_009015,Shane Anderson,317-69-7571,wkelley@example.net,GXSC78570563107696,73739.95,369.0,0
CUST_009016,Jennifer Brown,638-30-7166,edwardoneal@example.org,LAAT90501205375119,5611.27,656.0,0
CUST_009017,Thomas Carpenter,409-91-6474,connor43@example.org,GYPL15879224264497,17365.32,307.0,0
CUST_009018,Peter Mooney,236-41-6010,henrymichael@example.com,MLVB27920374767860,36344.85,644.0,0
CUST_009019,Charles Blair,035954936,lware@example.com,XFZZ61166484308004,50687.02,402.0,0
CUST_009020,Kevin Fry,728-43-4413,kellykristine@example.net,SBRN82713049107321,2336.93,,0
CUST_009021,Paul Savage,207648635,jennifer88@example.com,JBAT69256390453936,18140.34,739.0,0
CUST_009022,Jennifer Collins,280-13-9141,maria72@example.com,KLHP33746900092792,68790.41,306.0,0
CUST_009023,Mr. William Krause,356-62-9223,antonio17@example.org,UQSR14876657086449,10392.31,341.0,1
CUST_009024,Michael Jones MD,475-13-2507,estephens@example.net,AOTK64789973152504,12735.05,639.0,0
CUST_009025,Danielle Bennett,652-50-0967,norma41@example.net,PIWQ14327420088463,13302.46,356.0,1
CUST_009026,Kristin White,718-12-9417,webbcaitlin@example.com,CTMD19905844930517,6644.42,390.0,0
CUST_009027,Alyssa Ruiz,338-48-5072,dguerra@example.org,LPMS61992014003757,54775.06,521.0,0
CUST_009028,Erica Joseph,762-83-5220,randall24@example.net,GZYX09940384125263,1987.95,309.0,0
CUST_009029,Keith Rowe,544-92-7206,morgan58@example.org,SJOI77225936794266,53477.46,642.0,0
CUST_009030,Evan Taylor,479662675,hawkinsethan@example.com,SSBA19416755703102,13687.26,641.0,0
CUST_009031,David Owens,782-58-5097,gary35@example.com,BVPO83750267799594,34580.71,323.0,0
CUST_009032,Amber Boyd,505-14-8891,karlwilliams@example.net,IQRU95032941999601,33222.92,432.0,0
CUST_009033,Stephanie Lopez,089362373,qwilliams@example.com,GFLW32244700196990,40735.42,771.0,0
CUST_009034,Phillip Dunn,729-90-1477,mkelley@example.org,UYIE35092820739410,61335.33,465.0,0
CUST_009035,Eric Brown,521378156,gary84@example.org,ACDV65146501396517,22457.99,515.0,0
CUST_009036,Theresa Morse,634-64-7037,david86@example.org,JKEE40803806492473,71284.37,302.0,0
CUST_009037,Sierra Jones,784-05-1399,gallegosmary@example.net,NGHT44552539189902,26942.0,330.0,0
CUST_009038,Robert Robinson,692-33-1833,iedwards@example.com,ZUAJ72678420391368,21783.13,387.0,0
CUST_009039,Zachary Christian,831-01-9637,bhernandez@example.org,VXCD96759584160560,7436.67,344.0,0
CUST_009040,James Lynch,465695960,gileseric@example.org,VKDR66403786484222,19915.55,523.0,0
CUST_009041,Michael Johnson,651-69-0040,,NXIB00805399279490,43359.68,547.0,0
CUST_009042,Johnathan Schultz,430-60-9508,blakemichael@example.net,MEMJ04043876262596,989.89,841.0,1
CUST_009043,Thomas Bryant,406-25-1071,ayersdaniel@example.org,UDJO32957550851647,39268.06,682.0,0
CUST_009044,Joel Collins,694-99-6014,gregory57@example.org,FUKN02426710891071,63639.07,750.0,0
CUST_009045,Keith Fowler,636-04-6037,jessica93@example.com,PIHY37461549032131,63030.36,600.0,0
CUST_009046,Jose Ferguson,313-80-2722,matthewrussell@example.com,FUVZ37687999308766,1240.75,515.0,0
CUST_009047,Lisa Martinez,784624433,jefferyrobertson@example.com,LGML56284157595787,23066.22,586.0,0
CUST_009048,Michelle Johnson,641-45-4301,marisa98@example.org,ANQS77503529022612,28596.08,663.0,0
CUST_009049,Joseph Choi,457-61-2220,vanessabuchanan@example.com,OUIK70885592774194,40836.85,,0
CUST_009050,Kelli Cole,466236388,sharonspears@example.com,KPFJ32572653447243,16291.49,625.0,0
CUST_009051,Crystal Li,719-82-5931,elizabethvasquez@example.net,CBXV87672967223850,18635.36,596.0,0
CUST_009052,Brenda Davis,674-29-5019,robert86@example.com,OXWK64688886434399,10564.52,534.0,1
CUST_009053,Melissa Young,486-97-2594,william15@example.org,TTBZ95827476467200,15965.97,778.0,0
CUST_009054,Harold Rhodes,762-60-3873,tylergarcia@example.com,GFQD40299866292814,32097.29,363.0,0
CUST_009055,Michael Thompson,715-80-9239,jonesjason@example.net,XBGV71871909929155,26380.86,446.0,0
CUST_009056,Tamara Flores,185976085,kayla25@example.org,YJFT58929760445062,60702.14,697.0,0
CUST_009057,Mark Wilson,697-47-6480,,RGFH46593995819397,50527.47,801.0,0
CUST_009058,Gary Hernandez,081-22-9003,vmiller@example.org,SFJS31973169304335,38023.46,628.0,1
CUST_009059,Katherine Castillo,820-48-5825,kristen04@example.com,SHJS03265769642063,50568.51,619.0,0
CUST_009060,Sara Gaines,177-27-2340,tbullock@example.net,EPYK28711965216154,14556.17,,0
CUST_009061,Gabriella Obrien,262-61-0141,mcdonaldandrea@example.com,UTEK17188751726904,23421.73,380.0,0
CUST_009062,Ryan Phelps,828-55-4971,bneal@example.net,XBWZ61884325570723,60144.45,344.0,0
CUST_009063,Charles Miller,010560496,adavenport@example.org,JVXN56909645249117,41961.42,711.0,0
CUST_009064,Marvin Arnold,862-57-6655,ramirezjessica@example.net,LXJD98722335259890,27603.24,840.0,0
CUST_009065,Dr. Robert Price,783-22-7856,lopezjo@example.net,IXJJ47859865615634,62457.25,767.0,1
CUST_009066,David Jones,198-03-9748,ecook@example.net,YHAP49551669714779,37779.43,419.0,0
CUST_009067,Mikayla Fleming,510345246,michael79@example.net,UKTO91299326992101,4049.87,349.0,0
CUST_009068,Kristy Leonard,139-58-6835,,ZJPH16331616926239,46686.59,793.0,0
CUST_009069,Tracy Morrison,511-45-2995,katie33@example.org,OXZD44510182167114,10989.03,715.0,0
CUST_009070,Michael Morrison,287-53-7765,campbelltammy@example.net,WMSK89405271773821,45150.08,604.0,0
CUST_009071,Kristen Coleman,042-72-3257,sonyasmith@example.net,HBNE65788147406606,49793.12,477.0,0
CUST_009072,Steven Rodriguez,132883532,michael18@example.org,FGXW06774949464789,58516.69,429.0,0
CUST_009073,Ruben Long,866-23-8642,lisa77@example.net,BORO87186915952104,70343.95,545.0,0
CUST_009074,Robert Patterson,723-63-1898,rachelmcconnell@example.org,CIIB36381052024994,45793.96,362.0,0
CUST_009075,Brian Lang,775182851,williamnorman@example.net,ZPCQ10755095266509,72784.86,383.0,0
CUST_009076,Janice Marshall,299-12-1658,sgibson@example.com,GRXR85235712415952,48879.99,704.0,0
CUST_009077,Jeffrey Mcmillan,624-43-5122,parkerroberto@example.net,MPEB30442440934808,28664.22,765.0,0
CUST_009078,Adam Perez,138-87-8916,birdrobert@example.net,JGNS38484799581107,70438.25,514.0,0
CUST_009079,Marc Moore,806-91-2781,gperry@example.org,PGHI67783078265874,46264.59,411.0,0
CUST_009080,Katie Preston,186-81-7165,benjaminlove@example.net,TURS11490274252829,67607.06,303.0,1
CUST_009081,Mary Baker,112-09-8234,ashleykramer@example.com,BYHL18517504983078,7301.41,666.0,0
CUST_009082,Ryan Martinez,198-13-6498,john19@example.com,PVIH98937456623464,-24.26,721.0,0
CUST_009083,Carolyn Reid,366-75-2600,nathan32@example.com,AFEU67276611460601,50970.21,433.0,0
CUST_009084,Melissa Bates,742-51-8127,russellstephen@example.net,GYHU98761161402663,13803.71,602.0,0
CUST_009085,Christian Freeman,074-25-8321,frederick59@example.com,SPSA96462411679203,20749.73,308.0,0
CUST_009086,Dan Perkins,791-29-6866,denisehoffman@example.org,JJRA21757298091325,32768.5,844.0,0
CUST_009087,Lisa Taylor,716-99-6430,kristywilson@example.com,KHQG20789276353301,20414.87,848.0,0
CUST_009088,Marc Thomas,850-43-6555,davidmarshall@example.com,SGNV59069471886132,73447.37,305.0,0
CUST_009089,Rebecca Schroeder,234-72-7159,patricia10@example.net,AXWY54417772169810,65504.04,429.0,0
CUST_009090,Rachel Garrett,362-68-5024,tleach@example.com,PFPK08262815126770,61213.92,560.0,1
CUST_009091,Eric Spencer,222-44-4960,hjohnson@example.com,DFIT35200893673461,43950.59,715.0,0
CUST_009092,Anna Acosta,199922276,michaelcooper@example.com,SRHC74299136627677,86.46,496.0,0
CUST_009093,Robert Smith,415-41-5858,melendezrickey@example.com,KKKU46575770048524,54330.38,405.0,0
CUST_009094,Patricia Moreno,004-02-0050,bbeck@example.org,ZKUA70489149932448,65591.05,654.0,1
CUST_009095,Mr. Andrew Hamilton,337-86-2746,gerald27@example.net,JKBA94649453440148,24989.73,564.0,0
CUST_009096,Stephen Martinez,596-08-3303,scottjennifer@example.com,HEYK71531509481739,31164.57,821.0,0
CUST_009097,James Rose,145503435,cgonzalez@example.org,EUAR61525784651105,12023.05,640.0,0
CUST_009098,Elizabeth Duke,349-85-4442,hawkinsluis@example.org,IIWB92662013590745,71762.25,486.0,0
CUST_009099,Tracy Robbins,877-18-3018,morganjeffrey@example.org,IXWF26712603692173,53.38,535.0,0
CUST_009100,Brandon Diaz,803-41-4100,ydavis@example.org,BQWZ43180105281740,66458.0,647.0,0
CUST_009101,Teresa Walters,145-31-7567,adamsjames@example.net,SAEJ33375070709661,24790.13,466.0,0
CUST_009102,Kristin Woodward,740-88-4826,gonzalezlaura@example.org,QUFP34005843022416,11591.83,346.0,0
CUST_009103,Charles Martin,730-23-6434,waterschristopher@example.org,MBVK28435799771618,72785.18,436.0,1
CUST_009104,Kirsten Hughes,081-63-4197,qmathews@example.com,FVZF66984235547714,40647.09,515.0,0
CUST_009105,Jessica Hernandez,038-62-8793,gardneranthony@example.org,MLVZ71596773362958,62590.66,355.0,0
CUST_009106,Jason Robinson,725-56-9270,pamelarussell@example.net,NNCR83651608424289,14469.1,686.0,0
CUST_009107,John Wyatt,846-15-8333,rasmussensara@example.org,OXXH78419521703543,25081.56,684.0,0
CUST_009108,Brooke Roth,219-29-7237,hermannathan@example.com,PLVB47496752742146,35712.18,628.0,0
CUST_009109,Nichole Rose,558-74-1155,krista14@example.net,UDZM50856928219933,22873.46,622.0,0
CUST_009110,Sandra Duran,669997582,spencerlarry@example.net,HZVM12255018138094,37047.96,803.0,0
CUST_009111,John Allen,789-59-4805,jennifer97@example.com,KKOI05509244071546,15278.77,815.0,0
CUST_009112,Spencer Grant,691-48-9901,robin45@example.org,IDIT21206706951569,31118.17,535.0,0
CUST_009113,Stephen Knox,264160103,cobbchristine@example.org,KCLN75989223889410,45043.18,399.0,0
CUST_009114,Jennifer Sanchez,212-91-7786,rwalters@example.net,WZQD99095858370344,45222.12,775.0,0
CUST_009115,Jaclyn Hunter,505707686,idavis@example.net,ZGIV86663667394249,42827.12,372.0,1
CUST_009116,Mark Wilson,305705479,davidgriffith@example.com,ZUCO41209224058075,65283.59,680.0,0
CUST_009117,Robert Mahoney,453-73-4753,dianejones@example.org,HOKC57405418291859,13203.21,734.0,0
CUST_009118,Debbie Rodriguez,481-08-8880,carlos58@example.net,RVNL80903642319923,44585.59,317.0,0
CUST_009119,Allison Johnson,012-16-9493,john92@example.net,PUHV62832480158863,18244.44,674.0,0
CUST_009120,Tanner Andrews,113239622,jennifervaldez@example.org,HNJT91931602498778,44845.08,732.0,0
CUST_009121,Erin Malone,746-08-9664,levibutler@example.net,CGNP49071665054348,52723.96,518.0,0
CUST_009122,Mary Frederick,749-96-5746,brendagould@example.net,UFLQ62544963050901,2244.09,737.0,0
CUST_009123,Brian Diaz,438-69-9136,douglas58@example.net,RIHU21354202186867,32172.26,471.0,0
CUST_009124,Cory Miller,242-71-5313,jonathandavis@example.net,PXTO38991047126116,69056.42,564.0,0
CUST_009125,Ashley Pena,456-20-6915,iporter@example.net,LQIU18709813993877,43399.43,509.0,0
CUST_009126,Jonathon Castillo,417-63-4675,sharris@example.org,IERR59897596061138,7119.59,593.0,0
CUST_009127,Jared Olson,141-41-5415,lisa65@example.org,BJXJ44005520603988,25082.3,463.0,0
CUST_009128,Stephanie Francis,751-61-2058,hamptonjavier@example.net,HHRW13599011991528,5560.13,700.0,0
CUST_009129,George Norton,669-74-0100,xestrada@example.net,LGIV18184711400526,61862.28,758.0,0
CUST_009130,Sara Buck,260-23-5010,duranlauren@example.com,IWMH53484953818352,9402.23,768.0,0
CUST_009131,Matthew Harris,612-97-2731,ericcooley@example.net,XCZD17725878524440,18451.78,417.0,0
CUST_009132,Andrew Garcia,565-59-5645,morganlopez@example.com,NBDI20148097981916,70626.18,384.0,0
CUST_009133,Jeremy Hartman,528-16-5051,lruiz@example.net,FSLH73936487674616,25383.97,773.0,0
CUST_009134,Ashley Garza,840-93-3786,tallen@example.com,GUGA81006741049330,43113.69,606.0,0
CUST_009135,Amanda Chung,876-36-1166,shawn88@example.org,RZAF03745170886811,59033.12,425.0,1
CUST_009136,Madison Fields,300206785,allenjames@example.org,NFCT84252256935172,10210.45,754.0,0
CUST_009137,Brian Richardson,143-94-4434,ortegawilliam@example.com,OMBQ87688224027853,12066.09,636.0,0
CUST_009138,Joshua Hill,379-99-1606,colemanbrandon@example.org,UQKR05265534078178,68127.73,771.0,0
CUST_009139,Mrs. Jenna Wilson,203916274,xrogers@example.org,KZPA72177141070830,51103.54,529.0,1
CUST_009140,John Edwards,607-59-7690,,DRMM64029204435492,23009.82,483.0,0
CUST_009141,Miranda Love,174-53-5147,bradley14@example.com,IAKW56397251440975,72232.94,667.0,0
CUST_009142,Janet Adkins,290-45-2184,boydpamela@example.com,PRDJ32316199877328,47798.37,482.0,0
CUST_009143,Angela Peterson,066-38-1663,edward51@example.net,UWMX13504318383249,38155.08,308.0,0
CUST_009144,Travis Shaw,269-86-4513,richard30@example.net,UJIE03786056525188,50537.17,432.0,0
CUST_009145,Sharon Tucker,615-77-4061,,ANDG15438853696400,72928.86,629.0,0
CUST_009146,Jeffrey Myers,730-65-2374,ijohnston@example.com,PUCN70961108524339,55793.28,840.0,0
CUST_009147,Jill Dalton,847924333,michaelstone@example.org,FHIB21494443767873,60530.29,814.0,1
CUST_009148,Emily Williams,698-63-5417,parsonswalter@example.org,DLNR42807928685453,53713.59,728.0,0
CUST_009149,Justin Contreras DVM,011219925,blankenshiprebecca@example.com,DPVS66397286042546,5227.74,479.0,0
CUST_009150,Anthony Reese,446-48-4764,,NIQL19976354847284,44970.34,509.0,0
CUST_009151,Emily Collins,712-22-9261,garycarroll@example.net,YPEX09910910740383,16548.13,442.0,0
CUST_009152,Richard Silva,453-26-5906,mariogibson@example.com,UISE13412521941989,7871.85,830.0,0
CUST_009153,David Hamilton,641-77-3975,zbrown@example.com,QBYP73396476252983,7249.13,742.0,0
CUST_009154,Christopher Kirk,454-49-4830,,ELIM83349858730148,68678.02,815.0,0
CUST_009155,Jermaine Cook,244-79-8569,kellyrogers@example.com,CESU22676957798195,18750.55,420.0,0
CUST_009156,Sarah Harris,642362702,joshuajohnson@example.com,QVCC79022503376473,60270.01,824.0,0
CUST_009157,Devin Vasquez,866-77-3842,mckeebarbara@example.org,DFPE49145424891275,32314.44,732.0,0
CUST_009158,Emma Logan,455-98-6576,sarah60@example.net,NGVH13568640874791,58774.26,839.0,0
CUST_009159,Joseph Fisher,610-43-9349,,SFMD44428478073797,57349.46,520.0,0
CUST_009160,Lisa West,192-97-9425,edwardstyler@example.org,QRKF30612369436905,65524.85,513.0,0
CUST_009161,Sarah Stephenson,837-75-5234,harmonamy@example.org,JWSP05798144207971,69604.4,706.0,1
CUST_009162,Nicholas Fitzpatrick,847-07-1438,rmoore@example.net,WWXX03726955784576,59433.1,592.0,1
CUST_009163,Mr. Stephen Robinson,127-05-1984,anne13@example.org,KMAW64960693722451,64809.0,,0
CUST_009164,Patrick Smith,845226786,krusso@example.net,ALWM37801571041284,5506.68,374.0,0
CUST_009165,Nancy Howard,777-76-7736,veronica34@example.org,PRYR71474943365834,21009.88,712.0,0
CUST_009166,Zachary Villegas,551-60-1521,wkent@example.com,AUZZ83373944213183,25007.44,634.0,0
CUST_009167,Megan Hull,077131440,fhaynes@example.org,DYGJ73075179205029,56378.25,700.0,0
CUST_009168,Richard Perkins,438-10-0215,sramirez@example.com,BUXQ64575302845958,68691.06,446.0,0
CUST_009169,Brian James,620-71-0268,gordonmark@example.net,PAZJ35693653365788,3887.89,590.0,1
CUST_009170,Roberto Thomas,363-51-2306,jlewis@example.net,DRJS38272004908210,56091.93,490.0,1
CUST_009171,Dawn Boyd,738400613,,PZJC52925910300312,53592.08,520.0,0
CUST_009172,Karen Dean,757-64-7814,carriemiller@example.org,STDZ76466750996375,14666.75,758.0,0
CUST_009173,Kevin Nguyen,508915139,rpugh@example.org,SCQE51734437780717,36821.27,,0
CUST_009174,Brandon Moore,107-67-0994,amandawilson@example.com,XMGQ98385811011831,9302.84,432.0,0
CUST_009175,Jeremy Russell,318878662,margaretmalone@example.net,EEFD04346959182341,593.75,592.0,0
CUST_009176,Deanna Mcfarland,645-19-2157,eproctor@example.com,JWAQ74858598531702,41200.81,629.0,0
CUST_009177,Jessica Mccarty,148988495,andrew04@example.com,BGAZ91047618771118,47707.57,382.0,1
CUST_009178,Sean Woods,738766200,moralesgary@example.net,SCSY97625200069489,73715.72,732.0,0
CUST_009179,Wendy Ross,112-16-7113,thomas30@example.com,PSML72254596707289,32164.85,529.0,0
CUST_009180,Kimberly Copeland,076-64-6724,icurry@example.org,WVDO42822197718887,15966.9,555.0,0
CUST_009181,Anna Williams,811-89-2450,joe00@example.org,WBKP27140007133400,55912.31,503.0,1
CUST_009182,Christopher Barry,443-04-5609,twilliams@example.com,KQQU15689231761840,20931.14,723.0,0
CUST_009183,Mrs. Elizabeth Thomas,180773198,crawfordzachary@example.com,GWGD74459944017170,6086.06,627.0,0
CUST_009184,Kathy Weiss,225-85-2838,jessica25@example.org,YGXT58693485962443,52309.01,595.0,0
CUST_009185,Gregory Joseph,199-20-0815,tlee@example.com,VPAA66399482243182,13421.33,541.0,0
CUST_009186,Travis Ellis,095-25-8031,sydneycannon@example.net,PBXJ84099814849918,68320.49,651.0,0
CUST_009187,Cynthia Arroyo,739-64-9920,,WCFQ58017244810523,10612.57,365.0,1
CUST_009188,Lisa Weber,232-57-0709,lnolan@example.net,CNFV09489118223239,38599.15,376.0,1
CUST_009189,Michael Carter,629-76-8295,melaniecarr@example.com,NVNN39078518155798,10196.1,809.0,0
CUST_009190,Yvonne Collins,028-12-4029,,PURS74126283857943,6344.19,616.0,0
CUST_009191,Allen Lee,229933100,justin55@example.com,HJVX10536824350947,57004.76,575.0,0
CUST_009192,Janet Patrick,270-33-9769,deleonmonique@example.net,IMOZ60316922286262,44659.39,607.0,0
CUST_009193,Ronald Yang,532-73-8005,hfowler@example.com,ULON35654063936108,56030.48,344.0,0
CUST_009194,Karen Perez,058880785,ramirezlogan@example.org,KPXV69950744272297,5660.32,367.0,0
CUST_009195,Christopher Bailey,769-54-0859,daniel40@example.org,MXAK30115822961342,21557.93,545.0,0
CUST_009196,Nina Perez,860-33-9201,courtney39@example.org,YLNL67661093866769,69617.02,,1
CUST_009197,David Harris,561-81-5712,,VPUS57869949904427,11016.05,608.0,0
CUST_009198,Mary Taylor,254-21-9537,maryhaney@example.net,XOGZ96905076934804,7532.11,685.0,0
CUST_009199,Laura Salinas,398-11-2580,michaeldonovan@example.com,SUPZ32446421869808,4500.97,779.0,0
CUST_009200,Derrick Chapman,212-64-3685,antoniosmith@example.com,XGQX58109420924142,40269.87,724.0,0
CUST_009201,Connie Sanchez,644-05-0296,susansanchez@example.com,ZZMR37155065384138,52494.74,727.0,0
CUST_009202,Kyle Lutz,090-07-3396,jeffrey67@example.net,TLNP86788122022713,36676.87,390.0,0
CUST_009203,Brian Adams,147-21-1323,rogerskatherine@example.net,FYON76776922800859,3046.06,329.0,0
CUST_009204,Mrs. Heather White PhD,050-38-4112,andersonheather@example.net,FGFJ62395978313971,13013.98,348.0,0
CUST_009205,Bailey Bell,762-82-5842,gordonsteven@example.net,DZNK53340586540188,63295.04,632.0,1
CUST_009206,Jack Murray,737-17-6720,nicole11@example.com,QNKW23273199841383,37628.69,326.0,1
CUST_009207,Amanda Blake,297-73-5763,,IELM53867437846720,61727.53,580.0,0
CUST_009208,Jessica Patton,332534004,victoria34@example.org,SFBO70357206756166,48062.65,642.0,0
CUST_009209,Matthew Chambers,115-63-2700,schmittraymond@example.org,RGTZ69894579816711,19074.25,350.0,0
CUST_009210,David Valentine,364604523,reyestonya@example.net,YRQH09718703777800,62072.59,751.0,0
CUST_009211,Jill Stephens,093-15-2909,areyes@example.com,SEUV77606124243247,56002.05,560.0,0
CUST_009212,Jose Vargas,110-91-3079,vjackson@example.net,NNKA76906643355508,48734.64,479.0,0
CUST_009213,Mr. Tony Cruz,424244795,jesse84@example.com,UZLF19784818029319,638.16,445.0,0
CUST_009214,Kara Morris,425-13-0987,davischristina@example.org,LRSL19216563608429,60252.8,324.0,0
CUST_009215,Erin Anderson,171-03-9321,rpatterson@example.net,UTKH50914422663594,62352.65,678.0,0
CUST_009216,Ronald Gibson,028-25-7117,urice@example.net,OGLU09703047979644,61130.09,506.0,0
CUST_009217,Mr. Jeremiah Gallegos MD,843-28-8346,bharris@example.net,RMRA98730561112525,28230.75,619.0,0
CUST_009218,Karen Guerra,087999331,kennedymichael@example.com,DXSZ72458236425198,43659.96,414.0,0
CUST_009219,Justin Reynolds,252-37-8392,kenneth70@example.net,GESX40995757450492,22708.3,654.0,0
CUST_009220,Destiny Obrien,449260410,nstewart@example.com,NFPQ53663636938235,21779.62,538.0,0
CUST_009221,Grant Williams,152-33-1570,coopersamantha@example.org,BDMJ74727524538398,67481.44,345.0,0
CUST_009222,Kaitlyn Hurley,537-27-6101,kellyturner@example.org,AUVM25390915827584,5640.46,421.0,0
CUST_009223,Sandra Williams,683-58-4851,jacksonstephen@example.com,QZVE08560927850922,64024.69,740.0,0
CUST_009224,Michelle Long,789-43-0046,amandaharris@example.org,IZNG56494872938218,2021.93,582.0,0
CUST_009225,Briana Wilson,158-26-9904,sgrant@example.net,POKX59602534921439,57908.63,753.0,1
CUST_009226,Marcus Stevenson,251-88-1233,obriendebra@example.org,YQBL02104244064328,62516.82,509.0,0
CUST_009227,Kylie Mendoza,056923327,kellerandrea@example.net,DVRM71297144505031,29924.85,649.0,0
CUST_009228,Cindy Sanchez,710-48-6247,nina77@example.org,DDSI22205987265637,47705.9,318.0,0
CUST_009229,Kathryn Cole,033769199,lisaturner@example.org,OUBJ82472400863713,61169.1,456.0,0
CUST_009230,John Barnett,001-45-4391,kennedyamber@example.net,SEMJ48809214887386,58238.8,586.0,0
CUST_009231,Debra Salinas,256956023,dburns@example.net,EGEM66843742821414,70331.59,401.0,0
CUST_009232,Barbara Decker,813710904,xmorris@example.org,IODT29620591541081,19534.75,764.0,0
CUST_009233,Steven Krause,349-39-9713,coreybarnes@example.org,TJQA66463442082754,33453.37,755.0,0
CUST_009234,William Delacruz,733771891,zachary65@example.net,AEIW34482873506902,7049.72,331.0,0
CUST_009235,Tammy Miller,185-47-5441,evansalexis@example.net,BTBP42567332839552,69586.49,547.0,0
CUST_009236,Teresa Smith,728-72-9303,murphymason@example.com,ATWG21541978395982,6697.54,668.0,0
CUST_009237,David Chavez,199-54-7948,daviskathryn@example.org,JVQP91702031748202,64709.85,628.0,0
CUST_009238,Barbara Ramsey,076-76-5045,yclay@example.com,SKEG03011449360556,70130.7,684.0,0
CUST_009239,Cynthia Sherman,835-65-0555,lgarcia@example.net,KREN81966701664308,1238.33,348.0,0
CUST_009240,Aaron Carey,794952455,chelsea06@example.net,ROUR85662031953991,24725.74,385.0,0
CUST_009241,Johnathan Williams,532-30-7373,james18@example.com,TNYT34905711922554,41828.08,573.0,0
CUST_009242,Kimberly Lutz,357-41-1486,kellerangela@example.org,NPMW08910345996248,48202.61,829.0,0
CUST_009243,Carrie Ramirez,687501569,eguzman@example.net,TEDQ61816015115202,46934.71,338.0,0
CUST_009244,Taylor Mendoza,505-44-9527,david16@example.net,ZAKF22073294916970,47515.37,442.0,0
CUST_009245,Tanya Gallagher,808-15-3641,jgay@example.com,SUXD76004913125452,17055.9,585.0,0
CUST_009246,Christopher Banks,898904214,wwells@example.net,AHPY23169941566198,36111.38,726.0,0
CUST_009247,William Peterson,197-93-1735,jacksonvalerie@example.org,IFBH50731200736545,50216.04,454.0,0
CUST_009248,Robert Murphy,057-92-9502,nelsoncarla@example.com,NRHD78177153832604,27195.65,776.0,0
CUST_009249,Nathan Wilson,256-30-5936,smercado@example.com,FFCZ20329451867368,55127.49,536.0,0
CUST_009250,Mary Reeves,760-27-5016,robinsonpeter@example.org,PYFI06089266318402,26805.83,823.0,0
CUST_009251,Robert Evans,492-30-8196,jenniferlong@example.net,PMNI97799999018366,16147.01,804.0,1
CUST_009252,Jean Hunt,367-93-0094,,IAUF16577879435469,354.58,321.0,0
CUST_009253,James Dunn,289206922,allenrobin@example.org,IJHI33431099945012,59615.81,527.0,0
CUST_009254,Tina Hopkins,739-40-3141,ewilliams@example.org,JXRW82547867156024,25497.27,779.0,0
CUST_009255,Elizabeth Newman,541-25-9355,fernandezjeffrey@example.org,DHRM80803491908536,15729.44,818.0,0
CUST_009256,Douglas Park,090-28-9323,james42@example.net,EQOD91809364058355,24685.65,608.0,1
CUST_009257,Darlene Curry,215-56-8931,danieldoyle@example.com,GABA27060415070040,24917.41,663.0,0
CUST_009258,Allen Patterson,774-63-5043,coloncassandra@example.org,RYIY44097235132569,39382.22,846.0,0
CUST_009259,Julie Hernandez,742-46-3718,daltonerica@example.com,SUDE89341383232498,48797.2,634.0,0
CUST_009260,James Hancock,722-56-0308,sandra56@example.org,SSNX67436707347778,59239.37,446.0,1
CUST_009261,Terry Grant,731-34-4379,danielle23@example.org,HUSF36490414994084,21713.46,846.0,0
CUST_009262,Ashley Shaw,532440866,randy68@example.org,XNHF44100424340323,68350.6,754.0,0
CUST_009263,Samantha Martinez,380-52-9954,arice@example.org,AFAF78791740814651,16330.5,458.0,0
CUST_009264,Ryan Johnson,015-50-3998,wmanning@example.net,RANX64787774299955,65685.39,,0
CUST_009265,Robert Sanchez,788893638,mary33@example.net,VVAC73502267961601,25385.49,631.0,0
CUST_009266,Fernando Miller,363-77-8242,michael23@example.net,MJOI75520621637784,17290.01,553.0,0
CUST_009267,Shane Bauer,603-90-3808,vfernandez@example.com,JTNU81876942332309,53918.59,324.0,0
CUST_009268,Clarence Lowe,408-16-2472,dandrews@example.org,TQMJ85515549790362,49284.38,834.0,0
CUST_009269,Benjamin Bradley,569-65-9486,annecastro@example.org,WGNI75842444391650,19626.23,347.0,0
CUST_009270,Michelle Bowers,196-07-7793,hscott@example.net,FGMS25707589073070,39828.21,367.0,0
CUST_009271,Sarah Mendoza,345-01-4225,ujones@example.com,CKCP46551359286952,30186.08,373.0,0
CUST_009272,Deborah Price,449-28-2137,carly87@example.com,KJXN28740177201456,19177.8,493.0,0
CUST_009273,Melissa Berry PhD,099-24-0179,uwilliams@example.org,NRLC65524822958092,23781.67,655.0,0
CUST_009274,Tommy Norton,169-08-5352,vfarmer@example.com,QTWU40324222959677,40979.65,571.0,0
CUST_009275,Daniel Hughes,043357750,john53@example.org,NGAV62848639506297,49643.62,357.0,0
CUST_009276,Angela Wong,657-64-0622,cody10@example.com,WJBK36031598979897,49465.0,493.0,0
CUST_009277,John Bartlett,556-16-8354,ljackson@example.com,WBBV17954695622348,27108.15,,0
CUST_009278,David Sharp,250-23-7223,welchmatthew@example.org,ZCCN66237467163113,68985.98,758.0,0
CUST_009279,Kathleen Ritter,576962927,,OZXQ64313584190087,64169.75,453.0,1
CUST_009280,Brandon Castillo,392-69-0147,georgeromero@example.net,XPAN75654134822837,16632.38,536.0,0
CUST_009281,William Smith,870-75-6570,stephenjohnson@example.com,FEDR78421288933017,16910.34,414.0,0
CUST_009282,Chelsea Byrd,400804496,hcastro@example.net,BCLR15761282019950,48489.14,359.0,0
CUST_009283,Matthew Simmons,800-83-6260,yfoster@example.com,NJYR21265434025773,12464.39,701.0,0
CUST_009284,Mallory Miller,058-14-5349,rossrussell@example.net,VQJL23236813928405,51443.54,809.0,0
CUST_009285,Arthur Carlson,187-02-1564,caseybecky@example.org,WFIQ00895064401993,29206.34,533.0,0
CUST_009286,Kelli Deleon,153-12-3381,brenda46@example.com,MWYE01252683154054,21990.38,470.0,1
CUST_009287,Anthony Delgado,638-93-7136,sheridixon@example.org,EGDC03822387773156,-214.62,516.0,0
CUST_009288,Larry Lang,762429011,jacquelinecross@example.com,AIMV03513232833569,45785.24,700.0,0
CUST_009289,Kristy Meyer DVM,643-99-8881,jennifer86@example.org,PJLH31039079654880,16033.37,644.0,0
CUST_009290,Judy Carter,557-69-7969,patricia81@example.com,WZRA24061880271848,10791.35,726.0,0
CUST_009291,Tracey Hamilton,339-97-3638,richardhughes@example.com,AHVE04421964793224,40163.15,461.0,1
CUST_009292,Regina Perez,660475323,pgriffin@example.com,KAIW18084341115932,4431.0,394.0,0
CUST_009293,Patrick Krause,874-72-2606,rtorres@example.org,XRPE14552711813126,52495.46,768.0,0
CUST_009294,Wesley Lutz,303-15-0300,donna73@example.net,BBEF39197408788267,60756.07,605.0,0
CUST_009295,Alexis Cook,469-46-3495,dustin84@example.org,NIVZ30482730944918,25293.18,529.0,1
CUST_009296,Alex Diaz,558-44-4707,phamdonna@example.net,BGOT80577153830551,71021.01,403.0,0
CUST_009297,Jonathan Wise,300382673,joseph96@example.net,BHDF17153483133660,20128.66,719.0,0
CUST_009298,Deborah Johnson,412-05-8534,antonio81@example.net,OBIZ96521463910299,74054.1,843.0,1
CUST_009299,Douglas Fisher,502-67-6792,nelsonrichard@example.org,UFNC32859171923863,61696.57,378.0,0
CUST_009300,Jermaine Graham,138-43-5321,michaelaclark@example.net,EWSA45610281915169,64713.25,526.0,0
CUST_009301,Cassandra Lopez,149-49-3502,daviskatie@example.org,UBXE57353852148805,67283.71,405.0,0
CUST_009302,Crystal Fry,066380274,bruce67@example.com,YPJO51904503241393,39209.22,748.0,0
CUST_009303,David York,631-75-8104,msmith@example.net,EMXL22218736370342,63286.06,773.0,0
CUST_009304,Thomas Galloway,605-58-3493,bullockcandace@example.org,GMMO77395452805924,60320.93,302.0,0
CUST_009305,Lindsay Daniels,264-58-4166,alexandermichael@example.net,MTSR95317463336071,56700.47,467.0,0
CUST_009306,Phyllis White,110-64-3744,julieprice@example.org,OLMR92706785186056,63569.47,401.0,0
CUST_009307,Ashley Doyle,301-56-3104,melissasmith@example.org,CIAL03542177194183,72736.69,341.0,0
CUST_009308,Mr. Samuel Williams PhD,456-68-5667,yburton@example.net,ITSU30543437524767,40246.07,692.0,0
CUST_009309,Miguel Vega,795-11-3923,johnsonsylvia@example.net,RMHF07088809440899,33696.57,737.0,0
CUST_009310,Jason Adams,773-43-6220,leejames@example.net,EZQM15254443368615,35370.93,712.0,0
CUST_009311,Sara Martin,259-48-8174,victoriamiranda@example.com,YIFY09804450344406,18890.93,582.0,0
CUST_009312,Rachel Ward,880-93-7896,lynnortega@example.com,EFDW06973111819235,42814.96,400.0,0
CUST_009313,Virginia Velasquez,601-84-7016,dennis80@example.org,IWJS90521950316942,9394.75,780.0,0
CUST_009314,Daniel Lee,685-06-3705,brendahunter@example.com,LDGH04516631197646,43344.19,814.0,0
CUST_009315,Terrence Bryant,142-99-4807,jamespittman@example.net,SVUH57359047172451,12650.27,724.0,0
CUST_009316,James Schmidt,676063827,flowersjorge@example.org,ILEV33607345447321,41196.28,,0
CUST_009317,Kara Roberts,079-48-3814,gmiller@example.org,EYVQ04328829745752,72283.79,608.0,0
CUST_009318,Heidi Ward,405-34-2529,dmcgrath@example.net,RADC38177315510001,24094.25,784.0,0
CUST_009319,Yesenia Kennedy,303-36-5332,harperjennifer@example.com,INIB08176121490247,13329.3,713.0,0
CUST_009320,Christopher Martinez,611-56-2039,erik92@example.org,TIPQ96610414104346,40609.01,842.0,0
CUST_009321,Steve Pearson,034772963,rfisher@example.net,BOQV64220281306294,50352.87,834.0,0
CUST_009322,Heidi Boyd,176-19-9183,elizabethbrown@example.org,ZWQM91261477121145,29351.49,379.0,0
CUST_009323,Jennifer Scott,045-09-7419,elijahramos@example.com,NHTY77383498682253,33052.55,603.0,0
CUST_009324,Paige Harris,405247248,jamessamantha@example.org,NMZJ09169397003371,19270.74,356.0,0
CUST_009325,Thomas Dawson,569389911,louis41@example.org,RKDI59481394000756,60844.18,629.0,0
CUST_009326,Mark Howell,476-56-6599,sierrathomas@example.net,UQNN41024493012509,19724.83,697.0,0
CUST_009327,Anne Novak,436-93-9839,millerhenry@example.org,ZKCL45097091414205,53621.54,557.0,1
CUST_009328,Spencer Herrera,513369885,allisonjimmy@example.org,ENSM97631440849963,52475.27,719.0,0
CUST_009329,Stephen Garza,366-12-0931,gordon15@example.com,YMZD64020614146771,70799.67,329.0,1
CUST_009330,Joseph Davis,209-50-5370,allenbrandi@example.org,ZFMS73317633503061,28423.98,,0
CUST_009331,Hannah Ramsey,549044083,twhite@example.net,XEMP56912923846898,51514.34,740.0,0
CUST_009332,Kaitlin Mcmahon,778-42-6413,colesarah@example.org,XQAB12615887737215,25446.23,485.0,0
CUST_009333,Michelle Williams,022-23-9218,rachel11@example.net,YAQJ61672124982456,72870.06,711.0,0
CUST_009334,Kevin Bush,608-15-9392,sheena84@example.org,MPBI92628578538309,1250.71,669.0,0
CUST_009335,Steven Figueroa,893684758,oliverdennis@example.com,GYVS75277850772396,7496.3,493.0,0
CUST_009336,Stacy Fisher,520-34-8265,rlong@example.com,CXSS20201402745387,51937.82,399.0,0
CUST_009337,Elizabeth Smith,290-67-1854,daniel92@example.org,HRCK44941570339148,16132.05,,0
CUST_009338,Bradley Morales,562-31-6818,hernandezelizabeth@example.com,XISG00799134435968,65565.43,717.0,0
CUST_009339,Brandon Watts,720-30-0333,andrew51@example.com,ZSHQ47161598011281,72941.38,456.0,0
CUST_009340,Taylor Anderson,057-03-3464,tonygarcia@example.com,DMYQ44655730754411,6999.35,501.0,0
CUST_009341,Victoria Atkins,300889008,anthonymcdonald@example.com,CEZG89826578430832,38020.05,674.0,1
CUST_009342,Natasha Anderson,433270148,lmills@example.com,QWPJ07480467118313,49250.32,321.0,0
CUST_009343,Christopher Kent,052-43-9795,kgarcia@example.net,BUXQ40533362444465,42244.01,528.0,0
CUST_009344,Courtney Lyons,060-28-2737,allenrebecca@example.net,NHPB10774588359858,3942.44,398.0,0
CUST_009345,Beth Curry,229-70-4845,wesleymatthews@example.net,WCGH34948220570948,71703.41,355.0,0
CUST_009346,Melissa Kemp,162-49-4867,melaniebaxter@example.org,HXYK57777153032890,38363.42,326.0,0
CUST_009347,Mitchell Montes,653-30-3014,todd65@example.net,CFKZ58916088650825,63470.75,338.0,0
CUST_009348,Jermaine Harvey,708-09-0612,zcox@example.net,FLPU03276276215134,5226.92,819.0,0
CUST_009349,Tonya Byrd,688-12-6315,zjohnson@example.com,JKTJ25791487734553,72042.01,762.0,0
CUST_009350,Mrs. Samantha Kirk DDS,783816749,lisa35@example.net,RKAN93926762126220,54762.92,,0
CUST_009351,Ian Moreno,119-37-5828,fergusongabriella@example.org,ZEJD77694692934897,67809.79,562.0,0
CUST_009352,John Alexander,335-97-1234,martinezangela@example.net,PKHM49392680860218,57994.28,727.0,0
CUST_009353,Emily Mcgee,348-49-9662,shellyrodgers@example.net,STFO91842375301096,22210.47,308.0,0
CUST_009354,Jonathan Villanueva,141-30-6729,josephsmith@example.com,QJYQ31950166787585,69848.72,334.0,1
CUST_009355,Michael Hutchinson,657-75-3392,pcarpenter@example.net,OLAR80365651081298,27002.46,684.0,0
CUST_009356,Stephanie Bailey,495-97-8018,taylorbrian@example.com,BNCR72274526010064,41916.77,836.0,0
CUST_009357,Richard Boyer,693-39-3323,lkirk@example.com,RGGY95359878020901,4302.07,591.0,0
CUST_009358,Hannah Brown,532948328,davisanthony@example.org,CGCV19632833477073,36218.48,473.0,0
CUST_009359,Scott Mckinney,039-45-2636,kimberlyjones@example.com,KSED18137050548450,66135.76,371.0,0
CUST_009360,Michael Marks,122-47-1688,christopherwilliams@example.com,WAHX46715471135884,10797.49,769.0,0
CUST_009361,Larry Carter,741-86-6054,,UTKI04677847515181,52370.91,416.0,0
CUST_009362,Thomas Wallace,061-47-1344,walkererica@example.com,QCJB31170847903079,52937.43,340.0,0
CUST_009363,Zachary Garrett,605-05-2945,andrea15@example.org,JCVK46470633254464,64116.11,459.0,0
CUST_009364,April Lopez,447-57-5817,lwhitaker@example.net,APNO20041623083176,36524.6,637.0,0
CUST_009365,Virginia Alexander,630-81-5255,scott56@example.com,DFBA37494233015730,53739.48,305.0,1
CUST_009366,Jennifer Harris,083-34-3554,tsanchez@example.net,IONY43677514015520,62417.34,356.0,1
CUST_009367,Carla Orr,164-25-9418,doylejuan@example.net,FARW17737468248176,9427.71,816.0,0
CUST_009368,Jenny Jimenez,323789765,gmooney@example.com,QKTN88277393226477,15119.29,775.0,0
CUST_009369,David Harrison,821-78-4336,,HXQG49397018612283,48446.87,826.0,0
CUST_009370,Eric Lowe,212493070,rcarney@example.org,JCTE41076617270237,2133.35,442.0,0
CUST_009371,Jerry Banks,873-98-8754,moorebrittany@example.com,TINX06642957926895,42797.67,419.0,0
CUST_009372,Roberto Phillips,776-80-0287,mollyanderson@example.com,IOZF09932935745940,24860.62,692.0,0
CUST_009373,Ross White,315-65-0108,marthataylor@example.com,JPUO10075419586319,2490.3,458.0,0
CUST_009374,Heidi Mccullough,683-47-2824,rodriguezsamantha@example.org,MALN35558678739148,39876.93,751.0,0
CUST_009375,Barry King,552-86-5358,peterkennedy@example.org,MIBG27111093622222,68568.67,397.0,0
CUST_009376,Darius Mclaughlin,543588555,andrew35@example.org,JFNA66499984219307,45264.47,656.0,1
CUST_009377,Jonathan Ross,403-86-6278,anthony72@example.org,ITDW80633354007119,2188.61,639.0,0
CUST_009378,Joshua Sanchez,163078831,bsanders@example.com,SDSU26061905776486,28993.08,645.0,0
CUST_009379,Tracy Davis,569-07-0746,pmcbride@example.net,YZYP13362217721012,74802.36,433.0,0
CUST_009380,Matthew Weaver,319-90-4739,qparker@example.com,HQEV40761441365859,147.99,472.0,0
CUST_009381,Kyle Taylor,245-07-8549,oramos@example.com,UQQE84023404104316,18639.65,709.0,0
CUST_009382,Bonnie Mooney,870-96-3458,ronaldgolden@example.net,VHIZ40504207647407,60356.59,631.0,0
CUST_009383,Justin Cruz,191-79-1348,joshuanewman@example.net,BPJB04305446591479,64113.12,344.0,0
CUST_009384,Ana Davis,279-37-5790,kwest@example.org,LTSG47579841718177,35366.65,840.0,0
CUST_009385,James Ward,808313319,martin28@example.net,VQTM22749701640477,62367.69,611.0,0
CUST_009386,Stephanie Howard,188-02-2849,lauren54@example.com,KKHQ34536714195579,28806.5,335.0,0
CUST_009387,Pedro Warner,303635969,ssmith@example.net,EDFY91913705742219,48104.09,407.0,1
CUST_009388,Laura Carroll,766-42-8232,carolyn23@example.net,QFYD92997767998293,-432.76,808.0,0
CUST_009389,Mark Brown,201-14-2233,gtaylor@example.com,YAVL47682469661240,65860.95,637.0,0
CUST_009390,Rachel Riggs,188-08-9867,markmcgrath@example.org,EYFA86096323513542,71487.32,776.0,0
CUST_009391,Craig Henry,349-69-1276,toddmcintyre@example.net,VGGB91541684565572,26183.13,614.0,0
CUST_009392,Bobby Alexander,025-44-8452,johnsonwilliam@example.org,FAKG53121017422419,43889.4,406.0,0
CUST_009393,Paula Adams,863-40-6692,stewartwilliam@example.org,IHVS09266273931813,52557.65,832.0,0
CUST_009394,Mark Johnson,421-88-3985,hannah78@example.net,RPFW32828144038269,73885.73,317.0,0
CUST_009395,Kevin Jackson,716-23-2860,steven88@example.com,TQLE95917676823994,9853.52,431.0,0
CUST_009396,Edwin Waters,294-38-4855,jbradley@example.net,IGCK51224895657293,68986.58,608.0,0
CUST_009397,Julie Hunter,579-36-9403,perezkelsey@example.org,IPPD96230027534911,661.27,,0
CUST_009398,Philip Williams,696-41-1490,,AQRQ81081554541927,28859.91,846.0,0
CUST_009399,Theodore Wallace,859-62-4880,bellwillie@example.org,VYQK00919773606566,36087.55,801.0,0
CUST_009400,Kyle Lindsey,701079639,ejohnson@example.net,WAOO03485685916649,6697.75,,0
CUST_009401,Ronald Jordan,462-14-9308,anthonyjones@example.org,ZNRG48306520652746,36752.91,358.0,0
CUST_009402,Casey Williams,324-08-2416,,BNTY91838866505362,22025.82,590.0,0
CUST_009403,Matthew Chandler,159-72-4971,mshelton@example.com,MJHL08013586547776,25353.57,734.0,1
CUST_009404,Steven Johnson,526-89-1469,veronica77@example.com,UMWH16507143542956,49027.73,617.0,0
CUST_009405,Gabrielle Turner,860-52-2883,wilsondustin@example.org,UWKM11309288682163,5901.4,316.0,0
CUST_009406,Kevin Skinner,303-18-3725,sara29@example.com,DIUB27006720646282,39978.82,735.0,0
CUST_009407,David Page,727-02-6850,lauraarcher@example.net,PCEE89516330735418,45573.89,813.0,0
CUST_009408,Jay Patton,819-18-9295,bmendoza@example.org,MLMQ84009261566259,10877.84,589.0,0
CUST_009409,Jonathan Brewer MD,813602073,reginagonzales@example.com,FHND14985410478262,5947.11,301.0,0
CUST_009410,Stephen Welch,466414503,emily90@example.com,SFNT33025891910594,56591.3,689.0,0
CUST_009411,Denise Rivas,199067910,phall@example.org,QAIA14043749645376,46935.42,467.0,0
CUST_009412,Mrs. Angela Medina,309-24-8469,whitejennifer@example.net,MWNJ50138790219858,59839.61,772.0,0
CUST_009413,Lisa Daniels,652-60-9510,,YIYI31929230765576,28802.81,461.0,0
CUST_009414,Jacob Marshall,652-21-3844,haileybrown@example.net,CKAD63652223091115,17450.48,571.0,0
CUST_009415,Connie Hunter,198-15-1561,dbooth@example.com,UHZB29523434801371,46820.64,612.0,1
CUST_009416,Bryan Gonzalez,283-52-9382,frank29@example.com,KFNJ36207137273785,71161.24,555.0,0
CUST_009417,Megan Nguyen,639-85-6150,jonathan68@example.com,PEAX81460228621697,11933.47,469.0,0
CUST_009418,Rodney Fisher,470-94-5939,rhernandez@example.org,YNIE58955386051415,69455.12,373.0,0
CUST_009419,Mrs. Jessica Dickerson,055-34-8890,gthompson@example.org,RMQV55416472867281,26497.18,453.0,1
CUST_009420,John Holder,817434829,conradjames@example.org,MWQP63347719299684,53966.32,716.0,0
CUST_009421,Andrew Chapman,125-77-6092,edwardsjoshua@example.net,CZLT58409822863637,64128.62,739.0,0
CUST_009422,Carol Lee,868394963,zmartinez@example.net,RSCN29038455095311,56850.72,372.0,0
CUST_009423,Dennis Moore,251663147,qcooper@example.com,WCJG99812599872146,64785.77,473.0,0
CUST_009424,Travis Ramsey,247-02-7299,michael19@example.com,MCQF61879029918030,54814.45,359.0,0
CUST_009425,Bradley Jordan,427-23-9186,lynchjacob@example.net,RWIQ66065701288539,30945.28,684.0,0
CUST_009426,Katherine Esparza,105-45-3082,,OILY61309489063538,21915.59,327.0,0
CUST_009427,Andrea Maldonado,153-03-1127,,ESFI04063592643670,29201.77,696.0,1
CUST_009428,Michael Santana,185-24-7685,lauren20@example.com,YPKC36186217176269,15951.56,523.0,0
CUST_009429,Michelle Holloway,253-96-2658,lwaters@example.net,EQHL23230898704429,35569.41,688.0,0
CUST_009430,Michael Mcneil,696028260,amanda34@example.org,VHPU54518249863933,35854.17,489.0,0
CUST_009431,Thomas Gonzalez MD,694-48-2908,todd59@example.org,QPYG15571554214372,38001.43,373.0,0
CUST_009432,Jennifer Anderson,224-50-0672,mary92@example.org,LCFG29767286219855,68909.35,408.0,0
CUST_009433,Kristopher Mitchell,107-75-9619,hansenkristi@example.com,GVWC88936383640827,11539.45,772.0,0
CUST_009434,Michael Hill,470-57-2959,jcannon@example.com,GSVG11745472028578,62249.98,817.0,0
CUST_009435,Richard Fisher,755-55-7298,cody21@example.com,DAVK34539755284355,41132.78,481.0,0
CUST_009436,Steven Garrison,406380519,johnmendoza@example.com,KXQV52175123739097,21719.49,337.0,0
CUST_009437,Sheryl Flowers,134-12-4706,ylester@example.org,CAOP89052427327517,59233.97,702.0,0
CUST_009438,Jose Andrade,484-14-8654,michael87@example.org,ZYVS21010212959981,11558.57,771.0,0
CUST_009439,Ronald Martinez,195351804,brandongregory@example.org,MSAZ94657956297103,14164.45,848.0,0
CUST_009440,Nathan Castro,569-65-1072,kelleytina@example.org,ARMX08534375460102,24889.63,,0
CUST_009441,Chelsea Baker,372-64-2212,kburke@example.net,KXSX24786086489725,31291.89,606.0,0
CUST_009442,Melissa Salas,731-47-6110,laurenalexander@example.net,MMNN03063990693929,27837.24,441.0,1
CUST_009443,Anthony Mendoza Jr.,493-69-7586,samantha02@example.org,CKYT81984036574379,28211.96,803.0,1
CUST_009444,Katelyn Cunningham,459399788,marywright@example.net,ZGWT68852922042652,4947.88,783.0,0
CUST_009445,Jeremiah Moore,768801026,laguilar@example.com,PCUF02088687895239,14725.71,601.0,0
CUST_009446,Dr. John Taylor,736-55-9500,brownjennifer@example.net,ADMM69206336199263,73627.64,618.0,0
CUST_009447,Kelly Johnston,284-63-6883,michael35@example.net,TZNV40776984886515,41124.56,672.0,0
CUST_009448,Vincent Hunter,653-79-6829,dean00@example.net,XDNQ74356311033787,3816.52,623.0,0
CUST_009449,William Fox,667-42-4225,michaelcooper@example.org,TIUU36137853552278,48018.63,717.0,0
CUST_009450,Mitchell Ross,156706981,lisa29@example.net,NTTI08238139836495,11307.16,567.0,0
CUST_009451,Eric Martinez,251-83-3391,sarah58@example.com,UHJO18888036386161,74581.81,823.0,0
CUST_009452,Cory Aguilar,588-62-8656,michaeltaylor@example.net,NOCL45078471087331,12226.29,409.0,0
CUST_009453,Roger Yang,413-54-6846,vangwilliam@example.org,TUYT20843666147634,2771.74,486.0,0
CUST_009454,Loretta Russell,538-40-5849,marysmith@example.com,TAKH04621802569230,29236.13,658.0,1
CUST_009455,Brandon Miller,822-96-4784,jeannemitchell@example.net,GHUG02550540844914,61909.95,793.0,0
CUST_009456,Jonathon Williams,351676615,duncanbethany@example.com,BEMC85037435432668,74332.65,492.0,1
CUST_009457,Leon Sullivan,494-22-1543,nmcgee@example.com,TLXC68044061698226,17718.24,525.0,0
CUST_009458,Joshua Frey,392-42-9789,paul56@example.net,VIAN86484791003111,22573.25,501.0,0
CUST_009459,Craig Silva,019-08-0251,richmondpaul@example.org,QJFK32486122051113,48043.99,740.0,1
CUST_009460,Jim Humphrey,122-70-5764,rowlandrebecca@example.com,ONRJ57405702256477,25258.28,705.0,0
CUST_009461,Clifford Baker,327498914,xjennings@example.com,WXXD77150029981603,69976.68,708.0,0
CUST_009462,Jamie Ortega,334-12-6864,christopher36@example.com,XCHN94725000289854,73496.86,614.0,0
CUST_009463,Ryan Cannon,020-06-6165,vanessa98@example.com,QRPF46704548114044,31022.32,377.0,0
CUST_009464,Natasha Davis,182-98-1475,erinmorris@example.net,ILCV70448444554920,63918.95,,0
CUST_009465,Michael Blankenship,265-08-8752,beltranlacey@example.com,FGVH23538170765515,40362.23,329.0,0
CUST_009466,Michele Mcdonald,773-82-6196,roberto32@example.net,PRUG96183344919682,70834.97,808.0,0
CUST_009467,Allison Moore,038089147,transtephen@example.org,ILSQ73291558491789,46683.57,612.0,0
CUST_009468,Rhonda Washington,885-21-1592,kristinferguson@example.org,IFWL47773349880661,35379.07,680.0,0
CUST_009469,Sandra Pace,739-78-4309,gina35@example.net,QACG07595370849756,39937.73,500.0,0
CUST_009470,Whitney Crosby,533-85-7546,adam60@example.com,GKMC44798971017295,16588.63,323.0,0
CUST_009471,Kenneth Bell,375-91-0349,kathy79@example.net,PFNS97814931014230,27726.54,662.0,1
CUST_009472,Regina Blake,145-61-4982,nthompson@example.com,BSQQ43661908632815,59512.08,501.0,0
CUST_009473,Joseph Anderson,266-56-4720,marybautista@example.org,VAHX38169395988203,43147.7,780.0,0
CUST_009474,Alexis Bailey,576759613,jacksonvincent@example.org,ZSLA18539014857032,13702.21,321.0,0
CUST_009475,Laura Stone,192-01-9509,yodonnell@example.com,YFVH71626915361971,35819.8,712.0,0
CUST_009476,Matthew Rodriguez,748-34-2758,gvillegas@example.com,ZRDR52660665815937,46271.57,811.0,0
CUST_009477,Tanner Ramirez,644-34-4628,mannelizabeth@example.com,XHOC25514495058101,34518.91,692.0,0
CUST_009478,Monica Kline,851-22-8001,sklein@example.com,OYVI23804898091669,7757.27,382.0,0
CUST_009479,James Morse,545-30-0103,taylorgrant@example.com,BCDS81158997303650,43361.45,410.0,1
CUST_009480,Brandi Flores,895-82-1451,stacynelson@example.com,AOZJ51588672056405,47120.43,652.0,0
CUST_009481,Jeffrey Wang MD,799903462,jefferyharper@example.com,PCTG08080820731141,61542.19,589.0,0
CUST_009482,Bruce Hernandez,492-67-2483,amy13@example.net,VNDH95982975553566,43918.62,692.0,0
CUST_009483,Michele Krause,162-70-6734,tiffanydean@example.net,JIHG60955141128556,72085.59,791.0,0
CUST_009484,Tamara Ramsey,355-16-6473,lesliejohnson@example.net,AHAA81117611819336,62483.58,544.0,0
CUST_009485,Jose Gibbs,612-75-9013,georgeobrien@example.com,IHKI93885208858166,73121.64,504.0,0
CUST_009486,Martin Larsen,025773250,wiserobin@example.org,YMCB45796885788930,31241.21,812.0,1
CUST_009487,Earl Walker,206-86-2017,kbyrd@example.com,ZNDZ14150091973923,35190.8,759.0,0
CUST_009488,Dr. Patricia Cooper MD,807758537,fweeks@example.org,YJBL03874820840253,43658.07,608.0,0
CUST_009489,Kyle Meyers,378-73-1779,lwilliams@example.com,BPFZ50963457110733,46208.32,516.0,1
CUST_009490,Victoria Harris,783-27-1827,anthonysmith@example.org,BYFM04230856110912,26436.08,380.0,0
CUST_009491,Lisa Terrell,379-20-9237,mstrickland@example.net,DXUW46514260362602,7617.14,343.0,0
CUST_009492,Joseph Nichols,627-35-2561,ryan97@example.com,VSQE84308842477721,12022.12,639.0,1
CUST_009493,Mark Burns,659-45-5672,kingwilliam@example.org,CJCK88516377157728,51967.02,821.0,1
CUST_009494,Damon Ramsey,332-36-9602,marksmeghan@example.org,CRRC30613089034156,10827.75,,0
CUST_009495,Stacy Nunez,786-10-5487,michellepotts@example.com,CXNZ97540319816766,59475.95,789.0,0
CUST_009496,Theodore Griffith,891-95-6825,lynn14@example.net,WQIK50593028323104,47709.44,384.0,0
CUST_009497,Brian Mcintosh,547-31-0160,guerreroelizabeth@example.org,RMUW34009458925629,10366.27,687.0,1
CUST_009498,Douglas Gillespie,690-68-6894,markmitchell@example.com,YZKN31397579797983,4609.58,811.0,0
CUST_009499,Natalie Carlson,832-71-7293,whenry@example.org,IRAJ31025038717989,35181.55,328.0,1
CUST_009500,Eric Webb,431987356,suzanne64@example.com,BFCH97580791096686,59856.43,697.0,0
CUST_009501,Alex Martin,288-20-6023,mcclurelisa@example.org,OLDN22584989332811,17258.5,571.0,0
CUST_009502,Amber Fleming,736-83-7093,davidjohnson@example.com,TUNU46918556269655,60394.51,302.0,0
CUST_009503,Katherine White,445497716,aphillips@example.com,PTAH66520750214062,30842.29,404.0,0
CUST_009504,Susan Aguilar,495-22-1235,colewilliam@example.net,RCKR86609895068646,56991.69,456.0,1
CUST_009505,Raymond Horton,025-69-4962,nelsonmichael@example.com,OZNF36012877396965,4253.56,,0
CUST_009506,Heather Ellis,043-45-4344,floresamanda@example.net,GQJZ04120007496044,1349.29,690.0,0
CUST_009507,Hailey May,282-50-7591,andersonvictoria@example.com,LTOT76160163426272,66917.48,842.0,0
CUST_009508,Nathan Elliott,412-09-8366,sharpsharon@example.net,BOUX53770713765481,73812.74,,0
CUST_009509,James Lewis,363107525,vwilliams@example.net,NGZZ61932870418036,42264.47,609.0,1
CUST_009510,Alexandra Giles,685-91-9121,anthonykimberly@example.net,OWJC51815941173521,72813.54,677.0,0
CUST_009511,Theresa Hill,719-01-7269,jonespamela@example.com,ALPE27068647048660,29581.5,389.0,0
CUST_009512,Jessica Pittman,726-19-7899,bakerkevin@example.org,OBQN14275139509116,46351.73,310.0,0
CUST_009513,Brooke Carr PhD,078-91-6840,jeff02@example.com,XDUM65039352959260,28535.35,340.0,0
CUST_009514,Lisa Townsend,162-58-9878,cmoore@example.net,UCRC59734914069398,60281.22,304.0,1
CUST_009515,Andrea Nelson,768-62-1788,timothy75@example.net,VSDG96950475190226,2058.91,639.0,0
CUST_009516,David Henry,634765758,wardheather@example.com,XSAD76078327186645,39904.37,363.0,0
CUST_009517,Debbie Crawford,155-87-9108,pwashington@example.org,UZQQ60983700561696,49737.98,781.0,0
CUST_009518,Jill Williamson,354-37-8701,,OWBQ73889026827181,240.75,432.0,0
CUST_009519,Colleen Larson,460-48-4290,mirandaanderson@example.com,BVVN15523900359282,4136.96,658.0,0
CUST_009520,John Moore,618-95-9706,brent89@example.org,HXCD51186689778323,65733.07,659.0,0
CUST_009521,Haley Dixon,485-71-6723,drichardson@example.com,TLKC01971935388748,11324.15,698.0,1
CUST_009522,Matthew Kane,877-71-4071,mmurphy@example.com,GBMD74887661145187,38480.76,427.0,0
CUST_009523,Ashley Foster,863-98-8995,patriciasmith@example.com,RCNN88833740933819,43364.23,491.0,0
CUST_009524,Kiara Simpson,372-07-7208,walter92@example.org,GJZK86029523823249,18737.53,569.0,0
CUST_009525,Randall Peters,446160739,xmorris@example.com,PSFB75542401410273,5972.49,653.0,0
CUST_009526,Marissa Reyes,607609556,yblake@example.com,IHCN36475930502733,44115.8,694.0,0
CUST_009527,Donald Collins,203150057,matthew24@example.com,SWXC86918040450105,13703.17,472.0,0
CUST_009528,Stacie Cook,183-29-5263,melissafields@example.net,EAPY45130838867621,16062.93,376.0,0
CUST_009529,Christopher Walker,545655943,egomez@example.net,VEFG07171528728993,55066.5,652.0,0
CUST_009530,Patty Jones,883769826,,NSYX18158920649629,30750.28,762.0,1
CUST_009531,Tiffany Rodriguez,780-41-2874,ojohnson@example.com,YHWM71356129294973,25180.37,830.0,0
CUST_009532,Catherine Anderson,397098076,daniel40@example.org,GSHR97348012719088,11200.92,360.0,1
CUST_009533,Deborah Hendricks,600-37-7947,richard56@example.com,KNEI28483717556498,16357.25,672.0,0
CUST_009534,Michelle Cox,085-09-1714,schneidermelanie@example.net,GJWM14476289773249,36683.43,491.0,0
CUST_009535,Mr. Brian Villegas,540-65-2615,cmiller@example.com,UBSS33931513239913,44902.25,568.0,0
CUST_009536,Stephen Cook,365-96-3753,carolhoffman@example.net,OVNC63780274143596,56601.92,373.0,1
CUST_009537,Jose Jackson,840362942,thomasmolly@example.net,FBDF87443417722521,68520.09,533.0,0
CUST_009538,Yesenia Gentry,031710019,annacarson@example.net,EKOW48660442995325,36432.01,695.0,1
CUST_009539,Kelli Whitney,656229409,jeffrey28@example.com,JSJS07000412145996,10443.69,599.0,0
CUST_009540,Michelle Moran,240-88-7148,corey65@example.org,GUYD35804301907107,39854.82,,0
CUST_009541,Victoria Bailey,107-20-8912,davidchristensen@example.com,BNIX76571728388771,68943.93,388.0,0
CUST_009542,Mr. Thomas Davis,568-17-6109,sergioolson@example.net,DUEN46001268660842,39961.53,561.0,0
CUST_009543,Kara Hart,173641968,monica80@example.org,GDTX23744052159625,6324.42,370.0,0
CUST_009544,Jeremiah Good,672-10-8110,jeffery43@example.net,OAQM89330537009247,61564.19,381.0,0
CUST_009545,Joshua Wade,343-34-0259,donna09@example.org,RIBB34620737477930,61141.09,841.0,0
CUST_009546,Alyssa Henry,201-99-5055,sbutler@example.net,WLPA37007762452048,55988.44,609.0,0
CUST_009547,Robert Gutierrez,122-17-2622,andersoneric@example.net,ZVYN78253087748819,67189.07,307.0,0
CUST_009548,Cameron Pruitt,696646408,changashley@example.com,TSCO76084023104991,46054.91,588.0,0
CUST_009549,Elizabeth Cantu,695-30-6001,parrishcrystal@example.org,TJBV80728952353706,66255.7,842.0,0
CUST_009550,Robert Clark,616-95-2255,gjackson@example.com,DDFK13207002106259,43816.83,367.0,0
CUST_009551,Robert Fernandez,126-35-8577,parrishashley@example.org,OTJW27537042037398,16546.73,771.0,0
CUST_009552,Patricia Livingston,380178228,iscott@example.org,YHFD97782689513596,60552.96,424.0,0
CUST_009553,Brenda Whitehead,740-29-5693,mark76@example.com,ZNVU88312568001129,16330.15,566.0,0
CUST_009554,Anthony Brown,060652339,,BOVQ68678504939571,71519.75,639.0,1
CUST_009555,David Pineda,371-18-4187,,WQWO78140050380846,61081.54,754.0,0
CUST_009556,Elizabeth Davis,391-90-5777,apetty@example.org,DOMK89248363757441,39925.02,549.0,0
CUST_009557,Becky Lewis,155-16-3042,jeffreymunoz@example.net,LAFC34116252294255,56041.51,743.0,0
CUST_009558,April Garcia,022-23-7722,thomaschristopher@example.com,QSBN41465493724702,33366.75,437.0,0
CUST_009559,Patrick Allen,097-06-9415,bradleychen@example.org,RNOA71251975252092,37131.06,541.0,1
CUST_009560,Alexis Gonzales,542-19-5077,albert07@example.com,EPLZ20216762163295,59439.33,849.0,0
CUST_009561,Robert Harvey,402-14-2381,ericadams@example.org,PVTZ52384620339671,60483.76,414.0,0
CUST_009562,Emily Walker,014-58-7049,armstrongkayla@example.com,SWFU82291900992322,10912.09,832.0,0
CUST_009563,Matthew Collins,120-29-5595,sarahwilliams@example.com,LKUB93794168484359,31316.17,506.0,0
CUST_009564,Troy Medina,124863748,phillip35@example.org,ZFMK11142201789316,66233.53,653.0,0
CUST_009565,Belinda Patterson,896497672,aatkinson@example.org,ZZAF81164318592208,45899.61,805.0,0
CUST_009566,Michael Duran,508839418,ortizdavid@example.net,DMRF10968939366351,51671.83,595.0,0
CUST_009567,Scott Pena,691280906,tracey29@example.com,AHRY44254146161032,51950.87,735.0,0
CUST_009568,Tracy Torres,483-94-2380,sortiz@example.org,JHMS41813256349123,48818.38,830.0,1
CUST_009569,Cody Joseph,411-51-8326,allenamber@example.org,VRTZ56866428052168,11686.56,718.0,0
CUST_009570,Emily Berry,209-84-0950,johnglass@example.com,CMUZ62550161680049,28395.66,603.0,0
CUST_009571,Sally Cruz,129-59-4001,rnelson@example.org,MQBD29734569900688,57664.51,790.0,0
CUST_009572,Rhonda Lane,227-93-7787,kayla33@example.com,AFWY99148897068608,11722.4,579.0,1
CUST_009573,Richard Brown,023221263,beverlygray@example.com,LDRG17791425714104,61810.84,669.0,1
CUST_009574,Kevin Gonzalez,426412224,chelseaewing@example.net,QALI17471500836451,4723.15,718.0,0
CUST_009575,Scott Barber,337-90-6307,kevingonzalez@example.com,UQET46940410839848,13346.53,725.0,0
CUST_009576,Matthew Adams,446-25-7832,qgonzalez@example.com,VDWQ03504195450021,41148.08,499.0,0
CUST_009577,Robert Hill,490-08-2547,brookepayne@example.net,JAZM44578803252129,11419.54,354.0,0
CUST_009578,Joshua Munoz,610-39-4296,judy06@example.net,GFWA06441674341000,37403.97,579.0,0
CUST_009579,Brian Calhoun,487-47-2468,samuel67@example.com,DLCZ48863141746425,31622.96,726.0,0
CUST_009580,Jonathan Mccann,899-21-5298,,JJAY27701341813295,64344.12,466.0,0
CUST_009581,Travis Freeman,521-07-1174,brookemerritt@example.net,OBCR53921085742663,32160.75,711.0,0
CUST_009582,Carlos Jenkins,834432094,bankscarla@example.com,WROH59806809066935,-466.54,702.0,0
CUST_009583,Elizabeth Marshall,167-05-1673,meganarcher@example.org,TAEA59695329906150,15866.31,,0
CUST_009584,Amy Coleman,693622784,qrowland@example.org,MWAE59830084605223,41275.42,375.0,0
CUST_009585,Christina Bradley,341265799,david28@example.org,HLPF80149164233609,48635.6,493.0,0
CUST_009586,Gregory Rodriguez,408606053,kmartin@example.net,ZHWS54463252993694,26217.05,738.0,0
CUST_009587,Kim White,101-63-1218,erin58@example.org,TEBT32826797801053,14822.29,739.0,0
CUST_009588,Ronald Frost,667-63-5476,garciarichard@example.org,ZULH95001818276264,31936.57,410.0,1
CUST_009589,Eric Cooper,521-03-0549,aaronfreeman@example.org,TLFE23591528325385,63429.56,741.0,0
CUST_009590,Chris Bowers,309-53-6917,timothyburton@example.com,LSCU36278750087738,70904.67,332.0,0
CUST_009591,Cole Mejia,877237289,milestim@example.com,YLUB23607835502955,22936.55,603.0,0
CUST_009592,Kristina Rice,622-69-3345,grice@example.net,SRXN04862845998034,60464.56,824.0,0
CUST_009593,Anthony Stone,395-88-3703,gouldmark@example.org,UMCL33389309248368,28780.35,486.0,0
CUST_009594,Clinton Trujillo,266463666,andersonlaura@example.net,FEZF49251517036106,68305.42,535.0,0
CUST_009595,Michael Moore,293-76-4749,mejiajennifer@example.com,NWOE62666797074165,60912.04,488.0,0
CUST_009596,George Gardner,637494935,ashleywilson@example.org,HPUZ68504046156847,37085.36,437.0,1
CUST_009597,Maria Reed,317125614,samueldavis@example.net,ANYU71028879687791,39860.37,371.0,0
CUST_009598,Nancy Munoz,793-32-7482,nancybarnes@example.net,MQUG92601776005600,33729.84,318.0,0
CUST_009599,Jessica Wagner,464-32-8426,erodriguez@example.net,RSDB25545864592628,64978.08,729.0,0
CUST_009600,Zachary Walters,441-30-6556,jbaldwin@example.net,GCDX55925714653708,67641.92,336.0,0
CUST_009601,Jason Ramirez,732-89-9482,tyler97@example.org,EVNJ02785336374340,33500.03,827.0,0
CUST_009602,Austin Hale,241-72-7334,danieljackson@example.org,EDUT11608495525633,28605.05,580.0,0
CUST_009603,Phillip Thomas,877-36-2683,kim62@example.net,NBYN36343136232945,15038.62,,0
CUST_009604,Samuel Riggs,788576119,awatson@example.net,GSTI39591377266130,20.66,767.0,0
CUST_009605,Jason Gardner DDS,144-13-6685,dawn61@example.org,BPPN05606381225761,20974.09,480.0,0
CUST_009606,Robert Hayes,520219031,perezjennifer@example.com,PTHS64904550029938,68116.74,838.0,0
CUST_009607,Jennifer Kramer,277-17-3001,jessicasherman@example.net,GMRC34194737972626,-205.82,391.0,0
CUST_009608,Angela Lowe,273-30-1090,zwolfe@example.com,ZIGE24777593356558,37452.7,848.0,0
CUST_009609,Lisa Rodriguez,367-77-0774,jessica94@example.com,RBFW72850252272661,30915.81,727.0,0
CUST_009610,Nicole Clark,680-63-2949,josephevans@example.com,JWDD45714422911251,57422.68,541.0,0
CUST_009611,Luis Pearson,233-50-2943,jerryyang@example.org,FPIA30739127483631,27237.04,561.0,0
CUST_009612,George Abbott,075-69-7249,stephanieturner@example.net,CAZB95741137573800,19336.98,469.0,0
CUST_009613,Heather Huber,300-50-6532,littleroy@example.org,FJSX62509444552876,57103.08,714.0,0
CUST_009614,Nicole Leon,726227329,shernandez@example.net,QZQJ41779216787750,67600.58,301.0,0
CUST_009615,Aaron Martin,475721619,chase81@example.org,BWTN44922378365158,7644.14,531.0,0
CUST_009616,Andrea Dickerson,010-13-0585,uwarner@example.com,BZDD43669619917041,58860.37,679.0,0
CUST_009617,John Leach,506-31-8638,,MVCX46188864564262,37974.1,711.0,0
CUST_009618,Ronnie Andersen,345-25-1978,colleengomez@example.com,JZEE97610832258443,19948.46,578.0,0
CUST_009619,Steven Davis PhD,589-64-2503,haleybraun@example.org,ERVD21421007053310,42237.92,778.0,1
CUST_009620,Stacey Fischer,756-26-1765,,UBPF03588758950102,4520.52,551.0,0
CUST_009621,Daniel Perry,802560104,,UIXY86419605132726,9579.52,326.0,1
CUST_009622,Christian Russell,139-66-6887,xcooley@example.net,RSRL14924322124510,31999.2,576.0,0
CUST_009623,Corey Garcia,172188343,dguerrero@example.net,GRTI28179793539282,58164.86,343.0,0
CUST_009624,Joel Scott,087-57-4430,bryanttroy@example.com,KARH41562280097917,69275.12,604.0,1
CUST_009625,Laura Andrade,771-44-6926,christine05@example.net,EOSU01573534872006,26638.89,766.0,0
CUST_009626,Ashley Reilly,603-98-4693,,FCWJ52505705922574,17578.44,756.0,0
CUST_009627,Chad Nicholson,078-63-1578,cherrygina@example.net,UFDJ30954029110976,36723.24,517.0,0
CUST_009628,William Campbell,621-32-2757,joeperez@example.net,YSDH03264643454434,37051.73,668.0,0
CUST_009629,Jennifer Santos,208-15-2740,samuel80@example.org,OZTP92306232498175,11810.88,846.0,0
CUST_009630,Barbara Young,764-37-3975,chris80@example.net,ZYAM16058641859272,46187.18,648.0,0
CUST_009631,Mary White,510-81-9045,johnsonbeth@example.net,NCUY10197752685633,69682.84,595.0,0
CUST_009632,Carl Reilly,011-77-2176,vmeyer@example.net,ZUJA20422265808669,73846.11,824.0,0
CUST_009633,Denise Frazier,479-96-4043,rturner@example.com,MPDY39324646338025,19367.35,421.0,1
CUST_009634,Cody Welch,284-05-3188,ipeters@example.net,SGIY61203650738574,60522.83,351.0,0
CUST_009635,Julie Morgan,895-77-6075,,YGYO31214365432128,37014.81,797.0,0
CUST_009636,Paul Pierce,844-59-7500,stephencole@example.org,RTWY26506222351053,763.13,301.0,0
CUST_009637,Amanda Rivera,523585486,marissamoore@example.net,CXBN75594064281013,20002.03,306.0,0
CUST_009638,Christine Jenkins,547-34-8553,henrysteven@example.com,WFZT68152044818705,68522.3,698.0,0
CUST_009639,Robert Williams,244-37-4044,carlajohnson@example.org,LKEU98071138348067,35295.46,814.0,1
CUST_009640,Sara Jackson,213-64-3571,ywilliams@example.net,BHBF87863851458017,40902.68,620.0,0
CUST_009641,Tina Morrison,770-85-1412,gonzalezsteven@example.com,WKHA17700151087459,74926.92,486.0,0
CUST_009642,Mitchell Anderson,436-90-7990,josemiller@example.net,XQHK99283803741824,8898.19,582.0,0
CUST_009643,Ronald Hodges,551-90-9014,wfranklin@example.org,FQCB27608463240364,14691.72,550.0,0
CUST_009644,David Brown MD,519-32-0297,courtneymorales@example.com,GHWF58020899677903,8803.33,575.0,0
CUST_009645,Tracie Jones,509-10-7621,cynthiaherman@example.net,EYDY01702855832886,62454.05,594.0,0
CUST_009646,Michelle Gibbs,375-97-9215,katherinejones@example.org,XQKN16799738266764,43260.63,321.0,0
CUST_009647,Lisa Stark,630-85-2545,nkoch@example.com,EUYJ61181187685900,22897.39,427.0,0
CUST_009648,Jennifer Moss,334-89-6512,brobinson@example.org,WZKV70904794619490,33446.68,494.0,0
CUST_009649,Jerry Ortega,631-09-5740,jhernandez@example.org,TGSP86770690954250,21830.98,726.0,1
CUST_009650,Timothy Chan,079693991,olsenevelyn@example.net,WUOH17960344567621,46831.13,516.0,0
CUST_009651,Tracy Johns,197-52-9426,rebekah47@example.com,HDDC68912375189762,8889.16,341.0,0
CUST_009652,Brooke Lane,224-14-9600,xballard@example.com,QHBZ42959617531420,72493.76,326.0,1
CUST_009653,Julie Gilbert,010-79-8582,castilloemily@example.com,UIYZ47409276252094,41706.76,828.0,0
CUST_009654,Amber Cameron,819-80-0081,alexisanderson@example.org,DZNN74171322315943,33692.82,311.0,0
CUST_009655,Gregory Wright,526-84-1912,pallen@example.net,AHLO71750066244668,49390.71,605.0,1
CUST_009656,Robin Garrett,687-62-7899,kyle67@example.org,YYSQ73334010512713,1952.15,518.0,0
CUST_009657,Christine Christian,412-25-2748,rporter@example.org,WABJ40799913927116,59031.0,345.0,0
CUST_009658,Mr. Joshua Nelson,170-92-8831,sheamark@example.net,LLOW22340140822815,74680.96,535.0,0
CUST_009659,Ryan Hall,093-89-6854,gsalinas@example.com,VRSK77477124331142,35623.26,551.0,0
CUST_009660,David Matthews,130-51-6067,longamy@example.org,FVLV26796797094194,64230.81,,1
CUST_009661,Anne Harris,065-96-4335,mossnatalie@example.org,MXIG28041201351570,24887.06,537.0,0
CUST_009662,John Williams,749503776,cynthiaryan@example.net,BHHF56192369145039,64832.42,336.0,0
CUST_009663,Thomas Fleming,734-61-2995,mrussell@example.net,VINE18412922927654,68419.69,438.0,0
CUST_009664,Patricia Mcmahon,494-02-7359,joshuarodriguez@example.com,HMZK25876283350561,63309.34,802.0,0
CUST_009665,Kenneth Smith,098-83-2359,dayers@example.net,FGJT08697151250339,3223.62,397.0,0
CUST_009666,Diana Sanchez,835-96-3574,rachel69@example.net,FRBI14428784904407,63547.71,685.0,1
CUST_009667,Larry Love,451814745,kdrake@example.net,EIEU80658917526013,9960.54,613.0,0
CUST_009668,Jill Rowe,716-48-7541,hawkinsjohnny@example.com,APTP55011155603460,18917.34,391.0,0
CUST_009669,Desiree Huffman DVM,454-33-7261,wardchelsea@example.org,HPFH28749543903046,48139.72,702.0,1
CUST_009670,Nicole Wong,243-66-5537,kellydominique@example.com,TEPZ98990816686664,43971.54,564.0,0
CUST_009671,Karen Bird,431-11-3733,smithmark@example.net,CQTG94843181779253,19576.39,680.0,0
CUST_009672,Jackie Young,765-38-9783,wjohnson@example.com,OZKN46008166685554,56436.0,371.0,0
CUST_009673,Paul Neal,465-19-7659,dwaynedavis@example.com,EQML23746558269176,30461.55,694.0,0
CUST_009674,John Sanders,458-04-7512,,UEHP00228513869198,63534.4,375.0,0
CUST_009675,Lisa Kline,789-46-2031,,GVUT56674428138040,69277.98,472.0,0
CUST_009676,Patrick Blanchard,427-85-1191,steven88@example.net,WDWP37482460164570,33417.87,684.0,0
CUST_009677,John Perkins,402-36-8451,brenda06@example.com,AXPT47592177868205,27679.45,679.0,1
CUST_009678,Jordan Alvarado,040-09-7311,erin72@example.net,SVHP85271864004789,6834.18,815.0,0
CUST_009679,Kelly Vega,641692880,michael46@example.com,MJIE51033323061242,12743.85,797.0,0
CUST_009680,Deborah Wilkinson,539-01-9491,yorkjohn@example.com,KGVW33503836335815,53089.89,562.0,0
CUST_009681,Wendy Bennett,283-74-3734,harperjade@example.net,OEZZ03849164419678,41555.39,388.0,0
CUST_009682,Dana Smith,886-52-6999,camposamy@example.org,FJTB34453460019054,39134.07,601.0,0
CUST_009683,Christian Bradley,867-72-7625,hamptonsheri@example.net,PUWJ16017667347764,42283.9,377.0,0
CUST_009684,Tracey Small,277-33-7315,vperez@example.net,UEPY39772897468400,60786.6,762.0,0
CUST_009685,Steven West,183815115,callahanmarcus@example.org,GTGP20565278002643,59104.56,303.0,0
CUST_009686,Sarah Thomas,372544250,benjaminwilliams@example.org,RXNS51701842279969,2970.28,833.0,0
CUST_009687,Anna Bass,475-75-1963,jimenezkristopher@example.com,KNNJ50232319087271,20182.69,474.0,1
CUST_009688,Anthony King,281-07-6821,stucker@example.com,MUHX41355796552924,21558.71,756.0,0
CUST_009689,Cynthia Cantrell,424-22-9044,ktucker@example.com,EVRD07206493878805,61882.86,514.0,0
CUST_009690,Kelly Luna,622154044,roger61@example.org,EPLI05284591477608,32231.64,646.0,0
CUST_009691,John Clark,450-33-8793,jacob73@example.net,MVAQ14323026114545,58219.88,430.0,0
CUST_009692,Jennifer Johnston,523-38-5890,butlersusan@example.com,OEEN45635335081976,6542.78,663.0,1
CUST_009693,Dylan Cooke,658-54-4897,,YSXG74788024812988,73081.75,839.0,0
CUST_009694,Pamela Morris,832-04-0758,johnsonmatthew@example.net,OJKW26529064903261,17030.87,542.0,1
CUST_009695,Brandon Gibbs,808-14-0332,jessicareed@example.net,HRKY35696304676889,53128.63,476.0,0
CUST_009696,Sara Jackson,055234591,tina39@example.com,WGGO44203191915636,33443.9,514.0,0
CUST_009697,Savannah Mason,245-79-6884,jennifer07@example.net,LZII26714459342187,62403.06,388.0,1
CUST_009698,Johnny Sutton,248-49-4996,cole27@example.com,DWQT69980346841679,3565.84,792.0,0
CUST_009699,Morgan Peterson,773-39-2529,gclark@example.org,WOCJ40186950591333,71122.67,749.0,0
CUST_009700,Dennis Allen,664-57-8118,johnlang@example.net,QEXF51295490455576,74374.05,683.0,0
CUST_009701,Ryan Wilson,440-44-5553,richard90@example.com,TIDY82502408952257,17001.12,498.0,0
CUST_009702,Jessica Jones,127-03-5766,bryanrenee@example.com,ZUUZ72746744334820,37836.87,701.0,0
CUST_009703,Danielle Green,027-01-2591,simmonsrobert@example.org,HSXH22532710057525,42039.14,730.0,0
CUST_009704,Caitlin Estrada,793-46-2725,jessicabradford@example.net,HGEP73065619812500,47517.04,395.0,0
CUST_009705,Luis Vasquez,396549382,alexandersalazar@example.net,EJOU02841299875996,5278.79,521.0,0
CUST_009706,John Roberts,007-37-9161,pwalker@example.com,FJBK05168248905444,70341.47,463.0,0
CUST_009707,Harry Aguilar,298-28-0670,donaldmoreno@example.com,IMJG71092456388972,73858.59,590.0,0
CUST_009708,Karen Peterson,208-63-0794,melanie15@example.org,BAKM76878685835769,23462.06,693.0,0
CUST_009709,Alexander Hood,036-03-4902,,FPHE08713443113999,677.58,641.0,0
CUST_009710,Emily Rivera,808856553,petermurray@example.com,TQCV54158310142792,38588.48,313.0,0
CUST_009711,Michael Roach,756-69-6641,lancefisher@example.net,RDFS39975423373918,73714.93,777.0,0
CUST_009712,Robert Hill,593-33-7463,ywalters@example.org,AKCC35289246489454,2315.87,774.0,0
CUST_009713,Kristen Lewis,471-17-6642,andrewschneider@example.net,FZDG00013727104711,52004.75,531.0,0
CUST_009714,Andrea Garcia,311-56-6197,jwilson@example.net,DNZX75666564600233,49597.31,835.0,0
CUST_009715,Matthew Morton,612-93-1574,sierra30@example.com,ZIPZ80233323769587,51903.42,423.0,0
CUST_009716,Barbara Fitzgerald,607-25-4054,allisonjames@example.net,GJLK57785684267764,35145.21,838.0,1
CUST_009717,Jackie Roy,508-14-1866,,QLZO89406418001422,24404.28,735.0,0
CUST_009718,Dustin Duke,386-71-5526,nicole66@example.net,DYMH07996389607591,62127.46,449.0,0
CUST_009719,David Smith,273-18-1831,hernandezgreg@example.com,XHVU22440315533754,4482.06,645.0,1
CUST_009720,Meagan Hall,293274514,alexandercollier@example.net,DGBM54914001955646,70483.0,708.0,0
CUST_009721,Diana Brown,134-29-1916,igutierrez@example.net,CUXS43065564612670,41259.78,393.0,0
CUST_009722,Chad Lee,631-12-3798,vincentsmith@example.net,DAAT38667812717789,63225.58,801.0,0
CUST_009723,Sarah Garcia,592-28-1120,bentonkathleen@example.org,MYGD75356403961398,8313.29,558.0,0
CUST_009724,Theresa Joseph,863944458,curtis80@example.com,ZHYA48470198151343,49243.34,689.0,0
CUST_009725,Leslie Gomez,721-03-9055,robert82@example.net,NTCS10114145827193,58523.95,505.0,0
CUST_009726,Jessica Warner,029-50-7654,emilyglenn@example.org,VKDN61425554093012,14326.22,691.0,0
CUST_009727,Audrey Sims,741-56-9891,,GXNY43296671373948,67239.9,661.0,0
CUST_009728,John Stuart,856232932,millerbrenda@example.org,POTZ52456528227843,25746.95,449.0,0
CUST_009729,Melissa Tran,246534858,mferguson@example.net,SGGF68692558281709,16198.94,755.0,0
CUST_009730,Samantha Harris,080-62-3593,brucewhite@example.org,RTGR47773547599285,14826.77,418.0,1
CUST_009731,George Oliver,212-49-5369,anthony34@example.org,OCFH68364740231287,20258.8,705.0,0
CUST_009732,Melissa Davies,671-24-8926,austin45@example.org,HLGV01006490154262,67776.8,464.0,0
CUST_009733,Michael Taylor,089-74-1146,deanchristian@example.org,QLQF48865069968408,26449.84,,0
CUST_009734,Laura Franco,430491675,andrewsamber@example.net,JPIM35709391229022,64162.69,504.0,0
CUST_009735,Sean Torres,656-81-6857,martinezsteven@example.com,HLWJ25567752707003,72820.35,742.0,0
CUST_009736,Mark Hatfield,787-25-2022,,MMLL73167924565396,625.14,809.0,0
CUST_009737,Daniel Taylor,288262277,brittany22@example.net,OVHT19263723224870,35184.57,561.0,0
CUST_009738,Tonya Bray,698491290,davidmccoy@example.org,LEUH27567701698616,37749.2,828.0,0
CUST_009739,Kyle Taylor,519-29-2344,jesuspeterson@example.net,FDLH33474371293033,19156.81,425.0,0
CUST_009740,David Melendez,436-21-1402,harrellsarah@example.org,ZUJW06718356994511,51527.2,799.0,0
CUST_009741,Audrey Roberts,242-40-9183,nbaldwin@example.com,UWKC38447196111762,5866.06,371.0,0
CUST_009742,David Anderson,198107743,hollowaymartin@example.com,JPSQ09423360394047,45991.87,329.0,0
CUST_009743,Melanie Barr,367-73-2523,sara95@example.net,ENZD41897347624222,51807.08,843.0,1
CUST_009744,Phillip Edwards,640-18-4812,nprince@example.com,LYRQ43705978858472,32923.54,799.0,0
CUST_009745,Laura Davis,077903207,snowlydia@example.org,GYGA36008084200393,64553.36,623.0,0
CUST_009746,Virginia Hart,256-73-3729,christopher70@example.com,YKLI45466968592820,19695.23,554.0,0
CUST_009747,Melanie Rojas,004-36-6141,mosesjoseph@example.com,GDJL77044976023399,60749.38,396.0,0
CUST_009748,Jon Whitaker,753-27-4367,suarezrandy@example.net,HRAA60892322990532,19433.52,336.0,0
CUST_009749,James Gutierrez,790-21-7147,,DFTE72342461402554,49823.06,569.0,0
CUST_009750,Johnny Espinoza,100-60-2629,sarahtaylor@example.net,CVRB59618325786541,51732.69,826.0,0
CUST_009751,Alexander Stevens,028-14-4150,xphillips@example.org,THET45759510216555,13699.57,767.0,0
CUST_009752,Tyler Olson,778-62-0086,smithbrian@example.com,QOJW34729000606381,66036.61,,0
CUST_009753,Nicholas Turner,014-50-8619,strongelizabeth@example.com,IKUC18339870818752,40973.45,805.0,0
CUST_009754,Travis Patton,131-54-7478,xwillis@example.com,CMVH92927463942707,29442.63,677.0,1
CUST_009755,Tina Green,436016135,susanmartinez@example.org,LFAQ99546639657758,41148.28,606.0,0
CUST_009756,Bradley Black,864-34-9420,hernandezryan@example.org,RPXA35577190218710,13841.84,850.0,0
CUST_009757,Bradley Leonard,310-14-2806,kempashley@example.org,UTRD68763623992432,22359.08,585.0,1
CUST_009758,Francisco Lee,351-25-6824,piercenathan@example.org,KWLI63656502921984,52379.74,797.0,0
CUST_009759,Brandon Blevins,303-78-5263,ryanhernandez@example.org,RXYA10428396993565,67289.18,605.0,1
CUST_009760,Jessica Santana,408261201,qchambers@example.org,LZCJ54680576662410,68378.79,576.0,0
CUST_009761,Jessica Everett,626755674,joseph81@example.com,TMHJ39818361136504,7089.33,576.0,0
CUST_009762,Jimmy Smith,195-09-5468,crystalmccormick@example.com,SQPJ93363035258000,51644.8,354.0,0
CUST_009763,Thomas Ward,449-06-1008,kimberlycowan@example.net,OJJR42953446941825,61092.17,466.0,0
CUST_009764,Stephanie Cook,661-85-4478,fwashington@example.org,IRUG07207536591022,13135.61,319.0,0
CUST_009765,Matthew Jones,554-12-9245,awilliamson@example.net,FWWW90702416764534,60299.18,433.0,0
CUST_009766,Ruth Skinner,029-04-5044,denniswang@example.com,FLHG74026353993854,74485.14,304.0,0
CUST_009767,Todd Hanson,375-95-2293,cassandrariley@example.net,IJNU89545526830282,21046.87,703.0,0
CUST_009768,Tammy Fox,290-93-0256,jose65@example.net,ISMW12954358017328,59245.3,768.0,1
CUST_009769,Cody Dominguez,250-30-4361,juannielsen@example.com,CJEH85586869549099,39122.87,802.0,0
CUST_009770,Tammy Mcfarland,034378512,wrodriguez@example.net,SMWQ85379761239192,808.58,753.0,0
CUST_009771,Lisa Haney,090-04-3293,michaelzamora@example.org,SWGY30701157475530,46659.19,746.0,0
CUST_009772,Richard Luna,632-79-3453,simpsonemily@example.org,HPQU07593708064467,5089.38,,1
CUST_009773,Jennifer Becker,146-80-3332,tammyherrera@example.net,UXBN87778812499036,57890.58,536.0,1
CUST_009774,Christy Parker,303-77-2494,jennifer17@example.org,PZHN39409633621609,61854.35,310.0,0
CUST_009775,John Thompson,828992451,traviswalker@example.org,FLLS02688900064580,21544.47,773.0,0
CUST_009776,Neil Atkinson,028309172,martinjennifer@example.org,NRQN82039960778537,36454.7,726.0,0
CUST_009777,Thomas Schwartz,734-48-2996,ambersharp@example.org,OVWU95761126464359,62242.41,622.0,0
CUST_009778,Ryan Wallace,764-19-8355,aaron86@example.com,RUWG77775795416315,66210.19,350.0,0
CUST_009779,Sarah Gonzalez,220-20-1958,michael06@example.org,WEQX46419838942868,42639.76,466.0,0
CUST_009780,Francisco Simmons,861-36-7367,hperez@example.com,MIVR64754412995905,67178.26,672.0,0
CUST_009781,Jeffery Rogers,433713116,sbush@example.net,VSYI65543271441537,5502.13,812.0,0
CUST_009782,Joseph Ramirez,052-04-3946,christopher24@example.com,AIYS05640847745483,15154.82,662.0,1
CUST_009783,Chelsea Hines,664-85-5029,james81@example.org,VWKC26067072551832,35531.89,579.0,0
CUST_009784,Brent Brooks,434-33-3260,steeleronald@example.com,WJJL86401542409383,20663.95,732.0,0
CUST_009785,Jessica Mooney,419-72-2382,hermandavid@example.org,DRHL31349537284543,42913.86,395.0,0
CUST_009786,Tyler Moore,096168006,qbrennan@example.net,NQIH98728619602491,57212.78,585.0,1
CUST_009787,Anthony Jackson,813-69-4092,pclark@example.com,NEGQ65793451961331,7850.84,561.0,0
CUST_009788,Adriana Clark,086721541,allen63@example.net,OCMH83256785862523,53970.2,593.0,0
CUST_009789,Raymond Conrad,374884553,bhudson@example.net,OZDE71766670185097,732.33,826.0,0
CUST_009790,Zachary Kelley,404-22-6688,nichole91@example.com,BYHJ36041236685268,63130.48,402.0,0
CUST_009791,Katherine Weaver,205-27-5446,palmerryan@example.org,PXPQ74800506362285,57152.19,709.0,0
CUST_009792,Mr. Vincent Mack PhD,791342381,arnoldjose@example.com,BXFK55751244193803,16630.94,722.0,0
CUST_009793,Holly Irwin,650-01-9894,zoe63@example.net,BCNH52396662426436,23720.94,521.0,0
CUST_009794,Mark Reed,263-27-1184,camposkatherine@example.com,VSQG21066471833140,2209.11,639.0,0
CUST_009795,Jerome Moore,737878616,msmith@example.com,UBUR81391394008882,67667.89,681.0,0
CUST_009796,Rebecca Martin,330699021,robert56@example.com,PKGH99234833254149,54258.26,605.0,0
CUST_009797,Barbara Bright,053-76-4621,,BOED40022554047499,50662.92,640.0,0
CUST_009798,Joshua Ayala,645-98-6380,jeffrey50@example.com,FAWA28925442133149,10440.37,399.0,0
CUST_009799,Lisa Stewart,288-74-7835,bpatterson@example.net,DBNF53966043217844,68445.03,677.0,0
CUST_009800,Heather Hernandez,008-65-7244,paulwalter@example.org,VDPP66410341637543,32676.54,743.0,0
CUST_009801,Tamara Beck,886054881,austinsarah@example.org,QEDR38264656519998,2978.27,,0
CUST_009802,Peter Roberts,493-62-7193,jessicarussell@example.com,ZXPQ06259013290358,2839.36,554.0,0
CUST_009803,Anthony Cox,213-87-1727,vlozano@example.org,YANL81282415640116,65669.29,573.0,1
CUST_009804,Robert Herrera,740-17-0872,bporter@example.net,LXXE58704678920314,11282.57,372.0,0
CUST_009805,Haley Smith,819-63-1825,colefoster@example.com,IVGQ62516309729167,40679.21,364.0,0
CUST_009806,Nathan Bennett,743389952,greenkim@example.org,ZSUE36510847176321,41254.31,482.0,0
CUST_009807,Randy Bradford,891667050,yatesjerry@example.org,NRQL42199136999622,8719.68,513.0,0
CUST_009808,Caitlyn King,516-47-4623,huertalarry@example.net,LUFQ36818003003777,14909.88,633.0,0
CUST_009809,Amber Phillips,160-96-8290,veronicalarsen@example.org,QQUR05607336045359,14511.85,409.0,0
CUST_009810,Jennifer Hunter,875-96-5768,wdavis@example.net,RENK05398312244855,72754.45,489.0,0
CUST_009811,Miranda Reed,322-22-3009,melindapaul@example.com,TXMK86981053299532,28811.0,413.0,1
CUST_009812,Robin Kennedy,256-80-1888,bjohnson@example.org,SXPO16588590226719,5409.33,532.0,0
CUST_009813,Rebecca Dixon,456-47-6268,kenneth46@example.org,RULK01094952444389,-333.0,598.0,0
CUST_009814,Vanessa Smith,533-47-7957,rileybradley@example.com,JRJF68556110196508,73897.11,581.0,0
CUST_009815,Anthony Fox,118472326,,DLEL01390299923432,46240.56,735.0,1
CUST_009816,Timothy Moon DDS,301-49-0886,laura00@example.org,DONX91726241448941,14756.94,493.0,0
CUST_009817,Brian Ayers,045798662,rroberts@example.com,RHLL32582980953468,68091.97,581.0,0
CUST_009818,Jonathan Russell,061-05-3630,jennifer02@example.net,YAWF89137931187501,-257.31,658.0,0
CUST_009819,Victor Johnson,228-65-3310,ewilliams@example.org,XIAD27254613108744,38054.84,544.0,0
CUST_009820,Monica Rodriguez,086-25-1979,powelltravis@example.org,SATP71712037133263,60600.48,390.0,0
CUST_009821,Kristine Buck,395024894,,PISB25812491246300,36229.55,302.0,1
CUST_009822,Erik Guerra,092-50-3423,nancy14@example.net,KIKU06688707528178,55192.07,363.0,0
CUST_009823,William Flynn,853-48-5964,marycross@example.com,IALG31894418541215,39427.57,695.0,1
CUST_009824,Janice Paul,543-51-7116,martinjohnny@example.com,CVNB02847612476215,6885.63,518.0,0
CUST_009825,Jennifer Perry,734091589,jeffrey84@example.org,EYMK17953911911242,29437.76,509.0,0
CUST_009826,Ashley Perez,825-41-7241,danielvaldez@example.org,KTZD17000958741992,49979.81,485.0,0
CUST_009827,Steven Stark,103-16-8655,duncaneric@example.net,EANK88834894467539,59791.91,495.0,1
CUST_009828,David Charles,723-88-5293,brittneymoore@example.com,OFBW18333699160530,73916.24,824.0,0
CUST_009829,James Frazier,005-76-4692,diazjessica@example.com,ZPDW34250044746256,38097.8,659.0,1
CUST_009830,Barbara Webster,547-71-2516,walter60@example.org,NXIM58987572398604,537.28,355.0,0
CUST_009831,John Vaughan,652-50-9718,kaylaharvey@example.org,UCWM24487053064903,68534.79,693.0,0
CUST_009832,Melanie Wilson,251-35-1471,tinamartinez@example.org,TFDA79181231351689,73160.26,462.0,0
CUST_009833,Joshua Bell,482-51-3631,mrios@example.org,XUXZ65283607744252,20939.96,433.0,0
CUST_009834,Pamela Lewis,456-45-2381,lauren39@example.com,ZBZI15087224053796,23076.56,553.0,0
CUST_009835,Terry Brown,426-15-5254,jose24@example.net,LEMI39844914969590,46434.21,327.0,0
CUST_009836,Alexandria Christian,601-49-0980,tinahernandez@example.com,SNEW66085582999674,10644.85,412.0,0
CUST_009837,David Anderson,118-15-6231,kristijordan@example.com,TJUE12693366343097,37423.36,782.0,0
CUST_009838,Jessica Walker,038-89-9066,nguyentodd@example.net,KYEG66750913688921,50830.44,315.0,0
CUST_009839,Andrea Gardner,637-89-7021,christinarodriguez@example.org,WITE58154110463630,40457.86,816.0,1
CUST_009840,Amy Boyer,849-71-5531,xschneider@example.net,RLFO48107706098819,61884.9,618.0,1
CUST_009841,Ryan Hodges,409-56-5603,kimberlywells@example.com,ZQZP55347809067349,30624.62,629.0,1
CUST_009842,Brian Williams,002-84-9655,caseyemily@example.net,EXQT28855687616738,34275.76,427.0,0
CUST_009843,Erik Pierce,694-54-3632,blanchardtraci@example.org,QFUC28886089569470,8684.39,569.0,0
CUST_009844,Sean Dickerson,892-55-6061,kellysanchez@example.org,CVCU96300208682281,33129.41,464.0,0
CUST_009845,Matthew Gilbert,682-54-5394,michaelfoster@example.net,SJNJ03284841596566,22942.57,419.0,0
CUST_009846,Daniel Smith,144-60-8428,tle@example.com,YNRB02763778506348,72578.4,390.0,0
CUST_009847,Edward Osborn,725-72-9798,wburke@example.net,FODM67063912371659,26142.55,436.0,0
CUST_009848,Barbara Marshall,408868851,beckjulian@example.org,UQGV19847032075114,12380.99,752.0,1
CUST_009849,Robert Hart,124-58-4129,aaron37@example.com,HXAE91352082379058,26762.13,393.0,1
CUST_009850,Samuel Adkins,663-71-1080,bryantjared@example.net,HJSZ42204979784840,27629.24,465.0,0
CUST_009851,Jose Hubbard,083-60-9460,christinehull@example.com,XNFE21463850457054,56259.7,615.0,0
CUST_009852,Kenneth Patterson,686-37-3415,spearswayne@example.net,HNAK07394441130446,55647.65,700.0,0
CUST_009853,Robert Griffith,393-38-7310,johnsonshari@example.com,ARPQ22485642014930,1281.7,769.0,0
CUST_009854,Ashley Barker,080270598,julie72@example.com,ASWZ39772130510463,49021.32,466.0,0
CUST_009855,Charles Flores,788-15-3886,kathyreyes@example.org,TNGN82864715231164,71712.47,307.0,1
CUST_009856,John Snyder,875-31-7338,susan18@example.net,TSUQ40448463698410,8546.57,546.0,1
CUST_009857,John Stewart,778-03-0835,brookscynthia@example.org,IUYW92296400171824,73963.47,638.0,0
CUST_009858,Justin Richards,028-39-8546,garcialauren@example.com,CVEK70684710714476,32157.56,486.0,0
CUST_009859,Tracy Lowe DDS,300349767,joshuasmith@example.net,TYIZ53228166412869,37735.07,777.0,0
CUST_009860,Miranda Owens,452-65-0015,peggyibarra@example.com,TNLH54929670963952,69158.23,825.0,0
CUST_009861,Lisa Smith,359-93-0047,michaelmorales@example.com,UQVW18598978672255,63602.71,459.0,0
CUST_009862,Scott Floyd,582-37-8225,xbraun@example.org,YXTD15255351253092,43689.11,590.0,0
CUST_009863,John Watkins,261-57-2061,bridgesmorgan@example.net,BSWC83751621137662,9771.97,338.0,0
CUST_009864,David Richmond,402-03-3026,robertsharp@example.net,JPCZ95525217365487,69969.44,413.0,0
CUST_009865,Christina Foley,636-12-0056,carlsonmary@example.org,WWHU66656734144863,29861.06,544.0,0
CUST_009866,Ryan Green,617-14-8209,stewartpaul@example.net,WFAT94311606380521,1659.37,738.0,0
CUST_009867,Adam Williamson,536-58-4407,petersendonald@example.com,TMAM65076932684736,32752.81,662.0,1
CUST_009868,Victor Nash,021408389,joseph86@example.org,GSYA38646467670040,13763.63,683.0,0
CUST_009869,Gabriela Mckinney,228-36-4725,kelseylloyd@example.org,KPQU89175220797858,65608.1,733.0,0
CUST_009870,Lori Rodriguez,678419074,davidcampbell@example.net,QJZO52433038678371,27921.05,808.0,0
CUST_009871,Dennis Johnson,602012873,todd45@example.net,JSKL95666655849286,30743.3,549.0,1
CUST_009872,Michael Beltran,887-85-2195,leah82@example.net,GCTR73224846062938,28641.46,823.0,0
CUST_009873,Tina Lewis,547-19-0957,lmorales@example.org,IVJK90468189992015,18967.25,320.0,0
CUST_009874,Michael Williams,325-62-1606,sbrown@example.net,AZAN32901116182681,30195.29,633.0,0
CUST_009875,Laura Erickson,227-82-0698,brianfarmer@example.org,ANQN07819276083968,8797.8,460.0,0
CUST_009876,Dana Ellis,707-33-0133,xhuynh@example.net,SIFO33617061600091,21705.67,300.0,0
CUST_009877,Cynthia Reid,863741722,matthew33@example.com,REUL32702253262498,60219.46,761.0,0
CUST_009878,Jessica Phillips,660647135,,HCZE07435625477514,43913.64,755.0,0
CUST_009879,Olivia Hayes,234-01-3756,amanda37@example.net,KDND66561301206644,35493.95,737.0,0
CUST_009880,Jesse Martinez,599-84-1438,steven59@example.com,QLUF91310669299954,51757.75,373.0,0
CUST_009881,Barbara Perez,716537117,adamsvalerie@example.com,CMVN03141303797070,31060.21,399.0,0
CUST_009882,Chad Garrison,248-42-5583,elliskenneth@example.net,TMLZ62323754158015,65928.14,330.0,0
CUST_009883,Nathaniel Barrett,575587129,stevenjackson@example.com,SXXH83437701062908,13430.14,416.0,0
CUST_009884,Brian Wilson,312-43-1372,wallaceruben@example.net,UHXC23952968822002,38303.37,533.0,0
CUST_009885,Connor Stewart,330-08-9519,dylan07@example.net,JPDC77171021122811,46348.45,426.0,0
CUST_009886,Phyllis Knight,719-77-2152,denise27@example.org,GFAQ02465368865344,14985.14,635.0,0
CUST_009887,Matthew Garcia,588-82-9307,xknight@example.com,QYBE21487666712996,1701.08,791.0,0
CUST_009888,Susan Smith,753-66-0680,adkinsdebra@example.org,JNJG53555962998324,71403.57,692.0,0
CUST_009889,Christopher Robinson,306885292,jose48@example.org,NGBM71325049931416,4145.93,310.0,0
CUST_009890,Jake Perry,104-14-3941,thomasmary@example.net,NFQA15532428128429,31193.14,328.0,0
CUST_009891,William Moore,879-64-4307,susan88@example.net,YRFL97834690871080,20299.9,399.0,0
CUST_009892,Dr. Lucas Rodriguez,096-02-3601,landryrobert@example.org,NADG59461516661857,20142.96,828.0,1
CUST_009893,Jonathon Bean,016-42-3919,richard45@example.org,UXLK40217962828701,7144.87,494.0,0
CUST_009894,Christie Smith,489-58-7038,brandydelgado@example.com,IXKR19490506759796,50050.93,460.0,0
CUST_009895,Andrea Atkins,745-37-9931,tracey54@example.com,ENQI08588594610858,19168.49,600.0,0
CUST_009896,Nicholas Choi,601-53-5855,ecallahan@example.org,AFQB84736161888147,40961.91,436.0,0
CUST_009897,Dan Werner,249-67-6474,maxramirez@example.com,WEEP53009519522526,70936.75,478.0,0
CUST_009898,Eric Maldonado,158-52-8579,melissa69@example.org,FEPC35960598216540,71259.05,719.0,0
CUST_009899,Emma Riley,392-57-2065,gina11@example.org,IMZO41714180605352,30399.56,574.0,0
CUST_009900,Denise Thompson,858-78-7024,alexandersmith@example.org,YVXK63277665751508,3398.73,520.0,0
CUST_009901,Robert Wilcox,225-04-2240,sydneyhenderson@example.net,DCRN40622564242371,31885.93,406.0,0
CUST_009902,Melissa Gardner,224-56-0220,,PPIH55508009200488,18886.26,561.0,0
CUST_009903,Jason Moreno,246-08-5829,parkstina@example.org,NHHW45965508999111,24330.44,814.0,0
CUST_009904,Nicole Wallace,870-55-6315,hollymartin@example.net,DHPF96788873825783,12232.05,539.0,0
CUST_009905,Nicole Moore,034-07-3445,kristen96@example.net,JAZL07978325779261,58717.6,695.0,0
CUST_009906,Jesus Knight,812-30-3172,heidi86@example.org,CDIS75474586533797,69752.34,732.0,0
CUST_009907,Joshua Hensley,447-25-2085,trujillokristi@example.net,JUXI63366848161239,30348.4,368.0,0
CUST_009908,Bradley Moore,867588895,harrisonnoah@example.net,JMPG14911292541562,44836.84,399.0,0
CUST_009909,Diane Little,073-52-6919,christina15@example.net,LLUR97127098213077,7866.26,591.0,0
CUST_009910,Steven Mora,646-80-0723,milleramy@example.net,VJMZ98445803453805,58947.95,561.0,0
CUST_009911,Wanda Little,504-96-8869,jacob86@example.org,YXLN03873664168958,9627.91,715.0,0
CUST_009912,Regina Matthews,101-51-2043,nicole64@example.org,KSES19007963602153,41994.69,,0
CUST_009913,Adrienne Jenkins,603-50-0051,jonathanburgess@example.org,VZBN45511886218078,54346.43,435.0,0
CUST_009914,Scott Hunt,029-83-7319,mlucas@example.com,CQPP63157702612799,4849.6,649.0,0
CUST_009915,Beverly Richardson,588-18-4765,william64@example.net,OUFH09733013434382,64924.14,300.0,0
CUST_009916,Alec Mendoza,170-20-6426,wandawiggins@example.org,DXEK63883968592618,73027.25,782.0,0
CUST_009917,Christine Owens,698-62-9787,banksrobert@example.net,CCQO85645502812144,34067.79,755.0,0
CUST_009918,Ryan Paul,266-80-5508,allendavid@example.org,TXLJ61236054257490,31935.96,494.0,0
CUST_009919,Elizabeth Morgan,744721463,christine69@example.com,GIKI64201309104940,39990.07,373.0,0
CUST_009920,Randall Reed,276-65-1364,john53@example.com,QAXK92803264921601,30922.33,373.0,0
CUST_009921,Annette Bradford,747-42-5291,oobrien@example.net,YAPJ70573324916809,71785.9,762.0,0
CUST_009922,Scott Howard,247-05-1759,pereztravis@example.org,SAKC37309626532339,23586.47,497.0,0
CUST_009923,Olivia Calhoun,361-66-1820,dcross@example.com,ICQV27153169081835,16056.02,638.0,1
CUST_009924,Kevin Gonzalez,238-01-7251,,ILJM22110586303853,4635.87,,0
CUST_009925,Emily Brennan,307-12-7860,kara18@example.org,LMKY13408106938764,61417.28,784.0,0
CUST_009926,Ivan Young,860-35-0779,maria53@example.org,SEMX87123136453466,70189.79,834.0,0
CUST_009927,Roger Michael,867226294,probinson@example.net,EGGM55477119290222,6767.42,348.0,0
CUST_009928,Barbara Sullivan,214-05-1138,bakerjustin@example.net,KPEG89458027464002,49791.86,672.0,1
CUST_009929,Erin Donaldson,012-78-3750,rholmes@example.org,OCRG32738077379779,74555.01,346.0,0
CUST_009930,Christy Stafford,083-60-2395,caitlin75@example.com,LKWD52317602050327,30174.81,716.0,0
CUST_009931,Jeffery Ortiz,531978307,walkerrobin@example.com,DNYE70141338564771,43861.51,691.0,0
CUST_009932,Mr. William Perez MD,192550392,elliotthunter@example.org,AEWG23137944089518,40861.42,780.0,0
CUST_009933,Brian Martin,316-18-0403,matthewdunlap@example.org,MSGZ29024326056680,41012.72,669.0,0
CUST_009934,James Stone,249-52-1593,craigstuart@example.org,SKAW32243866301369,55380.7,746.0,0
CUST_009935,Erica Combs,766-92-2684,hhunter@example.net,GRBG66380978693878,57507.68,485.0,0
CUST_009936,Sarah Lucas,292-85-4030,anthonysloan@example.org,WMRQ13203049695070,48856.17,571.0,0
CUST_009937,Elizabeth Quinn,537-02-2053,okennedy@example.com,SRAM02253905004588,29256.87,303.0,0
CUST_009938,Alison Smith,696-03-0938,hilltyler@example.org,EIVF50176335045518,37717.19,639.0,1
CUST_009939,Mark Jordan,873-33-6008,kanemichael@example.org,QNFH92859916644432,73792.73,372.0,0
CUST_009940,April Mccarthy,763-72-6162,jlambert@example.net,SWUA82734677149013,54899.17,584.0,0
CUST_009941,Andrea Martinez,258-18-0855,danderson@example.net,UUYW76087682293796,22123.56,844.0,0
CUST_009942,Adam Guerra,266-19-5379,,OQVK41612211787896,20882.67,724.0,0
CUST_009943,Jeremy Baker,084258448,cameronfreeman@example.com,RMJW79841571007353,56712.2,598.0,1
CUST_009944,Grace Smith,417998157,zho@example.com,RVIX34602062059636,54220.38,695.0,0
CUST_009945,Judy Wilson,510-49-6988,,QBFV98125195184343,4211.39,524.0,0
CUST_009946,Amy Johnson,154-51-8814,dbenson@example.org,HLCJ49109731007619,19564.97,428.0,0
CUST_009947,Ashley Liu,041-26-5538,david75@example.org,LCEM00795237154952,50314.2,321.0,0
CUST_009948,Albert Wilcox,487-14-1974,bellsandra@example.net,KXID19826056877174,39919.54,633.0,0
CUST_009949,Jason Johnson,329-73-7878,wbryan@example.com,PEPP69871546818803,49832.12,399.0,0
CUST_009950,Mark Woodard,824-24-8088,lisaperez@example.com,OGMG23240341290396,32639.8,444.0,0
CUST_009951,Kevin Reeves,861-80-8658,markgross@example.com,FJIL56123829186619,72099.16,755.0,0
CUST_009952,Derek Castillo,264-16-1981,christine21@example.com,ACYK21441417505763,58001.57,700.0,1
CUST_009953,William Jones,096938597,hollandjason@example.net,QFYE63360173048595,38916.1,746.0,1
CUST_009954,Rhonda Ramos,498-74-5592,wardbrent@example.com,FBCE30804507342573,39456.06,630.0,0
CUST_009955,Sarah Galvan,369-80-4282,jacobchan@example.org,CCEX66633790356851,25936.25,747.0,1
CUST_009956,Terry Martinez,603-79-3641,alvaradoanne@example.org,DUHJ59838260923833,10295.16,366.0,0
CUST_009957,William Bonilla,270-95-7855,kristina82@example.org,OLVD19424389643628,35975.49,825.0,0
CUST_009958,Elizabeth Patel,387-69-6791,,XIMO50473320609242,64285.68,785.0,0
CUST_009959,Robert Kline,809337142,lcannon@example.org,SZSB78360060310591,40366.32,622.0,1
CUST_009960,Kevin Camacho,893-13-0345,courtneyneal@example.org,WMKX08126114799664,24123.99,393.0,0
CUST_009961,Patricia Williams,839-74-6644,qcarter@example.com,QQYF17843054380015,6299.42,318.0,0
CUST_009962,Gabriel Myers,461894074,angelayoung@example.com,EEKP37903540922296,28486.62,447.0,1
CUST_009963,Katherine Cruz,594-65-2745,lambertmary@example.org,GWSR70684342941666,24649.47,545.0,0
CUST_009964,Christopher Washington,176-82-5261,sdaniels@example.org,XWNO54744813110317,37222.36,689.0,0
CUST_009965,Paige Quinn MD,257-22-7150,christopher56@example.net,FQSF82003111661048,6472.5,365.0,0
CUST_009966,Jackie Morales,568-71-5037,jessica44@example.org,LYYJ52730067563668,42737.85,819.0,0
CUST_009967,Seth Smith,721-20-3053,wilsonbarbara@example.net,ECIO30654384627671,53532.18,741.0,0
CUST_009968,Adam Buchanan,144-96-5032,fstein@example.org,GFDB74853700489609,22069.92,317.0,0
CUST_009969,Tanya Ortiz,556-67-7220,joshuarice@example.net,BRXC35630885053373,65550.23,532.0,0
CUST_009970,Megan Brock,147-62-5743,christina70@example.com,IZNH88387361390140,5147.68,647.0,0
CUST_009971,Joanne James,890-80-1830,brittany82@example.org,PHGB87335292140454,28733.17,399.0,1
CUST_009972,Timothy Hudson,134035369,irwinchristy@example.net,ACVE74022975888423,9347.64,364.0,0
CUST_009973,Gabrielle Contreras,742390980,michael40@example.org,XBQE95432610925860,48760.68,545.0,0
CUST_009974,Susan Murray,800-74-2654,clinelaurie@example.org,MFDH44622006951601,51056.79,339.0,0
CUST_009975,Roger Griffith,243-68-2888,jameshughes@example.com,BTTJ59127630885029,43998.49,667.0,1
CUST_009976,Ryan Krause,041-95-8784,,ZLAF56072748797387,32392.69,603.0,0
CUST_009977,Natalie Morrison,806-67-1201,kristy73@example.net,FZUP73207480334759,9911.41,790.0,0
CUST_009978,Erin Stevens,596583594,james20@example.net,QLAP10923515668989,-30.23,807.0,0
CUST_009979,Susan Payne,427-68-7749,ebonyfischer@example.org,TFTR15148170771505,17365.97,323.0,1
CUST_009980,Brandon Krueger,534-62-3394,xrice@example.org,ZXPZ64760866591542,23610.22,459.0,0
CUST_009981,Elijah Villarreal,337-94-1223,gomezmeghan@example.net,OIAZ66108604824660,64878.67,561.0,0
CUST_009982,Tyler Parrish,669508908,rhondaflowers@example.com,BOWN31565880738634,4867.4,393.0,1
CUST_009983,Stacey Hooper,234-05-8141,leonardrichard@example.net,FLYR68423708252986,66014.23,840.0,0
CUST_009984,Michael Jones,166-22-2867,tlucas@example.org,HERP81568709960955,69543.5,518.0,0
CUST_009985,Joseph Miller MD,267937350,nguyenandrew@example.net,XJGK97363782012013,16659.55,379.0,0
CUST_009986,Christopher Nolan,800863616,robert07@example.com,SLVD50953115018919,15100.95,730.0,0
CUST_009987,John Perez,559-14-7536,brittney97@example.org,XJHF80425016922859,71325.36,516.0,0
CUST_009988,Justin Fitzgerald,667-51-3882,christopher12@example.net,UBOJ03156206050521,10963.55,,0
CUST_009989,Sheena Fischer,855-26-0897,elliottdavid@example.net,ETUD08669312435938,15811.11,350.0,0
CUST_009990,Donald Vasquez,384-74-8396,harrismatthew@example.net,TMOM15469263082862,3026.52,364.0,0
CUST_009991,Brenda Johnson,067-67-0115,,XQRA39353952631988,45356.3,,0
CUST_009992,Carla Porter,073-45-8991,hilltimothy@example.org,JGIX55673502085021,67715.5,456.0,0
CUST_009993,Karen Dean,830-71-2698,reynoldsamanda@example.com,MLYC16898613696610,47505.53,422.0,0
CUST_009994,Jeremy Hoffman,567-94-6831,marshallderrick@example.org,CLFV91109625636395,60473.46,831.0,0
CUST_009995,Melissa Porter,134-69-6740,sdavis@example.net,GUGU24378828288761,37664.41,308.0,0
CUST_009996,Rebecca Thompson,113-90-2013,luke94@example.org,REDF66174574438329,49253.85,746.0,0
CUST_009997,Gerald Hall,614-21-3432,romerojessica@example.com,PQMH44510097965591,12968.42,590.0,0
CUST_009998,Sarah Rogers,639-86-1159,robin22@example.net,GBMW59098720188756,70093.93,842.0,0
CUST_009999,Matthew Adkins,262-10-8294,kaufmanmichael@example.net,ITTM37922772450480,1633.23,490.0,0
CUST_010000,Shaun Reyes,259946044,cthompson@example.org,NGXK22429002428883,60467.62,681.0,0
CUST_006253,Steven Zamora,302-38-7744,hhayes@example.org,WFDM05179817413565,69629.29,733.0,0
CUST_004685,Willie Ware,551-43-7739,samuelortiz@example.com,FXMZ39833504936777,66553.22,532.0,0
CUST_001732,Mr. Ricky Evans MD,808-13-6270,woodangela@example.org,FFJM40694861754182,45336.2,837.0,0
CUST_004743,Christina Phillips,430250554,wardmary@example.net,DXXX43393143439838,18420.94,,0
CUST_004522,Daniel Edwards,698-65-1324,ilee@example.com,MPPJ87110577308582,37873.34,848.0,0
CUST_006341,Rebecca Thompson,806-08-1124,ystephens@example.com,TJRF24484301256000,74017.74,835.0,0
CUST_000577,Isaac Kelly,084-53-5630,vasquezamy@example.net,UJKS90802711221823,7147.43,562.0,0
CUST_005203,Christian Marquez,407-76-9639,cantrellkathleen@example.com,ZKYB09182561282955,21947.79,594.0,0
CUST_006364,Ashley Miller,593645626,abigail36@example.org,MIGU79447533981713,72795.74,624.0,0
CUST_000440,Phillip Turner,404-09-7926,mestes@example.net,AFLQ83586812259572,44012.83,693.0,0
CUST_002751,Mr. James Willis DVM,854-37-4452,,LISY68472760412817,52122.81,690.0,1
CUST_007488,Aaron Miller,768-48-9994,mariah30@example.org,QFHN68821947165522,66985.41,521.0,1
CUST_005273,Richard Sanders,272-02-0750,powersbenjamin@example.com,QPTY85021109099392,30512.12,509.0,0
CUST_005654,Rebecca Galloway,528-33-5014,stephaniepowell@example.org,FWTA84291348250406,42450.55,695.0,0
CUST_004000,Shane Gutierrez,837218340,smithmichael@example.org,SRHY84248120089541,70721.05,484.0,0
CUST_006034,Tony Wilson,171-31-3908,xallen@example.net,SDME33441825534633,68424.71,448.0,0
CUST_000583,Tara Thompson,116123848,lkane@example.net,GNXL14604014247310,12091.79,435.0,0
CUST_009931,Jeffery Ortiz,531978307,walkerrobin@example.com,DNYE70141338564771,43861.51,691.0,0
CUST_007052,Brenda Johnson,076-35-5754,ssmith@example.com,QGZP45245357167019,58553.9,818.0,0
CUST_008159,Nicholas Hall,609-72-9991,watkinssandra@example.net,OMAS87733742541898,1071.91,823.0,0
CUST_009897,Dan Werner,249-67-6474,maxramirez@example.com,WEEP53009519522526,70936.75,478.0,0
CUST_002250,Jennifer Brown,413668698,steven60@example.org,DACJ78247599117390,9465.92,324.0,0
CUST_004641,Oscar White,559-32-1092,lisaallen@example.net,UJKP57158770069351,39341.81,451.0,1
CUST_009486,Martin Larsen,025773250,wiserobin@example.org,YMCB45796885788930,31241.21,812.0,1
CUST_004948,Kelly Francis,713-39-0473,,XTZL96089538772242,39485.29,,0
CUST_009921,Annette Bradford,747-42-5291,oobrien@example.net,YAPJ70573324916809,71785.9,762.0,0
CUST_001964,Jason Combs,414-21-1065,elewis@example.org,IVFP24771157873781,28941.04,308.0,0
CUST_008244,Angelica Robles,478-20-5693,gayjuan@example.com,VTTV52433267570340,39709.2,455.0,1
CUST_006591,Jessica Graham,160-45-6315,shermanjeremy@example.com,ANTO42349989235266,65447.15,497.0,0
CUST_008848,Donna Guerrero,449100603,michelediaz@example.com,RKUX99781514077406,33370.4,497.0,0
CUST_000322,Erica Clark,614-43-0261,deborahsmith@example.com,JCMW12846398554743,50865.81,383.0,0
CUST_002679,Dennis Mercer,467-56-4439,robertoturner@example.net,PUDN40226123494572,53130.05,,0
CUST_004626,Daniel Hancock,575231663,turnermartha@example.org,NCDR57779512417984,63351.44,628.0,0
CUST_004950,Pamela Mendoza,400-85-1962,michael59@example.org,QDHA91845143091286,3021.56,551.0,0
CUST_008329,Chad Rose,348-21-1972,twilliams@example.net,MEPB11785191800560,56007.23,794.0,0
CUST_003338,Francis Robinson,086610386,trevorstein@example.org,XILW74129860377905,57138.09,660.0,0
CUST_005590,Mrs. Nancy Lewis,413-71-7576,wendy28@example.com,WSZP66824985033714,4831.03,672.0,0
CUST_000252,Michael Nguyen,798155344,coreyrojas@example.org,BDXB82207811379956,68326.35,745.0,0
CUST_003974,Brandi Pittman,660-91-6161,matthewmay@example.org,EKQL77029807195605,70068.01,786.0,0
CUST_006631,Stacy Petersen,368-79-1627,joshuamalone@example.org,QGZA09276781465622,719.68,305.0,0
CUST_005548,Caroline Campbell,869-64-4304,gabrieljennings@example.org,OFYR87822832197666,65171.36,593.0,0
CUST_000036,Sarah Morgan,807-65-4378,campbellkenneth@example.net,JQWI67737826398214,3926.97,688.0,0
CUST_008363,Amy Chang,133-69-5344,oliviakrause@example.net,MCGU24054868317076,44209.86,399.0,0
CUST_001514,Gary Frederick,495600658,nicolewade@example.net,OONC95249601709217,45040.86,643.0,0
CUST_009318,Heidi Ward,405-34-2529,dmcgrath@example.net,RADC38177315510001,24094.25,784.0,0
CUST_000040,Adam Ballard,295878956,charleslandry@example.net,SVZF22196937923747,17257.89,422.0,1
CUST_004820,Kevin Walters,322-70-8801,erios@example.com,EKCB31670861890787,16600.5,575.0,0
CUST_003466,Francisco Baker,576-47-3660,sanchezronald@example.com,ACWQ97239858798066,63405.46,720.0,0
CUST_001761,Dawn Banks,758-54-3060,fbarry@example.org,HRNV88339238986225,47404.54,308.0,0
CUST_002305,Hannah Grant,105-17-4546,katherine77@example.net,MPLW24420315799706,55452.67,595.0,0
CUST_003724,Megan Lopez,510-95-5111,brookeleon@example.org,CIKV03315235253220,68580.95,537.0,0
CUST_008285,Victor Patterson,813-66-1110,micheal35@example.net,XUNO26346866355354,5816.09,589.0,0
CUST_004994,Carla Valentine,593-56-9623,omiller@example.net,FMBB34292861492917,49520.45,676.0,0
CUST_008128,Donald Delgado,137-59-8666,jim16@example.org,RNRA27504387275317,65204.18,687.0,0
CUST_003033,Erika Gordon,163-18-1402,hgibbs@example.com,ANNB57965273983112,41080.12,349.0,1
CUST_007939,Joshua Brown,897-24-2390,alanmorris@example.net,XCLB51076743933183,28548.36,634.0,0
CUST_003040,Susan Wilson,379567613,udalton@example.org,VDQO00749890061802,34669.12,492.0,1
CUST_009656,Robin Garrett,687-62-7899,kyle67@example.org,YYSQ73334010512713,1952.15,518.0,0
CUST_002546,Victor Atkinson MD,268465513,james23@example.org,JUSG09666349166055,20583.15,600.0,0
CUST_002593,Craig Page,623-96-3127,ashleymartin@example.com,XMXF86338975470112,14306.1,661.0,0
CUST_001189,Scott Stevenson,688-76-3002,greg78@example.net,XWXB67549393439690,8389.54,612.0,1
CUST_007967,Donald Morris,703-09-6675,brandi66@example.com,QJGQ08934399978401,45637.08,421.0,0
CUST_006078,Debra Butler,760-21-9325,ojordan@example.com,VHVN72631732744971,10860.42,708.0,0
CUST_000108,Jenny Tucker,551892839,tracytaylor@example.com,TSCV25134125286692,41278.6,429.0,0
CUST_001316,Robert Johnson,618599949,rmcintyre@example.net,JAKG27396885934288,66352.23,720.0,0
CUST_008188,Holly Gomez,036457989,adamsoscar@example.net,QLUP56794489437337,6046.03,669.0,0
CUST_002754,Michael Henderson,770559863,amberbaker@example.org,YUYW48246411880346,38357.42,566.0,0
CUST_009754,Travis Patton,131-54-7478,xwillis@example.com,CMVH92927463942707,29442.63,677.0,1
CUST_006232,Frank Fernandez,828-90-1987,vblack@example.net,HZAC95250836625733,35445.0,494.0,0
CUST_002877,Christopher Hawkins,887759950,osaunders@example.net,ECOY38101897332471,25631.17,549.0,1
CUST_005324,Rachel Graham,725-32-8751,tcrosby@example.com,KXBD61966999870629,7441.18,643.0,0
CUST_000800,Clayton Russell,672-14-0307,jesse79@example.com,CCHR85034236220334,3507.94,308.0,0
CUST_003571,Tabitha Rice,261-54-9783,yayala@example.com,PZRZ53733502067238,17373.11,727.0,0
CUST_002895,Mathew Flores,193-41-7433,michaelthompson@example.org,NDOD68138358178105,31140.56,483.0,0
CUST_002928,David Lane,331827808,dominguezjeffrey@example.org,IQAD05118426410220,45141.14,471.0,0
CUST_008179,Kimberly Lopez,662-88-5037,pattersonmarvin@example.org,OHAF10682399102279,49165.15,649.0,0
CUST_000972,Jessica Jackson,632-33-4429,debrastokes@example.org,YWPJ80957394059802,56343.04,512.0,0
CUST_006688,Dr. Jessica Martin,250-48-7096,joshua24@example.net,EHDE58255689534814,4095.85,627.0,1
CUST_008576,Chris Fisher,537-59-5094,debracollins@example.net,WGEM06708372560056,48205.08,730.0,1
CUST_002021,Ana Gonzales MD,690-81-1057,zhall@example.org,QXGH27104535135634,20327.86,557.0,0
CUST_009055,Michael Thompson,715-80-9239,jonesjason@example.net,XBGV71871909929155,26380.86,446.0,0
CUST_000953,Robert Stewart,056-45-8628,xarmstrong@example.org,MAEG51585015301731,26996.58,514.0,0
CUST_005360,Amy Castillo,769-61-8861,mwilliams@example.net,FFDU36119980041499,22117.4,678.0,0
CUST_003858,John Ramirez,124-57-7121,edillon@example.org,AYMO28252442331132,68207.53,637.0,0
CUST_005862,Stacey Lopez,764-93-4699,bishopangela@example.com,ETHQ67395284159968,56305.99,615.0,0
CUST_003146,Melissa Miller,644602633,sarahwerner@example.com,GXTF20781050898940,67630.21,710.0,0
CUST_003306,Michael Day,805-33-0344,vjohnson@example.com,RRWT83311989683540,22399.76,794.0,1
CUST_003007,Karen Carter,238-51-1751,phenson@example.org,RGJS42835270607714,33310.87,760.0,1
CUST_009002,Felicia Scott,640-73-4963,xprice@example.net,SOUP22193684864505,11298.56,792.0,0
CUST_007771,Rebecca Sanchez,284-01-4399,bernard67@example.com,BHJU68459066158269,22295.59,768.0,0
CUST_007439,William Duarte,584804497,vyoung@example.net,YPEM28630966194784,18748.08,478.0,0
CUST_007943,Carrie Crawford,143587781,scott40@example.com,ATBB86897375421382,36062.81,677.0,0
CUST_009239,Cynthia Sherman,835-65-0555,lgarcia@example.net,KREN81966701664308,1238.33,348.0,0
CUST_001057,Andrea Ramos,117-94-0059,melissa80@example.org,XGHK63693010009089,43893.19,624.0,0
CUST_003155,Kenneth Duncan,756-25-2397,johnstonkatrina@example.com,DEOI81626985205660,6401.05,369.0,1
CUST_003788,Sheila Norton,685-19-8311,myerswhitney@example.org,UFJU34701492791026,57184.31,699.0,1
CUST_009190,Yvonne Collins,028-12-4029,,PURS74126283857943,6344.19,616.0,0
CUST_007826,Anna Hubbard,169-19-3027,vincentorr@example.com,QPKE78717104963817,17438.46,400.0,0
CUST_007540,Kenneth Thompson,768-58-6077,jonathonmartin@example.net,LRQK73341396316737,35620.91,785.0,0
CUST_007232,Jennifer Weber,433-91-4754,stewartheather@example.com,DIQP74286581298381,42778.54,683.0,0
